model,year,price,transmission,mileage,fuelType,tax,mpg,engineSize
 5 Series,2014,14560,Automatic,67068,Diesel,125,57.6,2.0
 6 Series,2018,35100,Automatic,14827,Petrol,145,42.8,2.0
 5 Series,2016,20800,Automatic,62794,Diesel,160,51.4,3.0
 1 Series,2017,16575,Automatic,26676,Diesel,145,72.4,1.5
 7 Series,2014,18850,Automatic,39554,Diesel,160,50.4,3.0
 5 Series,2016,19370,Automatic,35309,Diesel,125,60.1,2.0
 5 Series,2017,20800,Automatic,38538,Diesel,125,60.1,2.0
 2 Series,2018,21125,Manual,10401,Petrol,145,52.3,1.5
 4 Series,2017,18525,Manual,42668,Diesel,30,62.8,2.0
 5 Series,2016,18525,Automatic,36099,Diesel,20,68.9,2.0
 X3,2017,20150,Manual,74907,Diesel,145,52.3,2.0
 1 Series,2017,15340,Manual,29840,Diesel,20,68.9,2.0
 X3,2016,20150,Automatic,77823,Diesel,125,54.3,2.0
 2 Series,2015,13650,Manual,31469,Diesel,20,68.9,2.0
 X3,2017,28600,Automatic,19057,Diesel,145,54.3,2.0
 3 Series,2017,21450,Manual,16570,Diesel,125,58.9,2.0
 3 Series,2017,18525,Automatic,55594,Other,135,148.7,2.0
 3 Series,2017,20800,Automatic,45456,Diesel,30,64.2,2.0
 1 Series,2017,20150,Automatic,22812,Diesel,20,68.9,1.5
 4 Series,2014,18200,Automatic,47348,Diesel,125,60.1,2.0
 1 Series,2015,12610,Automatic,75124,Diesel,20,70.6,2.0
 3 Series,2015,16380,Automatic,78957,Diesel,30,62.8,2.0
 3 Series,2016,19630,Automatic,29213,Diesel,30,64.2,2.0
 1 Series,2016,12220,Manual,44498,Diesel,0,83.1,1.5
 1 Series,2016,18590,Automatic,22461,Diesel,20,67.3,2.0
 1 Series,2016,14560,Manual,23005,Petrol,125,53.3,1.5
 3 Series,2019,23140,Automatic,22310,Diesel,145,64.2,2.0
 3 Series,2016,18720,Automatic,51994,Diesel,30,62.8,2.0
 X5,2016,25675,Automatic,96213,Diesel,165,52.3,2.0
 X3,2015,22620,Automatic,50316,Diesel,200,47.9,3.0
 4 Series,2017,21840,Automatic,44011,Diesel,150,65.7,2.0
 X4,2017,29900,Automatic,34960,Diesel,150,54.3,2.0
 i3,2016,22230,Automatic,25269,Other,0,470.8,0.6
 1 Series,2017,26650,Automatic,24029,Petrol,145,39.8,3.0
 1 Series,2017,15470,Manual,22920,Petrol,145,53.3,1.5
 2 Series,2017,16900,Automatic,61818,Other,0,141.2,1.5
 3 Series,2015,14950,Manual,59634,Diesel,125,61.4,2.0
 1 Series,2016,17550,Manual,29226,Diesel,30,62.8,2.0
 X1,2017,24570,Automatic,33514,Diesel,145,60.1,2.0
 1 Series,2018,18980,Automatic,6522,Petrol,145,37.2,1.5
 3 Series,2016,20540,Manual,11231,Petrol,145,47.9,2.0
 1 Series,2016,14820,Manual,21591,Petrol,125,53.3,1.5
 X3,2013,15600,Automatic,79972,Diesel,200,47.1,3.0
 1 Series,2018,22750,Automatic,14037,Petrol,145,54.3,1.5
 5 Series,2017,30550,Automatic,25034,Diesel,200,47.9,3.0
 X1,2016,21710,Automatic,44478,Diesel,125,60.1,2.0
 X3,2017,23400,Automatic,74852,Diesel,150,47.1,3.0
 4 Series,2016,20150,Automatic,45856,Diesel,30,65.7,2.0
 1 Series,2016,11960,Manual,48858,Diesel,0,83.1,1.5
 1 Series,2017,14560,Manual,40399,Diesel,145,68.9,2.0
 1 Series,2016,17160,Manual,17393,Diesel,30,65.7,2.0
 5 Series,2014,14300,Automatic,84816,Diesel,30,62.8,2.0
 3 Series,2017,24050,Automatic,27139,Diesel,160,51.4,3.0
 1 Series,2017,16575,Automatic,91563,Diesel,125,60.1,2.0
 3 Series,2014,18200,Manual,32139,Petrol,205,43.5,2.0
 X1,2017,18200,Automatic,54120,Diesel,30,65.7,2.0
 X1,2017,18200,Manual,20925,Diesel,150,68.9,2.0
 3 Series,2016,16575,Manual,30521,Diesel,20,68.9,2.0
 X1,2018,23400,Manual,16066,Petrol,150,51.4,1.5
 1 Series,2015,14430,Manual,11524,Diesel,0,83.1,1.5
 1 Series,2017,16510,Manual,21809,Petrol,145,53.3,1.5
 1 Series,2017,18850,Automatic,27245,Diesel,145,68.9,2.0
 3 Series,2013,16575,Automatic,35736,Diesel,125,58.9,2.0
 X1,2017,18330,Automatic,55782,Diesel,145,65.7,2.0
 1 Series,2016,14040,Manual,26404,Petrol,125,53.3,1.5
 1 Series,2016,16900,Manual,26631,Petrol,125,52.3,1.5
 1 Series,2016,16250,Manual,24111,Petrol,145,47.1,1.6
 3 Series,2017,17680,Manual,22763,Petrol,145,48.7,2.0
 3 Series,2016,16510,Manual,17385,Diesel,20,72.4,2.0
 5 Series,2016,20280,Automatic,35474,Diesel,125,60.1,2.0
 4 Series,2016,19825,Manual,16584,Diesel,30,62.8,2.0
 1 Series,2018,15210,Manual,30273,Diesel,145,53.3,1.5
 2 Series,2017,14170,Manual,62021,Diesel,145,65.7,2.0
 5 Series,2016,18720,Automatic,51552,Diesel,30,62.8,2.0
 1 Series,2016,14430,Manual,29508,Petrol,125,53.3,1.5
 1 Series,2017,14430,Manual,30865,Diesel,145,72.4,1.5
 5 Series,2014,16120,Automatic,46356,Diesel,30,62.8,2.0
 1 Series,2016,16640,Manual,18343,Diesel,20,70.6,1.5
 5 Series,2014,19500,Automatic,13858,Diesel,125,57.6,2.0
 2 Series,2017,16575,Manual,33752,Petrol,125,52.3,1.5
 X3,2016,28275,Automatic,19083,Diesel,150,54.3,2.0
 2 Series,2017,18070,Automatic,46281,Petrol,125,51.4,1.5
 X1,2017,18200,Automatic,54183,Diesel,150,65.7,2.0
 X1,2017,19760,Automatic,36701,Diesel,30,65.7,2.0
 3 Series,2017,17550,Automatic,48082,Petrol,150,51.4,2.0
 X1,2016,15795,Manual,77482,Diesel,20,68.9,2.0
 2 Series,2017,20800,Automatic,32389,Other,0,141.2,1.5
 5 Series,2016,18200,Automatic,39235,Diesel,30,62.8,2.0
 3 Series,2018,25337,Automatic,30703,Diesel,145,57.6,2.0
 1 Series,2015,20149,Semi-Auto,20000,Diesel,125,60.1,2.0
 2 Series,2017,16900,Semi-Auto,34971,Diesel,150,72.4,1.5
 1 Series,2014,13780,Semi-Auto,44900,Diesel,30,64.2,2.0
 X3,2017,29900,Semi-Auto,16945,Diesel,150,54.3,2.0
 M4,2016,38997,Semi-Auto,34209,Petrol,300,34.0,3.0
 1 Series,2017,16247,Manual,14138,Diesel,20,72.4,1.5
 1 Series,2015,10332,Manual,74375,Diesel,30,65.7,2.0
 X1,2017,23140,Automatic,31238,Diesel,145,55.4,2.0
 3 Series,2015,17030,Manual,37204,Diesel,30,64.2,2.0
 1 Series,2017,14820,Manual,26265,Diesel,0,83.1,1.5
 3 Series,2016,19240,Automatic,38838,Diesel,125,57.6,2.0
 X3,2016,20670,Automatic,59692,Diesel,145,54.3,2.0
 3 Series,2016,21190,Automatic,34623,Diesel,125,57.6,2.0
 3 Series,2017,19240,Manual,29968,Diesel,30,64.2,2.0
 3 Series,2017,25610,Automatic,27748,Diesel,200,49.6,3.0
 3 Series,2015,18785,Automatic,47288,Diesel,30,62.8,2.0
 5 Series,2016,17550,Automatic,64117,Diesel,30,65.7,2.0
 5 Series,2015,14170,Automatic,79563,Diesel,125,60.1,2.0
 3 Series,2016,15860,Manual,34842,Diesel,30,67.3,2.0
 2 Series,2016,13780,Manual,24313,Diesel,0,74.3,1.5
 2 Series,2015,11830,Manual,40789,Diesel,0,74.3,1.5
 3 Series,2017,16380,Automatic,66743,Diesel,30,67.3,2.0
 5 Series,2016,17680,Automatic,65612,Diesel,30,62.8,2.0
 1 Series,2016,15210,Manual,21390,Diesel,20,72.4,1.5
 3 Series,2017,16185,Automatic,72065,Diesel,20,70.6,2.0
 5 Series,2016,17550,Automatic,62444,Diesel,125,60.1,2.0
 X3,2013,16575,Automatic,71558,Diesel,160,50.4,2.0
 X1,2017,21710,Automatic,34666,Diesel,145,65.7,2.0
 1 Series,2016,14820,Manual,22920,Diesel,20,72.4,1.5
 X5,2016,27300,Automatic,71626,Other,0,85.6,2.0
 X1,2017,19110,Manual,38405,Diesel,145,68.9,2.0
 3 Series,2018,24700,Automatic,20681,Diesel,145,64.2,2.0
 3 Series,2017,20020,Automatic,20529,Diesel,145,65.7,2.0
 X3,2016,24700,Automatic,42691,Diesel,145,54.3,2.0
 1 Series,2018,19500,Automatic,10058,Petrol,145,37.2,1.5
 3 Series,2016,23335,Automatic,40337,Diesel,145,53.3,3.0
 5 Series,2018,29380,Automatic,23195,Diesel,145,65.7,2.0
 1 Series,2017,17160,Manual,17117,Petrol,145,53.3,1.5
 3 Series,2017,16575,Manual,22153,Diesel,150,68.9,2.0
 3 Series,2015,12675,Manual,56038,Diesel,20,68.9,2.0
 3 Series,2017,14170,Automatic,78345,Diesel,0,74.3,2.0
 X4,2016,27820,Automatic,31084,Diesel,145,54.3,2.0
 1 Series,2017,18980,Automatic,5615,Petrol,145,58.9,1.5
 3 Series,2017,16380,Automatic,55751,Petrol,150,51.4,1.5
 X4,2017,29250,Automatic,35016,Diesel,150,54.3,2.0
 1 Series,2016,10400,Manual,81579,Diesel,0,83.1,1.5
 X1,2017,19240,Manual,31518,Diesel,145,60.1,2.0
 1 Series,2016,12870,Manual,44008,Diesel,0,83.1,1.5
 2 Series,2016,12350,Manual,59509,Diesel,20,68.9,2.0
 3 Series,2017,23335,Automatic,43703,Other,140,134.5,2.0
 1 Series,2016,18460,Automatic,36858,Diesel,125,60.1,2.0
 1 Series,2016,15730,Automatic,25786,Diesel,0,74.3,2.0
 1 Series,2016,16510,Automatic,24592,Diesel,20,68.9,2.0
 1 Series,2016,11440,Manual,51002,Diesel,0,83.1,1.5
 1 Series,2017,19500,Automatic,26052,Diesel,145,68.9,2.0
 3 Series,2017,22230,Automatic,31528,Diesel,145,64.2,2.0
 X3,2017,28275,Automatic,25776,Diesel,200,47.9,3.0
 1 Series,2016,17420,Manual,18055,Petrol,125,52.3,1.5
 3 Series,2014,12870,Automatic,63223,Diesel,20,68.9,2.0
 1 Series,2016,17810,Manual,8719,Petrol,125,52.3,1.5
 4 Series,2018,21970,Automatic,27133,Petrol,145,44.8,2.0
 5 Series,2018,28535,Automatic,21947,Diesel,150,68.9,2.0
 X1,2013,11375,Manual,80625,Diesel,160,51.4,2.0
 3 Series,2017,22100,Automatic,31501,Other,0,134.5,2.0
 1 Series,2016,17875,Automatic,8707,Petrol,30,55.5,1.5
 1 Series,2017,16640,Manual,10861,Petrol,125,53.3,1.5
 4 Series,2017,20800,Manual,16359,Petrol,145,46.3,2.0
 4 Series,2017,21580,Automatic,46913,Diesel,145,65.7,2.0
 3 Series,2017,19630,Manual,37747,Diesel,125,60.1,2.0
 4 Series,2017,21775,Manual,24882,Petrol,145,46.3,2.0
 1 Series,2015,16185,Manual,24474,Petrol,125,52.3,1.5
 3 Series,2018,20410,Automatic,29394,Petrol,145,48.7,2.0
 5 Series,2016,16380,Manual,59528,Diesel,125,60.1,2.0
 2 Series,2016,18980,Manual,15577,Petrol,160,44.1,2.0
 X1,2016,17810,Manual,52226,Diesel,20,68.9,2.0
 3 Series,2017,21970,Automatic,12330,Diesel,30,64.2,2.0
 4 Series,2015,20797,Semi-Auto,62943,Diesel,30,65.7,2.0
 X1,2020,40947,Semi-Auto,1560,Diesel,145,60.1,2.0
 2 Series,2020,36397,Manual,1580,Petrol,150,43.5,1.5
 X5,2020,71497,Semi-Auto,1500,Diesel,150,37.7,3.0
 3 Series,2014,15597,Manual,11545,Petrol,165,44.8,2.0
 2 Series,2020,33797,Automatic,3160,Hybrid,140,113.0,1.5
 1 Series,2020,41597,Semi-Auto,1560,Diesel,150,48.7,2.0
 X2,2020,38997,Manual,1850,Diesel,150,49.6,2.0
 X4,2019,44197,Semi-Auto,7272,Diesel,150,42.8,2.0
 X4,2019,44197,Semi-Auto,7272,Diesel,150,42.8,2.0
 1 Series,2017,19494,Manual,19866,Diesel,30,65.7,2.0
 4 Series,2016,23394,Semi-Auto,22476,Petrol,145,48.7,2.0
 1 Series,2013,18847,Semi-Auto,42786,Petrol,235,37.7,3.0
 1 Series,2015,14297,Manual,42410,Diesel,30,65.7,2.0
 5 Series,2014,15597,Semi-Auto,60681,Diesel,125,57.6,2.0
 X1,2016,18847,Manual,57717,Diesel,125,58.9,2.0
 3 Series,2017,22097,Semi-Auto,8096,Petrol,145,51.4,2.0
 1 Series,2015,14947,Manual,49151,Diesel,30,62.8,2.0
 X6,2017,38347,Semi-Auto,40429,Diesel,200,47.1,3.0
 M4,2016,40947,Semi-Auto,21107,Petrol,300,34.0,3.0
 1 Series,2016,25347,Semi-Auto,33043,Petrol,200,39.8,3.0
 X1,2016,23397,Semi-Auto,50378,Diesel,125,57.6,2.0
 5 Series,2019,33797,Semi-Auto,11115,Diesel,145,65.7,2.0
 X1,2013,10787,Manual,69020,Diesel,125,57.6,2.0
 8 Series,2019,80467,Semi-Auto,2650,Diesel,145,39.8,3.0
 1 Series,2014,17287,Manual,55834,Petrol,300,35.3,3.0
 3 Series,2019,28467,Semi-Auto,5761,Diesel,150,55.4,2.0
 1 Series,2017,14947,Semi-Auto,47110,Diesel,0,78.5,1.5
 X3,2014,22744,Semi-Auto,54075,Diesel,145,54.3,2.0
 5 Series,2015,19497,Semi-Auto,45152,Diesel,30,62.8,2.0
 2 Series,2014,13647,Manual,52091,Diesel,125,58.9,2.0
 1 Series,2019,25997,Semi-Auto,4812,Petrol,145,47.9,2.0
 X1,2016,21707,Semi-Auto,37272,Petrol,160,44.8,2.0
 3 Series,2019,36397,Semi-Auto,4250,Diesel,145,48.7,2.0
 5 Series,2018,36137,Semi-Auto,15711,Diesel,145,60.1,3.0
 1 Series,2016,23787,Manual,21236,Petrol,260,36.2,3.0
 1 Series,2017,19107,Semi-Auto,24008,Petrol,145,55.5,1.5
 X1,2016,24047,Semi-Auto,25994,Diesel,145,55.4,2.0
 X5,2015,36397,Automatic,24188,Diesel,200,47.1,3.0
 X5,2015,27947,Automatic,59216,Diesel,200,47.9,3.0
 1 Series,2017,25347,Manual,21171,Petrol,260,36.2,3.0
 1 Series,2017,18847,Manual,24259,Petrol,145,52.3,1.5
 5 Series,2017,29897,Semi-Auto,19379,Diesel,145,65.7,2.0
 1 Series,2017,18847,Manual,20790,Diesel,145,70.6,1.5
 5 Series,2019,38867,Semi-Auto,2743,Diesel,145,60.1,2.0
 3 Series,2019,29897,Semi-Auto,6000,Petrol,145,48.7,2.0
 3 Series,2019,38997,Manual,3980,Diesel,145,53.3,2.0
 4 Series,2019,38867,Semi-Auto,101,Diesel,145,60.1,2.0
 5 Series,2017,26647,Semi-Auto,12725,Diesel,145,68.9,2.0
 3 Series,2019,35945,Semi-Auto,18200,Diesel,150,48.7,2.0
 Z4,2016,24245,Semi-Auto,25300,Petrol,205,41.5,2.0
 4 Series,2018,29894,Automatic,7200,Petrol,145,48.7,2.0
 X6,2018,48094,Semi-Auto,6100,Diesel,145,47.1,3.0
 5 Series,2018,35094,Automatic,6800,Diesel,145,68.9,2.0
 1 Series,2013,15594,Manual,31600,Diesel,125,57.6,2.0
 5 Series,2018,33794,Semi-Auto,8700,Diesel,145,49.6,2.0
 X6,2016,38994,Automatic,43600,Diesel,200,44.8,3.0
 3 Series,2018,27944,Semi-Auto,16452,Petrol,150,48.7,2.0
 5 Series,2017,29897,Automatic,15838,Diesel,145,60.1,2.0
 5 Series,2019,44847,Automatic,6775,Diesel,145,51.4,3.0
 1 Series,2019,24047,Semi-Auto,11234,Diesel,145,68.9,2.0
 7 Series,2019,59667,Semi-Auto,5893,Diesel,145,44.1,3.0
 X3,2019,49267,Semi-Auto,9781,Diesel,145,48.7,3.0
 X5,2016,44847,Automatic,17303,Hybrid,0,85.6,2.0
 1 Series,2016,23397,Manual,25334,Petrol,300,35.3,3.0
 3 Series,2016,24047,Semi-Auto,36501,Diesel,145,53.3,3.0
 2 Series,2019,31197,Semi-Auto,2318,Petrol,145,47.9,2.0
 X1,2017,27947,Semi-Auto,14418,Diesel,145,55.4,2.0
 X1,2017,24050,Semi-Auto,12160,Diesel,145,65.7,2.0
 X3,2018,40300,Semi-Auto,20290,Diesel,145,48.7,3.0
 X1,2016,25350,Semi-Auto,13690,Diesel,125,57.6,2.0
 X5,2017,44200,Automatic,22158,Diesel,205,47.1,3.0
 X5,2015,36400,Automatic,36174,Diesel,205,47.1,3.0
 3 Series,2018,28600,Semi-Auto,30000,Diesel,150,53.3,3.0
 1 Series,2016,20800,Manual,40125,Petrol,305,35.3,3.0
 3 Series,2017,23400,Manual,20087,Petrol,165,44.8,2.0
 X7,2020,101400,Semi-Auto,5000,Diesel,150,31.4,3.0
 3 Series,2018,29250,Semi-Auto,11150,Petrol,145,48.7,2.0
 1 Series,2018,20150,Manual,5827,Petrol,145,37.7,1.5
 4 Series,2019,37700,Semi-Auto,14000,Diesel,145,50.4,3.0
 4 Series,2019,32110,Semi-Auto,5196,Diesel,145,65.7,2.0
 2 Series,2019,31200,Semi-Auto,2500,Petrol,145,39.2,1.5
 1 Series,2018,20800,Manual,7000,Diesel,145,50.4,1.5
 X3,2019,72800,Semi-Auto,26,Petrol,145,24.8,3.0
 1 Series,2019,41600,Semi-Auto,4493,Petrol,145,34.5,2.0
 X1,2018,26000,Semi-Auto,10545,Diesel,145,60.1,2.0
 X1,2017,28600,Semi-Auto,16500,Petrol,145,44.8,2.0
 3 Series,2016,22097,Semi-Auto,43695,Hybrid,0,134.5,2.0
 X3,2015,22747,Semi-Auto,48867,Diesel,145,54.3,2.0
 1 Series,2017,20537,Semi-Auto,23157,Petrol,145,54.3,1.5
 X1,2016,24697,Semi-Auto,30434,Diesel,125,57.6,2.0
 3 Series,2015,26000,Semi-Auto,39700,Diesel,160,50.4,3.0
 5 Series,2019,36400,Semi-Auto,5739,Diesel,145,62.8,2.0
 X5,2017,53950,Automatic,18000,Diesel,145,42.8,3.0
 1 Series,2018,20800,Semi-Auto,24275,Diesel,145,68.9,1.5
 4 Series,2017,27040,Semi-Auto,14774,Diesel,125,58.9,2.0
 3 Series,2018,26650,Semi-Auto,12133,Petrol,145,48.7,2.0
 1 Series,2017,20150,Manual,15645,Petrol,125,52.3,1.5
 X4,2016,32500,Semi-Auto,25085,Diesel,200,47.9,3.0
 1 Series,2017,27950,Semi-Auto,19486,Petrol,145,39.8,3.0
 X2,2019,39000,Semi-Auto,5431,Diesel,145,48.7,2.0
 7 Series,2020,68900,Semi-Auto,6555,Diesel,145,42.2,3.0
 3 Series,2014,18200,Semi-Auto,73923,Diesel,160,52.3,3.0
 1 Series,2018,33787,Semi-Auto,6500,Petrol,150,32.5,3.0
 X4,2018,41600,Semi-Auto,10920,Diesel,150,42.8,2.0
 3 Series,2019,31590,Semi-Auto,8000,Petrol,150,44.8,2.0
 5 Series,2019,42900,Semi-Auto,12250,Diesel,150,53.3,3.0
 X3,2016,26650,Semi-Auto,37000,Diesel,145,54.3,2.0
 3 Series,2016,24700,Semi-Auto,40500,Diesel,145,53.3,3.0
 3 Series,2017,23400,Semi-Auto,33000,Diesel,145,60.1,2.0
 M4,2020,66300,Semi-Auto,2000,Petrol,145,32.5,3.0
 X3,2015,21450,Semi-Auto,48000,Diesel,145,54.3,2.0
 4 Series,2017,25740,Manual,17410,Petrol,150,40.9,2.0
 1 Series,2017,17550,Manual,25975,Petrol,145,53.3,1.5
 1 Series,2019,24050,Semi-Auto,12054,Petrol,150,54.3,1.5
 1 Series,2014,12090,Manual,51203,Diesel,30,65.7,2.0
 X5,2019,65000,Semi-Auto,5145,Diesel,150,37.7,3.0
 1 Series,2017,15340,Manual,23274,Diesel,20,72.4,1.5
 4 Series,2018,28600,Semi-Auto,10948,Diesel,145,60.1,2.0
 2 Series,2019,35750,Semi-Auto,7000,Petrol,145,38.2,3.0
 5 Series,2019,36400,Semi-Auto,16000,Diesel,145,60.1,3.0
 2 Series,2020,37700,Manual,5550,Petrol,145,43.5,1.5
 3 Series,2014,21840,Semi-Auto,50687,Diesel,160,52.3,3.0
 3 Series,2013,20150,Semi-Auto,46500,Diesel,150,55.4,3.0
 X1,2016,25090,Semi-Auto,25300,Diesel,125,60.1,2.0
 1 Series,2017,22097,Semi-Auto,12458,Diesel,30,62.8,2.0
 1 Series,2017,27947,Semi-Auto,21200,Petrol,200,39.8,3.0
 4 Series,2016,24697,Semi-Auto,20151,Diesel,145,53.3,3.0
 X1,2017,24047,Manual,13278,Diesel,125,58.9,2.0
 5 Series,2019,35100,Semi-Auto,9000,Petrol,145,48.7,2.0
 2 Series,2018,23400,Semi-Auto,13174,Diesel,145,49.6,2.0
 7 Series,2016,33800,Semi-Auto,39085,Diesel,145,54.3,3.0
 3 Series,2017,33150,Semi-Auto,14834,Diesel,145,51.4,3.0
 3 Series,2016,23400,Semi-Auto,15088,Diesel,145,55.4,3.0
 1 Series,2017,21840,Semi-Auto,16761,Diesel,145,67.3,2.0
 3 Series,2018,27690,Semi-Auto,18564,Diesel,145,60.1,2.0
 X2,2019,37700,Semi-Auto,1418,Petrol,145,36.2,2.0
 3 Series,2019,44200,Semi-Auto,5525,Diesel,145,50.4,2.0
 3 Series,2017,31200,Semi-Auto,15338,Diesel,145,49.6,3.0
 3 Series,2013,19487,Semi-Auto,35500,Diesel,145,55.4,2.0
 5 Series,2017,39000,Semi-Auto,11086,Diesel,145,53.3,3.0
 1 Series,2018,20540,Semi-Auto,11132,Petrol,145,55.5,1.5
 1 Series,2018,21450,Semi-Auto,7656,Petrol,145,37.2,1.5
 X3,2015,25350,Semi-Auto,41567,Diesel,145,54.3,2.0
 5 Series,2019,52000,Semi-Auto,1034,Petrol,145,39.2,3.0
 1 Series,2017,28340,Semi-Auto,20294,Petrol,200,39.8,3.0
 3 Series,2017,27297,Semi-Auto,30422,Diesel,145,51.4,3.0
 3 Series,2017,25607,Semi-Auto,20313,Diesel,145,56.5,3.0
 3 Series,2016,27947,Semi-Auto,28775,Diesel,160,51.4,3.0
 3 Series,2015,22360,Semi-Auto,6147,Petrol,145,47.9,2.0
 X5,2013,31200,Automatic,45150,Diesel,200,45.6,3.0
 1 Series,2019,33800,Manual,2073,Diesel,145,57.7,1.5
 4 Series,2020,35100,Semi-Auto,25,Petrol,145,48.7,2.0
 4 Series,2020,35750,Semi-Auto,25,Diesel,145,60.1,2.0
 X5,2019,67600,Semi-Auto,6500,Diesel,145,37.7,3.0
 4 Series,2019,41600,Semi-Auto,4025,Diesel,145,50.4,3.0
 2 Series,2015,13647,Manual,27221,Diesel,0,74.3,1.5
 3 Series,2013,12980,Manual,75561,Diesel,20,68.9,2.0
 X4,2015,25330,Manual,53755,Diesel,160,52.3,2.0
 3 Series,2013,12954,Semi-Auto,95043,Diesel,30,62.8,2.0
 X1,2014,14280,Semi-Auto,56952,Diesel,160,52.3,2.0
 1 Series,2017,17536,Semi-Auto,59066,Diesel,20,72.4,1.5
 3 Series,2016,18192,Semi-Auto,46889,Diesel,30,67.3,2.0
 5 Series,2019,46735,Semi-Auto,5137,Diesel,145,51.4,3.0
 4 Series,2019,33137,Semi-Auto,8794,Diesel,145,60.1,2.0
 5 Series,2019,45370,Semi-Auto,9854,Diesel,145,53.3,3.0
 7 Series,2018,54600,Semi-Auto,7123,Diesel,145,52.3,3.0
 1 Series,2014,15600,Manual,41500,Diesel,125,57.6,2.0
 1 Series,2016,18200,Manual,24678,Diesel,30,65.7,2.0
 M4,2019,62400,Semi-Auto,2258,Petrol,145,34.0,3.0
 2 Series,2019,31135,Semi-Auto,4413,Diesel,145,46.3,2.0
 4 Series,2019,34515,Semi-Auto,7292,Diesel,145,58.9,2.0
 X1,2016,23400,Semi-Auto,46354,Diesel,125,57.6,2.0
 6 Series,2018,36387,Semi-Auto,21525,Diesel,150,49.6,3.0
 1 Series,2017,17485,Manual,15663,Petrol,150,53.3,1.5
 X5,2017,45487,Automatic,18000,Diesel,200,47.1,3.0
 4 Series,2020,38350,Semi-Auto,17,Diesel,145,60.1,2.0
 5 Series,2019,37050,Semi-Auto,3816,Diesel,145,62.8,2.0
 5 Series,2019,33800,Semi-Auto,4405,Petrol,145,48.7,2.0
 X2,2019,35100,Manual,4825,Diesel,145,49.6,2.0
 4 Series,2019,35100,Semi-Auto,4406,Diesel,145,60.1,2.0
 3 Series,2019,42900,Semi-Auto,11564,Diesel,145,49.6,2.0
 X2,2019,41600,Semi-Auto,10,Petrol,145,34.0,2.0
 5 Series,2016,18844,Semi-Auto,51700,Diesel,30,65.7,2.0
 3 Series,2013,12347,Semi-Auto,55701,Petrol,145,47.9,1.6
 1 Series,2018,30547,Semi-Auto,11131,Petrol,145,39.8,3.0
 3 Series,2020,66300,Semi-Auto,5000,Diesel,150,43.5,3.0
 X3,2016,28600,Semi-Auto,25000,Diesel,150,54.3,2.0
 1 Series,2017,29900,Semi-Auto,18100,Petrol,150,39.8,3.0
 X6,2018,51987,Semi-Auto,7427,Diesel,145,40.9,3.0
 3 Series,2017,22100,Semi-Auto,43362,Diesel,145,56.5,3.0
 1 Series,2017,15587,Manual,18435,Petrol,125,53.3,1.5
 1 Series,2019,21450,Semi-Auto,5000,Diesel,145,72.4,1.5
 X4,2018,52000,Semi-Auto,4135,Diesel,145,37.2,3.0
 1 Series,2019,35100,Semi-Auto,1214,Diesel,145,51.4,2.0
 M5,2019,93600,Semi-Auto,3545,Petrol,145,24.1,4.4
 3 Series,2017,25545,Semi-Auto,43267,Diesel,145,62.8,2.0
 X5,2020,79287,Semi-Auto,3500,Diesel,145,33.6,3.0
 4 Series,2019,29250,Semi-Auto,5623,Diesel,145,65.7,2.0
 M4,2018,56550,Semi-Auto,2577,Petrol,150,34.0,3.0
 2 Series,2015,24310,Semi-Auto,43617,Petrol,265,37.2,3.0
 X5,2015,33800,Automatic,52936,Diesel,205,47.1,3.0
 7 Series,2017,44200,Semi-Auto,25000,Diesel,150,53.3,3.0
 3 Series,2014,19500,Semi-Auto,56000,Diesel,150,55.4,2.0
 3 Series,2017,23790,Semi-Auto,20000,Diesel,150,62.8,2.0
 4 Series,2015,20787,Semi-Auto,87597,Diesel,160,51.4,3.0
 3 Series,2013,12994,Manual,74449,Petrol,200,41.5,2.0
 X2,2019,30547,Semi-Auto,3241,Petrol,150,40.4,2.0
 3 Series,2019,44785,Semi-Auto,3500,Diesel,145,45.6,3.0
 X7,2019,87620,Semi-Auto,5600,Diesel,150,33.6,3.0
 7 Series,2019,62387,Semi-Auto,7780,Petrol,145,34.5,3.0
 X3,2020,46670,Semi-Auto,4500,Diesel,150,54.3,2.0
 4 Series,2016,24047,Semi-Auto,24188,Diesel,145,55.4,3.0
 X1,2017,24697,Semi-Auto,26939,Diesel,145,65.7,2.0
 X1,2018,22094,Semi-Auto,17276,Petrol,150,46.3,1.5
 3 Series,2017,27297,Semi-Auto,26252,Diesel,145,51.4,3.0
 3 Series,2017,20797,Semi-Auto,19675,Petrol,125,51.4,2.0
 1 Series,2019,37700,Semi-Auto,100,Diesel,150,48.7,2.0
 X5,2019,66300,Semi-Auto,6000,Diesel,150,37.7,3.0
 X5,2017,38928,Automatic,30207,Diesel,200,47.1,3.0
 5 Series,2018,31974,Semi-Auto,28502,Diesel,145,65.7,2.0
 5 Series,2014,18187,Semi-Auto,73837,Diesel,160,51.4,3.0
 3 Series,2017,19487,Semi-Auto,48604,Diesel,30,67.3,2.0
 5 Series,2017,29887,Semi-Auto,33492,Diesel,145,60.1,2.0
 5 Series,2013,13644,Semi-Auto,83380,Diesel,125,57.6,2.0
 4 Series,2018,29374,Semi-Auto,18937,Petrol,145,48.7,2.0
 3 Series,2019,36394,Semi-Auto,2460,Diesel,145,53.3,2.0
 X1,2016,22487,Semi-Auto,48697,Diesel,125,57.6,2.0
 X1,2018,22094,Semi-Auto,17276,Petrol,150,46.3,1.5
 X1,2017,23394,Manual,23692,Diesel,125,58.9,2.0
 5 Series,2017,28597,Semi-Auto,25260,Diesel,145,60.1,2.0
 X1,2017,21707,Semi-Auto,25291,Diesel,30,65.7,2.0
 1 Series,2015,15987,Semi-Auto,37634,Diesel,30,64.2,2.0
 1 Series,2017,17937,Manual,34446,Diesel,145,65.7,2.0
 1 Series,2018,18200,Manual,19995,Petrol,145,37.7,1.5
 4 Series,2018,31200,Manual,24848,Petrol,145,36.7,3.0
 M4,2020,65000,Semi-Auto,700,Petrol,145,34.0,3.0
 4 Series,2018,27950,Semi-Auto,4038,Petrol,150,45.6,2.0
 3 Series,2016,28600,Semi-Auto,31250,Diesel,165,51.4,3.0
 5 Series,2015,20800,Semi-Auto,64194,Diesel,165,51.4,3.0
 3 Series,2015,24050,Semi-Auto,38218,Diesel,165,51.4,3.0
 3 Series,2019,36400,Automatic,6148,Diesel,145,52.3,2.0
 3 Series,2018,35100,Automatic,13430,Diesel,145,49.6,3.0
 X3,2015,22100,Semi-Auto,35500,Diesel,200,47.9,3.0
 X3,2014,18844,Semi-Auto,56787,Diesel,150,54.3,2.0
 1 Series,2016,21060,Semi-Auto,13369,Diesel,20,68.9,1.5
 2 Series,2018,24700,Semi-Auto,3764,Petrol,145,53.3,1.5
 4 Series,2017,22744,Manual,13471,Petrol,145,46.3,2.0
 i8,2016,63697,Automatic,10087,Hybrid,0,134.5,1.5
 X4,2018,46800,Semi-Auto,5000,Diesel,145,40.4,3.0
 M4,2020,55900,Semi-Auto,40,Petrol,145,34.0,3.0
 3 Series,2020,52000,Semi-Auto,2000,Diesel,145,47.9,3.0
 7 Series,2019,63700,Semi-Auto,7970,Diesel,145,44.8,3.0
 M2,2016,40300,Semi-Auto,14712,Petrol,260,35.8,3.0
 X7,2019,87100,Semi-Auto,4900,Diesel,145,33.6,3.0
 5 Series,2018,39650,Semi-Auto,9671,Petrol,145,39.2,3.0
 2 Series,2019,27950,Semi-Auto,2070,Petrol,145,40.9,1.5
 3 Series,2016,25350,Semi-Auto,49104,Diesel,160,51.4,3.0
 1 Series,2016,24700,Semi-Auto,42792,Petrol,200,39.8,3.0
 2 Series,2019,39000,Semi-Auto,5555,Petrol,145,38.2,3.0
 5 Series,2019,55250,Semi-Auto,3555,Diesel,145,51.4,3.0
 3 Series,2016,29250,Semi-Auto,16890,Diesel,160,51.4,3.0
 2 Series,2020,46800,Semi-Auto,5550,Petrol,145,36.2,2.0
 3 Series,2018,32500,Semi-Auto,23555,Diesel,145,49.6,3.0
 2 Series,2018,19497,Manual,2683,Petrol,145,44.1,1.5
 X1,2017,22097,Semi-Auto,46622,Diesel,125,57.6,2.0
 3 Series,2016,17287,Semi-Auto,46392,Diesel,0,74.3,2.0
 3 Series,2013,15987,Semi-Auto,73845,Diesel,145,54.3,3.0
 5 Series,2018,31197,Semi-Auto,14052,Diesel,145,62.8,2.0
 3 Series,2019,34447,Semi-Auto,21165,Diesel,145,48.7,2.0
 4 Series,2019,28597,Semi-Auto,19856,Diesel,145,65.7,2.0
 3 Series,2019,30287,Semi-Auto,11974,Diesel,145,54.3,2.0
 1 Series,2015,17550,Manual,31652,Diesel,30,62.8,2.0
 2 Series,2018,22750,Automatic,6079,Diesel,145,51.4,2.0
 1 Series,2019,21580,Manual,7000,Diesel,145,68.9,2.0
 2 Series,2016,21385,Semi-Auto,10250,Diesel,30,62.8,2.0
 X5,2019,63700,Semi-Auto,4860,Diesel,145,37.7,3.0
 X1,2019,33150,Automatic,2984,Diesel,145,60.1,2.0
 3 Series,2016,18200,Manual,30679,Diesel,125,62.8,2.0
 6 Series,2017,35750,Semi-Auto,21083,Diesel,145,51.4,3.0
 1 Series,2017,17550,Manual,16423,Diesel,150,72.4,1.5
 4 Series,2019,32500,Manual,4000,Diesel,150,55.4,2.0
 3 Series,2019,41600,Semi-Auto,15114,Diesel,150,49.6,3.0
 5 Series,2017,39000,Semi-Auto,9750,Diesel,150,56.5,3.0
 5 Series,2017,28470,Semi-Auto,38649,Diesel,145,65.7,2.0
 3 Series,2019,45370,Semi-Auto,4600,Diesel,145,49.6,2.0
 1 Series,2019,29510,Semi-Auto,14822,Diesel,145,60.1,2.0
 X2,2018,31070,Semi-Auto,12887,Diesel,145,61.4,2.0
 4 Series,2019,35685,Semi-Auto,8142,Diesel,145,52.3,3.0
 X5,2019,60580,Semi-Auto,9584,Diesel,145,37.7,3.0
 4 Series,2019,34840,Semi-Auto,7667,Diesel,145,58.9,2.0
 1 Series,2015,21385,Semi-Auto,25499,Diesel,125,60.1,2.0
 X1,2019,32500,Manual,3715,Diesel,145,68.9,2.0
 X2,2019,35100,Automatic,49,Diesel,145,50.4,2.0
 3 Series,2019,41600,Automatic,5557,Diesel,145,49.6,2.0
 2 Series,2019,27300,Semi-Auto,2380,Petrol,145,40.9,1.5
 2 Series,2019,27300,Manual,3078,Petrol,145,39.8,1.5
 2 Series,2019,27300,Manual,1251,Petrol,145,42.8,1.5
 2 Series,2019,30550,Semi-Auto,2664,Petrol,145,50.4,2.0
 2 Series,2019,26650,Manual,1612,Petrol,145,42.8,1.5
 4 Series,2018,26650,Semi-Auto,6668,Diesel,145,65.7,2.0
 2 Series,2019,26650,Automatic,6679,Petrol,145,47.9,2.0
 2 Series,2019,26650,Automatic,1689,Petrol,145,50.4,2.0
 5 Series,2017,32497,Semi-Auto,24769,Diesel,145,60.1,3.0
 4 Series,2018,27287,Semi-Auto,26706,Diesel,150,58.9,2.0
 X3,2016,24687,Semi-Auto,12996,Diesel,150,54.3,2.0
 2 Series,2019,25350,Manual,1501,Petrol,145,42.8,1.5
 2 Series,2019,30550,Semi-Auto,2164,Diesel,145,49.6,2.0
 M4,2020,62400,Semi-Auto,30,Petrol,145,34.0,3.0
 5 Series,2019,38350,Automatic,3388,Diesel,145,60.1,3.0
 2 Series,2015,15600,Manual,28410,Petrol,30,57.6,1.5
 2 Series,2019,31200,Automatic,477,Petrol,145,47.9,2.0
 5 Series,2019,39000,Automatic,10654,Diesel,145,60.1,2.0
 X2,2019,37700,Automatic,2472,Diesel,145,48.7,2.0
 4 Series,2019,33085,Semi-Auto,1000,Diesel,150,60.1,2.0
 X2,2018,31837,Semi-Auto,7100,Diesel,150,61.4,2.0
 X1,2014,16237,Semi-Auto,49400,Diesel,165,51.4,2.0
 2 Series,2019,25675,Semi-Auto,9014,Diesel,145,49.6,2.0
 5 Series,2017,28470,Semi-Auto,23291,Diesel,145,65.7,2.0
 X1,2018,27950,Semi-Auto,12710,Petrol,145,44.8,2.0
 3 Series,2018,35750,Semi-Auto,9329,Diesel,145,51.4,3.0
 X5,2018,45183,Automatic,20630,Diesel,145,47.1,3.0
 1 Series,2017,27968,Semi-Auto,15907,Petrol,150,39.8,3.0
 X1,2016,24697,Semi-Auto,24347,Diesel,150,55.4,2.0
 1 Series,2019,28600,Manual,2574,Petrol,145,44.1,1.5
 1 Series,2019,27300,Manual,1906,Petrol,145,44.1,1.5
 3 Series,2019,40300,Semi-Auto,1397,Diesel,145,50.4,2.0
 X5,2014,32500,Automatic,38389,Diesel,200,47.1,3.0
 5 Series,2018,30550,Semi-Auto,23650,Diesel,145,53.3,3.0
 1 Series,2013,13650,Manual,48255,Diesel,30,62.8,2.0
 3 Series,2013,19500,Semi-Auto,21940,Diesel,125,58.9,2.0
 X4,2020,55900,Semi-Auto,857,Diesel,145,40.9,3.0
 3 Series,2018,23397,Semi-Auto,19950,Diesel,145,65.7,2.0
 1 Series,2016,20147,Semi-Auto,15621,Diesel,30,65.7,2.0
 1 Series,2019,38217,Semi-Auto,9983,Petrol,145,39.8,3.0
 3 Series,2013,13546,Manual,53352,Petrol,200,43.5,2.0
 2 Series,2016,23397,Semi-Auto,28099,Diesel,145,55.4,2.0
 X1,2016,24697,Semi-Auto,20874,Diesel,150,55.4,2.0
 1 Series,2016,18717,Semi-Auto,21037,Diesel,20,68.9,1.5
 1 Series,2017,24697,Manual,17888,Petrol,260,36.2,3.0
 5 Series,2019,34447,Semi-Auto,16466,Diesel,145,60.1,2.0
 3 Series,2015,16897,Semi-Auto,25243,Diesel,30,62.8,2.0
 X1,2016,20797,Manual,45484,Diesel,125,58.9,2.0
 3 Series,2019,36397,Semi-Auto,9624,Diesel,150,52.3,2.0
 1 Series,2016,19497,Manual,23879,Diesel,30,62.8,2.0
 X1,2017,25997,Semi-Auto,17922,Diesel,145,55.4,2.0
 1 Series,2015,18197,Semi-Auto,38279,Diesel,125,60.1,2.0
 3 Series,2015,15597,Manual,40325,Petrol,125,52.3,1.5
 5 Series,2017,27947,Semi-Auto,34296,Diesel,145,65.7,2.0
 3 Series,2017,25607,Semi-Auto,44075,Diesel,145,51.4,3.0
 3 Series,2017,27947,Semi-Auto,13102,Diesel,145,51.4,3.0
 3 Series,2016,15597,Manual,49669,Diesel,30,67.3,2.0
 3 Series,2017,26647,Semi-Auto,7926,Diesel,145,56.5,3.0
 3 Series,2017,23787,Semi-Auto,33384,Hybrid,0,134.5,2.0
 3 Series,2016,18197,Semi-Auto,38417,Diesel,30,67.3,2.0
 1 Series,2019,25087,Semi-Auto,10040,Diesel,145,67.3,2.0
 3 Series,2019,34447,Semi-Auto,13579,Diesel,145,48.7,2.0
 3 Series,2013,14297,Semi-Auto,74712,Petrol,205,42.8,2.0
 3 Series,2013,14297,Manual,72315,Diesel,30,61.4,2.0
 3 Series,2013,14297,Manual,44602,Diesel,30,61.4,2.0
 X5,2013,21447,Automatic,56003,Diesel,300,38.2,3.0
 5 Series,2015,17547,Semi-Auto,88333,Diesel,30,62.8,2.0
 1 Series,2019,28597,Semi-Auto,4061,Petrol,145,54.3,1.5
 2 Series,2017,23397,Semi-Auto,27997,Diesel,145,57.6,2.0
 1 Series,2013,10397,Manual,74772,Diesel,30,65.7,2.0
 X5,2019,59794,Semi-Auto,16644,Diesel,150,37.7,3.0
 X1,2016,25347,Semi-Auto,19850,Diesel,145,55.4,2.0
 4 Series,2018,27947,Semi-Auto,8441,Petrol,150,48.7,2.0
 1 Series,2013,10787,Manual,60741,Diesel,30,65.7,2.0
 3 Series,2019,30547,Semi-Auto,10629,Diesel,145,57.7,2.0
 3 Series,2016,17937,Semi-Auto,46673,Diesel,0,74.3,2.0
 1 Series,2014,22097,Semi-Auto,30954,Petrol,235,37.7,3.0
 1 Series,2015,16247,Semi-Auto,14501,Diesel,0,78.5,1.5
 1 Series,2018,22747,Manual,10374,Diesel,145,49.6,2.0
 1 Series,2016,18847,Manual,24382,Diesel,20,70.6,1.5
 3 Series,2017,24697,Semi-Auto,28332,Hybrid,0,134.5,2.0
 3 Series,2019,26647,Semi-Auto,6160,Petrol,150,44.8,2.0
 3 Series,2019,30287,Semi-Auto,11326,Diesel,145,54.3,2.0
 3 Series,2017,28597,Semi-Auto,21784,Diesel,145,56.5,3.0
 1 Series,2013,9097,Manual,73603,Diesel,30,62.8,2.0
 3 Series,2016,14687,Manual,64308,Diesel,20,68.9,2.0
 X1,2016,25347,Semi-Auto,20153,Diesel,145,55.4,2.0
 3 Series,2017,25347,Semi-Auto,56785,Diesel,145,51.4,3.0
 5 Series,2014,24375,Semi-Auto,34219,Diesel,200,47.9,3.0
 X3,2014,20534,Semi-Auto,63000,Diesel,145,54.3,2.0
 3 Series,2015,18194,Semi-Auto,46316,Petrol,160,46.3,2.0
 X1,2017,23397,Semi-Auto,33534,Diesel,150,55.4,2.0
 3 Series,2016,21184,Manual,16604,Diesel,30,64.2,2.0
 3 Series,2017,23004,Semi-Auto,24909,Diesel,145,62.8,2.0
 1 Series,2018,22097,Manual,19154,Diesel,150,49.6,2.0
 2 Series,2020,39000,Semi-Auto,914,Petrol,145,42.2,1.5
 8 Series,2020,81900,Semi-Auto,3000,Diesel,145,40.4,3.0
 X3,2013,18200,Semi-Auto,47111,Diesel,160,50.4,2.0
 X3,2016,27300,Semi-Auto,24002,Diesel,145,54.3,2.0
 1 Series,2020,28600,Manual,2000,Petrol,145,44.1,1.5
 1 Series,2014,19500,Semi-Auto,38689,Petrol,235,37.7,3.0
 X4,2020,59150,Semi-Auto,1608,Petrol,145,26.9,3.0
 3 Series,2015,22097,Semi-Auto,31915,Diesel,145,53.3,3.0
 4 Series,2017,25347,Semi-Auto,28912,Diesel,145,65.7,2.0
 5 Series,2017,27297,Semi-Auto,21068,Diesel,145,62.8,2.0
 3 Series,2017,23397,Semi-Auto,34118,Diesel,150,60.1,2.0
 3 Series,2016,22747,Semi-Auto,27146,Diesel,150,56.5,3.0
 4 Series,2017,22633,Automatic,37842,Diesel,145,65.7,2.0
 2 Series,2016,24047,Semi-Auto,18245,Diesel,145,55.4,2.0
 3 Series,2018,29897,Semi-Auto,16360,Diesel,145,57.7,2.0
 3 Series,2019,34707,Semi-Auto,8273,Diesel,145,48.7,2.0
 4 Series,2016,19497,Manual,24711,Petrol,160,46.3,2.0
 3 Series,2016,19494,Manual,43400,Diesel,125,58.9,2.0
 3 Series,2019,30547,Semi-Auto,7516,Diesel,145,54.3,2.0
 4 Series,2019,28597,Semi-Auto,17740,Diesel,145,65.7,2.0
 3 Series,2019,35487,Semi-Auto,8319,Diesel,145,48.7,2.0
 3 Series,2019,34447,Semi-Auto,18526,Diesel,145,48.7,2.0
 X5,2016,32497,Automatic,83269,Diesel,200,47.1,3.0
 1 Series,2019,19107,Manual,14847,Diesel,150,72.4,1.5
 X1,2017,23397,Automatic,33358,Diesel,125,60.1,2.0
 1 Series,2018,22747,Semi-Auto,17063,Petrol,145,36.7,2.0
 1 Series,2013,11697,Manual,34750,Diesel,30,65.7,2.0
 X5,2014,36394,Automatic,43946,Diesel,265,42.2,3.0
 X1,2016,25997,Semi-Auto,21621,Diesel,145,55.4,2.0
 5 Series,2018,35747,Semi-Auto,13197,Hybrid,140,156.9,2.0
 3 Series,2015,16247,Semi-Auto,87795,Diesel,125,60.1,2.0
 1 Series,2016,18197,Semi-Auto,50525,Diesel,30,65.7,2.0
 1 Series,2016,17547,Semi-Auto,42001,Diesel,20,68.9,1.5
 1 Series,2014,15597,Manual,20990,Diesel,30,64.2,2.0
 1 Series,2014,14297,Automatic,56379,Petrol,145,48.7,1.6
 3 Series,2015,16247,Manual,50730,Diesel,20,68.9,2.0
 X1,2016,23007,Manual,29018,Diesel,125,58.9,2.0
 3 Series,2013,12997,Semi-Auto,46121,Diesel,30,62.8,2.0
 4 Series,2017,25347,Semi-Auto,16463,Diesel,145,65.7,2.0
 3 Series,2016,22747,Semi-Auto,39239,Hybrid,0,134.5,2.0
 5 Series,2018,31847,Semi-Auto,15032,Diesel,145,68.9,2.0
 X1,2016,24047,Semi-Auto,28813,Diesel,145,55.4,2.0
 3 Series,2019,29897,Semi-Auto,6394,Diesel,150,54.3,2.0
 X5,2019,76567,Semi-Auto,100,Diesel,150,37.7,3.0
 3 Series,2017,27297,Semi-Auto,14997,Diesel,145,51.4,3.0
 2 Series,2016,20147,Semi-Auto,14313,Petrol,125,51.4,1.5
 5 Series,2014,12997,Semi-Auto,82681,Diesel,30,62.8,2.0
 1 Series,2017,16247,Manual,37919,Diesel,20,72.4,1.5
 1 Series,2016,16247,Manual,38276,Diesel,20,70.6,1.5
 3 Series,2017,18847,Manual,21105,Petrol,150,48.7,2.0
 3 Series,2019,35747,Semi-Auto,9091,Diesel,150,52.3,2.0
 2 Series,2017,21447,Semi-Auto,25405,Diesel,150,64.2,2.0
 1 Series,2017,27947,Semi-Auto,23699,Petrol,200,39.8,3.0
 3 Series,2019,28597,Semi-Auto,7237,Diesel,145,60.1,2.0
 3 Series,2019,35097,Semi-Auto,15002,Diesel,145,48.7,2.0
 5 Series,2018,33797,Semi-Auto,19479,Diesel,145,46.3,2.0
 3 Series,2019,29767,Automatic,12249,Diesel,145,62.8,2.0
 1 Series,2019,22747,Automatic,10565,Diesel,145,72.4,1.5
 3 Series,2018,27297,Semi-Auto,28180,Petrol,145,48.7,2.0
 1 Series,2017,20147,Semi-Auto,40228,Diesel,125,60.1,2.0
 5 Series,2015,14885,Manual,60529,Diesel,30,65.7,2.0
 X6,2016,40297,Semi-Auto,26782,Diesel,200,44.8,3.0
 X2,2019,28597,Manual,5687,Petrol,150,41.5,1.5
 6 Series,2015,22747,Semi-Auto,51412,Diesel,160,49.6,3.0
 3 Series,2016,24697,Semi-Auto,28762,Diesel,160,51.4,3.0
 1 Series,2016,19497,Automatic,30300,Diesel,30,65.7,2.0
 i3,2017,25997,Automatic,41949,Hybrid,140,470.8,0.0
 3 Series,2017,20797,Semi-Auto,16943,Petrol,150,51.4,2.0
 3 Series,2017,19497,Manual,13309,Petrol,150,48.7,2.0
 3 Series,2019,34447,Semi-Auto,7098,Petrol,150,41.5,2.0
 4 Series,2019,41467,Semi-Auto,4125,Diesel,145,50.4,3.0
 M4,2016,38997,Semi-Auto,26363,Petrol,305,34.0,3.0
 2 Series,2016,25999,Semi-Auto,29139,Petrol,205,39.8,3.0
 3 Series,2016,23397,Semi-Auto,44888,Diesel,160,51.4,3.0
 3 Series,2016,24697,Semi-Auto,19125,Diesel,150,53.3,3.0
 2 Series,2017,20797,Manual,12248,Petrol,125,53.3,1.5
 2 Series,2015,12607,Manual,60891,Diesel,20,68.9,2.0
 2 Series,2018,24047,Semi-Auto,7202,Petrol,145,38.2,2.0
 5 Series,2017,29247,Semi-Auto,19864,Diesel,145,65.7,2.0
 3 Series,2016,18847,Semi-Auto,58872,Diesel,30,67.3,2.0
 X1,2017,25821,Semi-Auto,11000,Diesel,150,55.4,2.0
 X7,2019,89567,Automatic,5203,Petrol,145,24.8,3.0
 5 Series,2016,25997,Semi-Auto,16555,Diesel,160,51.4,2.0
 3 Series,2017,29897,Semi-Auto,19505,Diesel,145,51.4,3.0
 X3,2019,46797,Semi-Auto,2451,Diesel,145,54.3,2.0
 7 Series,2019,63567,Semi-Auto,17501,Diesel,145,41.5,3.0
 X2,2019,32497,Manual,4174,Diesel,145,48.7,2.0
 5 Series,2019,34967,Semi-Auto,4917,Diesel,145,65.7,2.0
 1 Series,2019,28467,Manual,4100,Petrol,150,41.5,1.5
 4 Series,2016,24050,Semi-Auto,22566,Diesel,145,55.4,3.0
 1 Series,2015,21208,Manual,17846,Petrol,300,35.3,3.0
 3 Series,2019,38997,Semi-Auto,10171,Petrol,145,41.5,2.0
 5 Series,2017,33147,Semi-Auto,20279,Hybrid,135,156.9,2.0
 X5,2016,46147,Automatic,14626,Diesel,235,42.8,3.0
 3 Series,2019,35747,Semi-Auto,14793,Diesel,145,48.7,2.0
 X1,2016,24697,Semi-Auto,20259,Diesel,145,55.4,2.0
 3 Series,2017,28467,Semi-Auto,10305,Diesel,145,56.5,3.0
 1 Series,2016,16247,Manual,22103,Diesel,20,72.4,1.5
 3 Series,2016,22097,Semi-Auto,44600,Diesel,145,56.5,3.0
 X1,2017,27947,Semi-Auto,19682,Petrol,160,44.8,2.0
 1 Series,2017,18197,Manual,33094,Diesel,20,72.4,1.5
 3 Series,2019,46797,Semi-Auto,9632,Diesel,145,49.6,2.0
 3 Series,2016,16835,Semi-Auto,44635,Diesel,0,74.3,2.0
 3 Series,2017,19665,Semi-Auto,26630,Petrol,125,51.4,2.0
 3 Series,2014,14911,Semi-Auto,49500,Diesel,30,62.8,2.0
 4 Series,2014,18188,Manual,22908,Diesel,125,58.9,2.0
 3 Series,2016,25087,Semi-Auto,32382,Diesel,200,49.6,3.0
 4 Series,2019,28597,Semi-Auto,16616,Diesel,145,65.7,2.0
 3 Series,2016,24697,Automatic,24709,Diesel,145,53.3,3.0
 4 Series,2016,24047,Semi-Auto,36435,Diesel,165,52.3,3.0
 3 Series,2016,17937,Semi-Auto,34860,Petrol,125,54.3,1.5
 5 Series,2016,23397,Automatic,28695,Diesel,145,53.3,3.0
 X1,2016,25997,Automatic,13085,Diesel,145,55.4,2.0
 3 Series,2018,25997,Semi-Auto,16159,Petrol,145,48.7,2.0
 4 Series,2017,23397,Automatic,43111,Diesel,145,65.7,2.0
 4 Series,2017,28597,Automatic,13941,Petrol,145,48.7,2.0
 4 Series,2017,25997,Semi-Auto,13273,Diesel,145,65.7,2.0
 5 Series,2018,33797,Semi-Auto,24141,Hybrid,140,156.9,2.0
 X4,2019,44197,Semi-Auto,9064,Diesel,150,42.8,2.0
 5 Series,2018,37697,Semi-Auto,26471,Petrol,150,39.2,3.0
 5 Series,2019,36267,Semi-Auto,11871,Diesel,150,62.8,2.0
 5 Series,2017,29897,Semi-Auto,20033,Diesel,150,65.7,2.0
 1 Series,2020,38997,Semi-Auto,934,Diesel,150,48.7,2.0
 4 Series,2019,32497,Semi-Auto,3214,Diesel,150,65.7,2.0
 3 Series,2019,28597,Semi-Auto,11300,Diesel,150,55.4,2.0
 4 Series,2018,27297,Semi-Auto,23358,Diesel,145,65.7,2.0
 3 Series,2016,18197,Semi-Auto,66362,Diesel,30,62.8,2.0
 4 Series,2018,28597,Semi-Auto,15600,Diesel,145,65.7,2.0
 3 Series,2018,21178,Semi-Auto,25329,Petrol,145,51.4,1.5
 3 Series,2014,15458,Semi-Auto,54335,Diesel,30,62.8,2.0
 1 Series,2015,14288,Semi-Auto,45000,Diesel,20,72.4,1.5
 3 Series,2017,22747,Automatic,58080,Hybrid,0,134.5,2.0
 4 Series,2017,25997,Semi-Auto,8333,Petrol,145,48.7,2.0
 5 Series,2016,22747,Semi-Auto,19218,Diesel,30,62.8,2.0
 X1,2016,24436,Automatic,13505,Diesel,125,57.6,2.0
 3 Series,2016,21771,Semi-Auto,25513,Diesel,145,56.5,3.0
 3 Series,2017,24761,Automatic,16844,Diesel,145,56.5,3.0
 3 Series,2017,18265,Manual,20829,Petrol,145,48.7,2.0
 5 Series,2016,18188,Semi-Auto,44002,Diesel,20,68.9,2.0
 1 Series,2016,19488,Manual,7000,Diesel,30,65.7,2.0
 1 Series,2016,17538,Manual,24000,Diesel,30,65.7,2.0
 1 Series,2017,16238,Manual,19167,Diesel,20,68.9,2.0
 2 Series,2015,15183,Manual,46200,Petrol,30,54.3,1.5
 3 Series,2013,13221,Manual,49102,Diesel,125,57.6,2.0
 2 Series,2017,20475,Semi-Auto,18652,Diesel,145,65.7,2.0
 1 Series,2016,18064,Semi-Auto,31453,Diesel,20,67.3,2.0
 1 Series,2018,17284,Manual,18712,Diesel,145,50.4,2.0
 5 Series,2015,22100,Semi-Auto,40750,Diesel,160,50.4,3.0
 3 Series,2015,16900,Manual,61443,Petrol,200,39.8,2.0
 2 Series,2018,22097,Manual,5898,Petrol,145,42.2,1.5
 2 Series,2015,24697,Semi-Auto,24859,Petrol,260,37.2,3.0
 2 Series,2019,22097,Manual,3935,Petrol,150,40.9,1.5
 3 Series,2017,24694,Semi-Auto,23505,Diesel,145,64.2,2.0
 2 Series,2014,15599,Manual,31289,Diesel,30,62.8,2.0
 2 Series,2014,15599,Manual,31289,Diesel,30,62.8,2.0
 2 Series,2018,22747,Semi-Auto,5346,Petrol,145,39.8,1.5
 X1,2017,24697,Semi-Auto,32217,Diesel,145,55.4,2.0
 3 Series,2014,16897,Manual,31826,Diesel,125,57.6,2.0
 X4,2016,27297,Semi-Auto,62862,Diesel,205,47.9,3.0
 3 Series,2017,18847,Semi-Auto,38328,Petrol,150,51.4,2.0
 5 Series,2018,33797,Semi-Auto,30810,Diesel,150,60.1,3.0
 1 Series,2019,25347,Semi-Auto,9739,Diesel,145,67.3,2.0
 X1,2017,24697,Semi-Auto,28686,Diesel,125,57.6,2.0
 2 Series,2018,19497,Manual,20001,Petrol,150,50.4,1.5
 8 Series,2019,90867,Automatic,4075,Petrol,145,26.7,3.0
 3 Series,2019,38997,Semi-Auto,8765,Petrol,145,41.5,2.0
 8 Series,2019,110367,Semi-Auto,3185,Petrol,145,24.4,4.4
 M4,2019,58367,Semi-Auto,8124,Petrol,145,34.0,3.0
 X5,2016,42897,Automatic,12525,Diesel,200,47.1,3.0
 5 Series,2019,40297,Semi-Auto,11675,Diesel,145,56.5,3.0
 2 Series,2018,23397,Semi-Auto,5877,Petrol,145,40.9,1.5
 3 Series,2019,33667,Semi-Auto,11917,Diesel,150,52.3,2.0
 3 Series,2019,37567,Semi-Auto,1250,Petrol,145,42.2,2.0
 3 Series,2017,25867,Semi-Auto,40238,Diesel,145,53.3,3.0
 5 Series,2017,31067,Semi-Auto,11896,Diesel,30,65.7,2.0
 1 Series,2017,22747,Semi-Auto,17640,Diesel,145,65.7,2.0
 2 Series,2016,16247,Manual,16793,Petrol,30,57.6,1.5
 3 Series,2017,23397,Semi-Auto,32000,Diesel,145,62.8,2.0
 7 Series,2018,33797,Semi-Auto,22892,Petrol,145,41.5,3.0
 8 Series,2019,88267,Semi-Auto,7903,Diesel,145,38.2,3.0
 1 Series,2017,26647,Semi-Auto,16875,Petrol,145,39.8,3.0
 4 Series,2019,28597,Semi-Auto,11032,Diesel,145,65.7,2.0
 1 Series,2018,20147,Manual,5953,Petrol,150,53.3,1.5
 1 Series,2017,17807,Semi-Auto,12102,Diesel,0,78.5,1.5
 5 Series,2017,31197,Semi-Auto,13970,Diesel,145,65.7,2.0
 6 Series,2016,29637,Semi-Auto,19366,Petrol,260,36.7,3.0
 M4,2018,47447,Semi-Auto,7732,Petrol,145,34.0,3.0
 X1,2017,25347,Semi-Auto,18798,Diesel,145,55.4,2.0
 2 Series,2017,20797,Semi-Auto,30330,Diesel,145,64.2,2.0
 4 Series,2018,25347,Semi-Auto,27198,Diesel,145,65.7,2.0
 1 Series,2017,18847,Manual,28831,Diesel,145,65.7,2.0
 X1,2014,12997,Semi-Auto,68647,Diesel,160,52.3,2.0
 1 Series,2017,26325,Semi-Auto,20336,Petrol,200,39.8,3.0
 6 Series,2016,24358,Automatic,37868,Diesel,160,51.4,3.0
 3 Series,2017,26647,Automatic,17521,Diesel,145,53.3,3.0
 3 Series,2016,22487,Semi-Auto,27985,Hybrid,0,134.5,2.0
 1 Series,2014,12298,Manual,53872,Diesel,30,65.7,2.0
 3 Series,2013,14105,Automatic,73271,Diesel,145,55.4,3.0
 X5,2015,30538,Automatic,43271,Diesel,205,47.9,2.0
 2 Series,2018,21837,Manual,14534,Diesel,145,57.7,1.5
 3 Series,2019,30547,Automatic,9117,Diesel,145,54.3,2.0
 5 Series,2016,22747,Semi-Auto,29823,Diesel,160,51.4,3.0
 1 Series,2015,15535,Semi-Auto,67500,Diesel,20,67.3,2.0
 X4,2016,28594,Automatic,38900,Diesel,145,54.3,2.0
 1 Series,2016,18135,Semi-Auto,40000,Diesel,20,67.3,2.0
 3 Series,2015,19754,Semi-Auto,56000,Diesel,145,56.5,2.0
 5 Series,2014,20144,Semi-Auto,51565,Diesel,160,51.4,2.0
 X2,2019,31057,Semi-Auto,5743,Petrol,145,38.7,2.0
 1 Series,2016,14947,Manual,68985,Diesel,20,68.9,2.0
 3 Series,2018,22747,Semi-Auto,16149,Petrol,145,51.4,1.5
 M2,2019,63567,Semi-Auto,25,Petrol,145,29.1,3.0
 5 Series,2017,31847,Semi-Auto,20657,Diesel,145,60.1,2.0
 X1,2016,22097,Manual,13612,Diesel,125,60.1,2.0
 X5,2019,76567,Semi-Auto,10,Diesel,145,37.7,3.0
 X4,2020,57067,Semi-Auto,2679,Petrol,145,26.9,3.0
 1 Series,2016,24697,Manual,24997,Petrol,260,36.2,3.0
 X5,2019,64997,Semi-Auto,7101,Diesel,145,37.7,3.0
 2 Series,2015,25867,Semi-Auto,11711,Petrol,260,37.2,3.0
 5 Series,2017,31067,Semi-Auto,46954,Diesel,145,60.1,3.0
 M4,2019,59667,Semi-Auto,25,Petrol,145,34.0,3.0
 1 Series,2016,23267,Manual,26447,Petrol,300,35.3,3.0
 X1,2016,27297,Semi-Auto,26821,Petrol,160,44.8,2.0
 1 Series,2017,20147,Manual,19217,Petrol,150,52.3,1.5
 i3,2017,25997,Automatic,41146,Hybrid,0,470.8,0.0
 3 Series,2017,25997,Semi-Auto,24059,Diesel,150,53.3,3.0
 i3,2017,28467,Automatic,10839,Hybrid,0,470.8,0.0
 3 Series,2019,34967,Semi-Auto,10707,Diesel,150,52.3,2.0
 3 Series,2019,30287,Semi-Auto,10785,Diesel,150,54.3,2.0
 3 Series,2019,38997,Semi-Auto,10035,Petrol,145,41.5,2.0
 M4,2019,62267,Semi-Auto,5650,Petrol,145,32.5,3.0
 2 Series,2019,31067,Automatic,6375,Diesel,145,61.4,2.0
 4 Series,2019,40167,Semi-Auto,6123,Diesel,150,49.6,3.0
 6 Series,2014,23267,Semi-Auto,64215,Diesel,160,49.6,3.0
 X2,2019,36267,Semi-Auto,3770,Diesel,145,50.4,2.0
 X5,2018,47967,Automatic,33012,Petrol,150,29.1,4.4
 3 Series,2017,25867,Semi-Auto,30824,Hybrid,140,134.5,2.0
 M4,2019,53235,Semi-Auto,19322,Petrol,150,34.0,3.0
 X1,2017,23270,Manual,34625,Diesel,150,60.1,2.0
 4 Series,2015,18194,Manual,33755,Petrol,160,44.8,2.0
 3 Series,2013,13260,Manual,56423,Petrol,200,40.4,2.0
 5 Series,2017,27872,Semi-Auto,34779,Diesel,150,62.8,2.0
 5 Series,2016,23900,Semi-Auto,45356,Diesel,160,51.4,3.0
 4 Series,2018,28392,Semi-Auto,10291,Diesel,150,65.7,2.0
 3 Series,2015,21424,Semi-Auto,57377,Diesel,165,51.4,3.0
 5 Series,2016,20130,Semi-Auto,50492,Diesel,30,62.8,2.0
 5 Series,2019,34837,Semi-Auto,16128,Diesel,145,60.1,2.0
 3 Series,2019,42894,Manual,612,Diesel,145,54.3,2.0
 4 Series,2016,31187,Semi-Auto,22254,Petrol,200,41.5,3.0
 2 Series,2016,27937,Semi-Auto,20348,Petrol,200,39.8,3.0
 X3,2019,51350,Semi-Auto,1704,Diesel,145,54.3,2.0
 X3,2019,51350,Semi-Auto,105,Diesel,145,54.3,2.0
 X3,2019,47970,Semi-Auto,2367,Diesel,145,54.3,2.0
 X2,2018,31070,Semi-Auto,3391,Diesel,145,61.4,2.0
 3 Series,2018,26000,Semi-Auto,17892,Diesel,145,60.1,2.0
 X7,2019,97487,Semi-Auto,9200,Diesel,145,31.4,3.0
 X5,2019,71370,Semi-Auto,10,Diesel,150,37.7,3.0
 X1,2017,23127,Semi-Auto,36885,Diesel,125,60.1,2.0
 6 Series,2019,41600,Semi-Auto,2500,Petrol,150,42.8,2.0
 X1,2017,28597,Semi-Auto,5020,Diesel,145,60.1,2.0
 1 Series,2016,18197,Manual,19188,Diesel,20,70.6,1.5
 1 Series,2019,21450,Manual,5450,Diesel,145,72.4,1.5
 3 Series,2019,44200,Semi-Auto,4650,Diesel,145,47.9,3.0
 5 Series,2019,37700,Semi-Auto,4727,Diesel,145,62.8,2.0
 3 Series,2019,42887,Semi-Auto,5400,Diesel,145,49.6,2.0
 3 Series,2019,39000,Manual,5385,Diesel,145,54.3,2.0
 7 Series,2016,42900,Semi-Auto,18190,Petrol,200,40.4,3.0
 3 Series,2019,45500,Semi-Auto,7685,Diesel,145,48.7,2.0
 1 Series,2017,19367,Manual,28133,Diesel,145,65.7,2.0
 5 Series,2019,38997,Semi-Auto,5000,Diesel,145,62.8,2.0
 4 Series,2019,37567,Semi-Auto,5000,Petrol,145,48.7,2.0
 3 Series,2019,34447,Semi-Auto,16151,Diesel,145,48.7,2.0
 X5,2014,24697,Automatic,84512,Diesel,205,47.9,2.0
 1 Series,2013,9097,Manual,57125,Petrol,150,49.6,1.6
 X2,2018,29767,Semi-Auto,21150,Petrol,145,38.7,2.0
 3 Series,2016,24567,Automatic,13493,Petrol,160,44.1,2.0
 X1,2017,25347,Automatic,27490,Diesel,145,57.6,2.0
 5 Series,2019,38867,Semi-Auto,7730,Diesel,145,60.1,2.0
 1 Series,2019,33667,Manual,3000,Petrol,145,41.5,1.5
 3 Series,2019,38997,Manual,5000,Diesel,145,54.3,2.0
 3 Series,2018,28467,Semi-Auto,6425,Petrol,145,48.7,2.0
 X3,2019,70067,Semi-Auto,6520,Petrol,145,24.8,3.0
 3 Series,2019,31067,Automatic,11603,Diesel,145,52.3,2.0
 1 Series,2019,25477,Semi-Auto,11308,Diesel,145,67.3,2.0
 1 Series,2019,24697,Semi-Auto,10974,Diesel,145,48.7,2.0
 1 Series,2016,20147,Semi-Auto,35340,Diesel,30,65.7,2.0
 4 Series,2019,38987,Semi-Auto,10013,Diesel,145,49.6,3.0
 4 Series,2019,38987,Semi-Auto,6644,Diesel,145,49.6,3.0
 1 Series,2019,43550,Semi-Auto,5354,Diesel,145,48.7,2.0
 6 Series,2018,37044,Semi-Auto,21525,Diesel,145,49.6,3.0
 X1,2015,21970,Semi-Auto,42530,Diesel,125,57.6,2.0
 5 Series,2019,33150,Automatic,1032,Diesel,145,65.7,2.0
 X2,2018,30875,Semi-Auto,15093,Diesel,145,58.9,2.0
 3 Series,2019,34307,Semi-Auto,5288,Diesel,145,57.7,2.0
 4 Series,2019,32500,Semi-Auto,10996,Diesel,145,60.1,2.0
 1 Series,2019,24687,Manual,6615,Diesel,145,70.6,1.5
 1 Series,2019,24570,Manual,5379,Diesel,145,70.6,1.5
 M3,2017,49400,Semi-Auto,14894,Petrol,300,34.0,3.0
 X2,2019,29900,Semi-Auto,929,Petrol,145,40.4,2.0
 3 Series,2017,25987,Semi-Auto,25212,Diesel,145,62.8,2.0
 X4,2019,57200,Semi-Auto,3253,Petrol,145,26.9,3.0
 4 Series,2019,35100,Semi-Auto,1400,Diesel,145,65.7,2.0
 1 Series,2019,45487,Semi-Auto,4020,Diesel,145,48.7,2.0
 X1,2019,37050,Manual,105,Diesel,145,68.9,2.0
 X1,2019,40937,Manual,105,Diesel,145,60.1,2.0
 X1,2019,40170,Semi-Auto,678,Diesel,145,65.7,2.0
 X1,2016,25805,Semi-Auto,14542,Diesel,125,60.1,2.0
 X1,2016,24037,Manual,19064,Diesel,125,60.1,2.0
 5 Series,2018,36387,Semi-Auto,18327,Diesel,145,60.1,3.0
 X1,2019,29250,Manual,1272,Petrol,145,54.3,1.5
 X4,2018,44200,Semi-Auto,935,Diesel,145,42.8,2.0
 X1,2016,24700,Semi-Auto,15605,Diesel,125,60.1,2.0
 1 Series,2019,33137,Semi-Auto,5379,Petrol,145,39.8,3.0
 X3,2016,27300,Semi-Auto,15989,Diesel,145,54.3,2.0
 X3,2016,25337,Semi-Auto,43688,Diesel,145,54.3,2.0
 2 Series,2018,22097,Manual,12792,Diesel,150,51.4,2.0
 3 Series,2017,27167,Semi-Auto,17131,Diesel,150,64.2,2.0
 X4,2019,44067,Semi-Auto,10792,Diesel,150,42.8,2.0
 X3,2017,31850,Semi-Auto,12674,Diesel,145,54.3,2.0
 2 Series,2019,29250,Semi-Auto,5058,Petrol,145,50.4,2.0
 3 Series,2018,32487,Semi-Auto,13271,Diesel,150,53.3,3.0
 i8,2019,87750,Automatic,6000,Hybrid,140,141.2,1.5
 X1,2016,25084,Semi-Auto,13049,Diesel,125,57.6,2.0
 2 Series,2015,19497,Semi-Auto,29809,Diesel,20,68.9,2.0
 7 Series,2019,63567,Semi-Auto,5000,Petrol,145,34.5,3.0
 2 Series,2016,19497,Semi-Auto,32274,Petrol,125,51.4,1.5
 1 Series,2013,14297,Semi-Auto,41501,Diesel,30,64.2,2.0
 3 Series,2016,18197,Manual,47274,Petrol,200,41.5,2.0
 3 Series,2016,17547,Semi-Auto,45341,Diesel,0,74.3,2.0
 X3,2015,22097,Semi-Auto,73312,Diesel,145,54.3,2.0
 2 Series,2019,35750,Automatic,3286,Petrol,145,39.8,3.0
 2 Series,2019,28600,Manual,3266,Petrol,145,52.3,1.5
 2 Series,2019,28600,Manual,2560,Petrol,145,52.3,1.5
 2 Series,2019,27950,Manual,4067,Petrol,145,52.3,1.5
 5 Series,2019,39000,Semi-Auto,5479,Petrol,145,50.4,2.0
 5 Series,2019,47450,Semi-Auto,4971,Diesel,145,55.4,2.0
 2 Series,2019,29887,Manual,3205,Petrol,145,52.3,1.5
 3 Series,2019,42887,Semi-Auto,9503,Diesel,145,49.6,2.0
 i8,2017,63567,Automatic,36127,Hybrid,0,134.5,1.5
 X1,2016,27170,Semi-Auto,15537,Petrol,165,44.8,2.0
 2 Series,2016,20137,Manual,7390,Petrol,165,44.8,2.0
 1 Series,2019,28470,Manual,917,Petrol,150,44.8,1.5
 1 Series,2019,29770,Manual,969,Diesel,150,68.9,2.0
 7 Series,2019,61100,Semi-Auto,5113,Diesel,145,44.1,3.0
 X3,2019,44187,Semi-Auto,11,Diesel,145,54.3,2.0
 3 Series,2017,30550,Semi-Auto,21798,Diesel,145,49.6,3.0
 3 Series,2019,28600,Semi-Auto,10300,Diesel,145,55.4,2.0
 X5,2019,68250,Semi-Auto,5597,Diesel,145,37.7,3.0
 5 Series,2019,33800,Semi-Auto,12209,Diesel,145,62.8,2.0
 1 Series,2019,29900,Semi-Auto,1956,Diesel,145,60.1,2.0
 3 Series,2019,32367,Semi-Auto,13125,Diesel,145,52.3,2.0
 1 Series,2016,20147,Manual,20233,Diesel,30,62.8,2.0
 1 Series,2017,19497,Semi-Auto,48972,Diesel,150,65.7,2.0
 X5,2017,47967,Automatic,28193,Petrol,150,29.1,4.4
 7 Series,2019,60967,Semi-Auto,7200,Diesel,150,42.2,3.0
 M5,2019,81767,Semi-Auto,4200,Petrol,150,26.9,4.4
 4 Series,2016,28467,Semi-Auto,10000,Diesel,160,52.3,3.0
 2 Series,2018,27947,Semi-Auto,1749,Diesel,145,47.1,2.0
 3 Series,2018,33787,Semi-Auto,8344,Diesel,145,53.3,3.0
 X6,2019,84370,Semi-Auto,7200,Diesel,145,33.2,3.0
 4 Series,2020,35737,Semi-Auto,100,Diesel,145,60.1,2.0
 4 Series,2020,37687,Semi-Auto,100,Diesel,145,52.3,3.0
 4 Series,2020,39975,Semi-Auto,100,Diesel,145,50.4,3.0
 3 Series,2016,21697,Semi-Auto,30271,Diesel,145,53.3,3.0
 2 Series,2017,22097,Semi-Auto,25544,Diesel,145,64.2,2.0
 5 Series,2017,31197,Semi-Auto,13373,Diesel,145,65.7,2.0
 4 Series,2019,28597,Semi-Auto,17417,Diesel,145,65.7,2.0
 2 Series,2019,22097,Manual,7201,Petrol,150,42.8,1.5
 2 Series,2017,21837,Semi-Auto,23843,Diesel,145,64.2,2.0
 3 Series,2016,15597,Semi-Auto,78980,Diesel,30,70.6,2.0
 1 Series,2019,23397,Manual,6047,Petrol,145,56.5,1.5
 3 Series,2019,30287,Semi-Auto,14320,Diesel,145,54.3,2.0
 5 Series,2017,31587,Semi-Auto,13863,Diesel,145,60.1,2.0
 2 Series,2018,25987,Semi-Auto,5600,Diesel,145,49.6,2.0
 8 Series,2019,94887,Semi-Auto,8200,Petrol,145,26.7,4.4
 7 Series,2019,55887,Semi-Auto,9931,Diesel,145,44.1,3.0
 5 Series,2013,16628,Semi-Auto,55642,Diesel,145,55.4,2.0
 1 Series,2017,19488,Manual,20847,Petrol,145,52.3,1.5
 2 Series,2016,18847,Manual,16735,Diesel,20,74.3,1.5
 3 Series,2018,22097,Semi-Auto,21879,Petrol,150,51.4,1.5
 2 Series,2016,27287,Semi-Auto,21924,Petrol,260,37.2,3.0
 3 Series,2015,20787,Manual,43574,Petrol,200,39.8,2.0
 X2,2019,31850,Semi-Auto,10112,Diesel,145,61.4,2.0
 X4,2019,46137,Semi-Auto,6250,Diesel,145,42.8,2.0
 X3,2019,50570,Semi-Auto,3302,Diesel,145,48.7,3.0
 3 Series,2018,22906,Automatic,20461,Diesel,145,60.1,2.0
 3 Series,2017,25988,Semi-Auto,27123,Diesel,145,62.8,2.0
 2 Series,2015,15588,Manual,52656,Diesel,30,62.8,2.0
 3 Series,2016,25997,Semi-Auto,26711,Diesel,160,51.4,3.0
 3 Series,2017,20797,Semi-Auto,15931,Petrol,125,51.4,2.0
 X1,2016,24697,Manual,10935,Diesel,125,58.9,2.0
 3 Series,2019,35097,Semi-Auto,13268,Diesel,145,48.7,2.0
 2 Series,2019,26647,Semi-Auto,6195,Petrol,145,47.9,2.0
 2 Series,2015,15597,Semi-Auto,30738,Diesel,20,68.9,2.0
 2 Series,2019,24047,Semi-Auto,4079,Petrol,150,39.8,1.5
 X3,2015,19497,Semi-Auto,34348,Diesel,150,55.4,2.0
 3 Series,2018,28597,Semi-Auto,14008,Diesel,145,62.8,2.0
 1 Series,2016,24047,Semi-Auto,36523,Petrol,205,39.8,3.0
 3 Series,2015,20797,Semi-Auto,47812,Diesel,160,51.4,3.0
 Z4,2014,17547,Manual,22080,Petrol,205,41.5,2.0
 5 Series,2015,23397,Semi-Auto,41858,Diesel,200,48.7,3.0
 X4,2019,44197,Semi-Auto,4231,Diesel,150,42.8,2.0
 1 Series,2019,24697,Manual,12250,Diesel,150,70.6,1.5
 1 Series,2019,28467,Manual,4100,Petrol,150,41.5,1.5
 3 Series,2018,26182,Automatic,2674,Diesel,145,64.2,2.0
 4 Series,2018,29888,Semi-Auto,10990,Diesel,145,65.7,2.0
 X5,2015,25988,Automatic,62839,Diesel,200,47.9,3.0
 1 Series,2016,22097,Manual,21076,Petrol,300,35.3,3.0
 3 Series,2017,14947,Manual,51299,Petrol,125,52.3,1.5
 2 Series,2015,18587,Semi-Auto,25970,Diesel,125,58.9,2.0
 3 Series,2019,34447,Semi-Auto,11504,Petrol,150,41.5,2.0
 1 Series,2016,19497,Semi-Auto,25253,Petrol,125,54.3,1.5
 X3,2015,23787,Semi-Auto,58779,Diesel,145,54.3,2.0
 5 Series,2019,36007,Automatic,8722,Diesel,145,60.1,2.0
 3 Series,2015,16247,Manual,32082,Petrol,125,52.3,1.5
 Z4,2015,17547,Semi-Auto,48444,Petrol,200,41.5,2.0
 2 Series,2019,23787,Semi-Auto,1230,Petrol,145,50.4,2.0
 2 Series,2017,13000,Manual,51493,Petrol,30,55.4,1.5
 3 Series,2015,18188,Manual,37373,Diesel,30,64.2,2.0
 3 Series,2016,23075,Manual,15082,Petrol,200,41.5,2.0
 3 Series,2018,27937,Semi-Auto,18385,Petrol,145,48.7,2.0
 X1,2013,10397,Manual,64698,Diesel,160,51.4,2.0
 X1,2016,23397,Manual,14300,Diesel,125,58.9,2.0
 4 Series,2015,17157,Manual,62477,Diesel,30,62.8,2.0
 2 Series,2017,21447,Semi-Auto,24354,Diesel,145,64.2,2.0
 X6,2017,40297,Semi-Auto,21756,Diesel,145,47.1,3.0
 2 Series,2019,32497,Semi-Auto,8555,Diesel,145,46.3,2.0
 3 Series,2017,18197,Manual,37323,Diesel,150,67.3,2.0
 3 Series,2013,11037,Manual,68578,Diesel,30,61.4,2.0
 4 Series,2018,27950,Semi-Auto,768,Diesel,145,65.7,2.0
 2 Series,2015,20150,Semi-Auto,25180,Diesel,20,68.9,2.0
 5 Series,2017,28600,Semi-Auto,30109,Diesel,150,65.7,2.0
 3 Series,2017,24697,Semi-Auto,30355,Diesel,145,64.2,2.0
 1 Series,2017,18194,Semi-Auto,18124,Diesel,145,70.6,2.0
 X3,2014,18844,Semi-Auto,44000,Diesel,165,50.4,2.0
 3 Series,2013,9744,Manual,83000,Diesel,30,62.8,2.0
 X3,2017,26644,Semi-Auto,33275,Diesel,150,54.3,2.0
 3 Series,2019,38997,Semi-Auto,4918,Diesel,150,52.3,2.0
 2 Series,2017,21447,Semi-Auto,27811,Diesel,145,64.2,2.0
 2 Series,2017,22747,Semi-Auto,19307,Diesel,145,64.2,2.0
 2 Series,2017,22747,Semi-Auto,21809,Diesel,145,64.2,2.0
 2 Series,2017,21837,Semi-Auto,25884,Diesel,145,64.2,2.0
 X3,2016,27297,Semi-Auto,25574,Diesel,145,54.3,2.0
 3 Series,2018,25997,Semi-Auto,4807,Diesel,145,64.2,2.0
 X3,2016,22097,Semi-Auto,63589,Diesel,145,54.3,2.0
 1 Series,2016,18587,Manual,22265,Diesel,20,70.6,1.5
 1 Series,2016,16897,Semi-Auto,31879,Diesel,0,78.5,1.5
 4 Series,2017,22097,Semi-Auto,64473,Diesel,125,58.9,2.0
 2 Series,2016,15207,Manual,36250,Diesel,30,65.7,2.0
 2 Series,2015,18847,Semi-Auto,19236,Petrol,145,47.9,2.0
 X1,2017,24307,Semi-Auto,41384,Diesel,145,55.4,2.0
 X5,2015,30447,Automatic,31526,Diesel,200,47.9,3.0
 3 Series,2017,28597,Semi-Auto,30963,Diesel,145,53.3,3.0
 5 Series,2018,29247,Semi-Auto,31660,Diesel,145,62.8,2.0
 2 Series,2017,22487,Semi-Auto,23752,Diesel,145,64.2,2.0
 1 Series,2015,15594,Manual,38000,Petrol,125,52.3,1.5
 5 Series,2016,21447,Semi-Auto,32298,Diesel,30,62.8,2.0
 1 Series,2015,22087,Automatic,35046,Petrol,235,37.7,3.0
 3 Series,2017,25411,Automatic,29184,Diesel,145,51.4,3.0
 3 Series,2016,19799,Automatic,46871,Diesel,145,56.5,3.0
 1 Series,2016,22880,Semi-Auto,31179,Petrol,235,37.7,3.0
 X1,2016,21576,Automatic,47277,Diesel,145,55.4,2.0
 3 Series,2017,26256,Automatic,33443,Diesel,145,53.3,3.0
 4 Series,2016,21294,Automatic,39563,Diesel,30,65.7,2.0
 3 Series,2016,19488,Semi-Auto,20923,Diesel,20,70.6,2.0
 2 Series,2018,25994,Automatic,12272,Petrol,145,47.9,2.0
 1 Series,2013,12987,Manual,29000,Petrol,145,48.7,2.0
 3 Series,2017,25994,Semi-Auto,34634,Diesel,150,53.3,3.0
 X1,2017,25737,Semi-Auto,21700,Diesel,145,55.4,2.0
 X4,2019,44197,Semi-Auto,14404,Diesel,150,42.8,2.0
 3 Series,2019,32367,Semi-Auto,11249,Diesel,150,52.3,2.0
 3 Series,2016,21450,Semi-Auto,27444,Diesel,125,60.1,2.0
 3 Series,2016,21775,Semi-Auto,39750,Diesel,165,51.4,3.0
 5 Series,2016,21125,Semi-Auto,43000,Diesel,30,62.8,2.0
 3 Series,2013,15535,Semi-Auto,88000,Diesel,125,57.6,3.0
 X1,2017,26647,Semi-Auto,23651,Diesel,125,57.6,2.0
 2 Series,2014,18197,Manual,22086,Diesel,125,58.9,2.0
 1 Series,2019,25997,Semi-Auto,10027,Petrol,145,47.9,2.0
 2 Series,2018,29897,Semi-Auto,27542,Petrol,145,39.8,3.0
 X3,2016,26000,Semi-Auto,34334,Diesel,150,54.3,2.0
 X1,2018,30284,Semi-Auto,11570,Petrol,150,44.8,2.0
 3 Series,2019,33787,Semi-Auto,2980,Diesel,150,57.7,2.0
 3 Series,2015,25994,Semi-Auto,23338,Petrol,205,41.5,3.0
 X3,2019,49270,Semi-Auto,7776,Diesel,150,48.7,3.0
 5 Series,2013,13975,Semi-Auto,60611,Diesel,125,60.1,2.0
 3 Series,2013,12994,Semi-Auto,66000,Diesel,145,53.3,2.0
 X5,2017,40287,Automatic,31536,Diesel,200,47.1,3.0
 X6,2016,35087,Semi-Auto,32711,Diesel,200,47.1,3.0
 2 Series,2016,16897,Manual,20565,Diesel,0,74.3,1.5
 3 Series,2015,24047,Semi-Auto,27855,Diesel,160,51.4,3.0
 X1,2016,22747,Manual,15413,Diesel,125,58.9,2.0
 2 Series,2017,21447,Manual,29117,Diesel,145,62.8,2.0
 4 Series,2018,31197,Semi-Auto,8524,Diesel,150,52.3,3.0
 3 Series,2013,13387,Semi-Auto,51645,Diesel,30,62.8,2.0
 3 Series,2016,21707,Manual,14518,Diesel,125,58.9,2.0
 4 Series,2016,21849,Automatic,39218,Diesel,30,65.7,2.0
 5 Series,2017,23380,Semi-Auto,29337,Diesel,125,60.1,2.0
 4 Series,2016,29244,Automatic,13295,Petrol,260,37.2,3.0
 3 Series,2019,34950,Semi-Auto,11751,Petrol,145,42.2,2.0
 2 Series,2015,14944,Manual,41388,Diesel,20,74.3,1.5
 4 Series,2016,23120,Automatic,37032,Diesel,125,58.9,2.0
 4 Series,2015,22744,Semi-Auto,34802,Petrol,235,39.2,3.0
 2 Series,2017,24635,Automatic,23295,Petrol,200,39.8,3.0
 X6,2018,43485,Automatic,35706,Diesel,145,47.1,3.0
 1 Series,2016,13585,Semi-Auto,52562,Diesel,0,78.5,1.5
 4 Series,2014,18785,Manual,27405,Petrol,165,44.8,2.0
 2 Series,2018,21775,Manual,13052,Diesel,145,64.2,2.0
 3 Series,2017,27287,Semi-Auto,19842,Diesel,160,51.4,3.0
 3 Series,2014,14287,Manual,65077,Diesel,30,61.4,2.0
 X3,2013,6889,Semi-Auto,26000,Diesel,165,50.4,2.0
 3 Series,2017,24680,Semi-Auto,28173,Hybrid,0,134.5,2.0
 X1,2018,29894,Automatic,12848,Petrol,145,44.8,2.0
 2 Series,2018,25994,Automatic,11805,Hybrid,135,135.5,1.5
 5 Series,2017,29894,Automatic,17117,Diesel,145,65.7,2.0
 3 Series,2015,15275,Semi-Auto,60210,Diesel,125,58.9,2.0
 4 Series,2018,28587,Semi-Auto,24118,Diesel,150,65.7,2.0
 4 Series,2014,19175,Semi-Auto,60212,Diesel,125,58.9,2.0
 1 Series,2013,18187,Semi-Auto,38748,Petrol,235,37.7,3.0
 5 Series,2018,29887,Automatic,23891,Diesel,145,68.9,2.0
 5 Series,2018,29575,Semi-Auto,30500,Diesel,145,68.9,2.0
 3 Series,2014,13585,Manual,51030,Diesel,30,62.8,2.0
 3 Series,2013,16887,Semi-Auto,54073,Diesel,125,57.6,3.0
 M4,2017,45435,Semi-Auto,20750,Petrol,300,34.0,3.0
 X1,2015,12987,Manual,43877,Diesel,165,51.4,2.0
 4 Series,2014,19487,Semi-Auto,43000,Diesel,150,56.5,2.0
 3 Series,2015,17355,Semi-Auto,54695,Diesel,125,58.9,2.0
 3 Series,2017,18194,Manual,25345,Petrol,150,48.7,2.0
 5 Series,2014,18194,Semi-Auto,80500,Diesel,125,57.6,2.0
 6 Series,2017,30875,Automatic,25338,Diesel,200,49.6,3.0
 3 Series,2015,14937,Automatic,57855,Petrol,200,43.5,2.0
 X4,2014,22685,Automatic,67975,Diesel,200,47.9,3.0
 X6,2018,47447,Semi-Auto,4015,Diesel,145,47.1,3.0
 3 Series,2018,27947,Semi-Auto,20369,Diesel,145,60.1,2.0
 3 Series,2013,14294,Manual,27000,Diesel,30,61.4,2.0
 X5,2017,42247,Automatic,22306,Diesel,145,47.1,3.0
 4 Series,2015,25867,Semi-Auto,21803,Diesel,165,49.6,3.0
 7 Series,2017,35097,Semi-Auto,34017,Diesel,125,57.6,3.0
 5 Series,2016,15594,Manual,69850,Diesel,30,65.7,2.0
 1 Series,2013,10784,Manual,71797,Diesel,30,65.7,2.0
 3 Series,2018,24694,Semi-Auto,21010,Diesel,150,62.8,2.0
 6 Series,2016,29244,Semi-Auto,30252,Diesel,200,49.6,3.0
 3 Series,2017,24044,Semi-Auto,29999,Diesel,145,64.2,2.0
 4 Series,2017,24044,Automatic,33683,Diesel,30,65.7,2.0
 X5,2013,28587,Automatic,64979,Diesel,200,45.6,3.0
 X1,2017,23387,Semi-Auto,36687,Diesel,125,57.6,2.0
 4 Series,2015,17537,Manual,73581,Diesel,30,62.8,2.0
 3 Series,2015,18187,Automatic,37087,Diesel,125,61.4,2.0
 X5,2014,26637,Automatic,38000,Diesel,200,45.6,3.0
 5 Series,2016,21398,Semi-Auto,32998,Diesel,125,60.1,2.0
 3 Series,2015,22347,Automatic,34089,Diesel,160,51.4,3.0
 3 Series,2014,16634,Semi-Auto,63592,Diesel,125,60.1,2.0
 3 Series,2019,35097,Semi-Auto,14572,Diesel,145,48.7,2.0
 6 Series,2019,68250,Automatic,9000,Diesel,145,42.2,2.0
 X1,2017,22094,Semi-Auto,22000,Diesel,145,65.7,2.0
 X1,2017,19494,Manual,33600,Diesel,150,68.9,2.0
 X1,2016,22744,Manual,25000,Diesel,125,58.9,2.0
 5 Series,2014,19494,Semi-Auto,42313,Diesel,145,55.4,3.0
 X4,2018,44197,Semi-Auto,14777,Diesel,145,42.8,2.0
 3 Series,2018,35097,Semi-Auto,1426,Petrol,145,41.5,3.0
 M6,2016,46667,Semi-Auto,26642,Petrol,555,28.5,4.4
 X1,2016,24697,Semi-Auto,26098,Diesel,125,57.6,2.0
 3 Series,2014,18847,Semi-Auto,41419,Petrol,200,42.2,2.0
 X1,2017,24567,Semi-Auto,27720,Diesel,125,57.6,2.0
 X3,2015,27167,Semi-Auto,34104,Diesel,145,54.3,2.0
 1 Series,2019,28467,Semi-Auto,14720,Diesel,145,67.3,2.0
 5 Series,2017,29767,Semi-Auto,11303,Diesel,145,65.7,2.0
 5 Series,2016,14287,Manual,85635,Diesel,30,65.7,2.0
 4 Series,2016,20527,Semi-Auto,73921,Diesel,160,51.4,3.0
 4 Series,2015,20787,Automatic,67958,Diesel,160,51.4,3.0
 5 Series,2016,17804,Automatic,61989,Diesel,20,68.9,2.0
 4 Series,2016,18844,Manual,43052,Diesel,30,62.8,2.0
 1 Series,2015,16835,Automatic,31384,Diesel,30,65.7,2.0
 3 Series,2015,18837,Semi-Auto,55024,Diesel,30,62.8,2.0
 3 Series,2015,13741,Manual,59020,Diesel,125,57.6,2.0
 X5,2015,31226,Automatic,69358,Diesel,200,47.1,3.0
 X3,2014,18194,Semi-Auto,33655,Diesel,165,50.4,2.0
 3 Series,2015,13000,Manual,85515,Diesel,20,68.9,2.0
 2 Series,2018,25338,Automatic,7460,Diesel,145,47.1,2.0
 X3,2014,20267,Automatic,51362,Diesel,145,54.3,2.0
 X1,2016,22347,Manual,22197,Diesel,125,58.9,2.0
 1 Series,2017,27297,Semi-Auto,19479,Petrol,200,39.8,3.0
 1 Series,2017,27297,Semi-Auto,24999,Petrol,200,39.8,3.0
 2 Series,2015,15857,Manual,22812,Diesel,20,74.3,1.5
 2 Series,2016,25350,Semi-Auto,24790,Petrol,265,37.2,3.0
 6 Series,2017,33797,Semi-Auto,18895,Diesel,145,51.4,3.0
 4 Series,2019,38867,Semi-Auto,2145,Diesel,145,58.9,2.0
 1 Series,2015,18847,Manual,25640,Diesel,30,62.8,2.0
 1 Series,2019,23267,Semi-Auto,11804,Diesel,145,70.6,2.0
 3 Series,2019,29767,Semi-Auto,12226,Diesel,145,62.8,2.0
 3 Series,2019,28857,Semi-Auto,13004,Diesel,145,67.3,2.0
 1 Series,2016,20797,Semi-Auto,21914,Diesel,30,65.7,2.0
 2 Series,2019,27167,Automatic,8177,Hybrid,135,148.7,1.5
 3 Series,2015,15587,Semi-Auto,47742,Diesel,30,67.3,2.0
 3 Series,2018,25922,Automatic,20610,Petrol,145,48.7,2.0
 3 Series,2019,38997,Semi-Auto,3941,Petrol,145,41.5,2.0
 1 Series,2017,28597,Semi-Auto,12453,Petrol,145,39.8,3.0
 3 Series,2017,20927,Manual,26575,Diesel,30,64.2,2.0
 3 Series,2017,19887,Semi-Auto,42114,Petrol,125,51.4,1.5
 1 Series,2016,16894,Manual,18824,Diesel,20,70.6,2.0
 5 Series,2018,30875,Automatic,17280,Diesel,145,68.9,2.0
 3 Series,2017,25999,Semi-Auto,17347,Hybrid,140,134.5,2.0
 1 Series,2015,15989,Semi-Auto,46242,Diesel,30,62.8,2.0
 1 Series,2018,22097,Manual,14164,Petrol,145,46.3,2.0
 1 Series,2016,20797,Semi-Auto,11239,Diesel,20,68.9,1.5
 2 Series,2019,25347,Semi-Auto,5045,Diesel,145,51.4,2.0
 2 Series,2018,24697,Semi-Auto,7762,Petrol,150,50.4,1.5
 3 Series,2015,17934,Semi-Auto,92308,Diesel,150,54.3,3.0
 3 Series,2015,16244,Semi-Auto,57209,Diesel,125,61.4,2.0
 X1,2016,23075,Semi-Auto,47027,Diesel,145,55.4,2.0
 2 Series,2017,18980,Manual,10511,Diesel,150,68.9,2.0
 3 Series,2017,23271,Semi-Auto,16965,Petrol,145,46.3,2.0
 M4,2015,37956,Manual,37538,Petrol,325,32.1,3.0
 3 Series,2019,33397,Semi-Auto,21544,Petrol,145,42.2,2.0
 1 Series,2017,18433,Manual,32015,Diesel,145,68.9,2.0
 3 Series,2016,24253,Semi-Auto,41200,Diesel,150,53.3,3.0
 2 Series,2019,32097,Automatic,3479,Hybrid,135,113.0,1.5
 3 Series,2018,28197,Semi-Auto,12008,Petrol,145,48.7,2.0
 3 Series,2017,20794,Semi-Auto,23715,Diesel,150,65.7,2.0
 1 Series,2017,27294,Semi-Auto,31544,Petrol,145,39.8,3.0
 1 Series,2017,27294,Semi-Auto,31544,Petrol,145,39.8,3.0
 5 Series,2014,14944,Manual,65000,Diesel,125,57.6,2.0
 X1,2017,23134,Manual,24485,Diesel,125,58.9,2.0
 5 Series,2013,13644,Semi-Auto,83000,Diesel,125,57.6,2.0
 X4,2017,29894,Semi-Auto,35000,Diesel,150,54.3,2.0
 3 Series,2018,21054,Manual,37025,Diesel,150,67.3,2.0
 3 Series,2015,20404,Semi-Auto,59204,Diesel,200,49.6,3.0
 4 Series,2017,31200,Semi-Auto,20398,Diesel,145,50.4,3.0
 4 Series,2017,26503,Semi-Auto,19151,Diesel,145,65.7,2.0
 4 Series,2016,25658,Semi-Auto,29958,Diesel,30,65.7,2.0
 4 Series,2017,27183,Semi-Auto,16448,Diesel,145,65.7,2.0
 4 Series,2017,27521,Semi-Auto,8161,Diesel,145,65.7,2.0
 1 Series,2016,18220,Manual,34281,Diesel,20,70.6,1.5
 4 Series,2016,25845,Semi-Auto,21972,Diesel,30,65.7,2.0
 3 Series,2019,33787,Semi-Auto,5714,Diesel,145,52.3,2.0
 4 Series,2016,22094,Manual,29564,Diesel,30,62.8,2.0
 X5,2016,42894,Automatic,36804,Diesel,235,42.8,3.0
 3 Series,2017,21430,Semi-Auto,58081,Diesel,145,64.2,2.0
 1 Series,2016,14280,Manual,37500,Diesel,20,72.4,1.5
 5 Series,2017,30547,Semi-Auto,17231,Diesel,145,53.3,3.0
 3 Series,2015,15594,Semi-Auto,52385,Petrol,165,47.1,2.0
 1 Series,2016,18194,Semi-Auto,42565,Diesel,30,62.8,2.0
 M6,2016,48094,Semi-Auto,19000,Petrol,555,27.4,4.4
 4 Series,2017,32494,Semi-Auto,13543,Diesel,160,50.4,3.0
 X5,2015,33794,Automatic,43344,Diesel,200,47.1,3.0
 4 Series,2015,17544,Manual,42348,Petrol,200,40.4,2.0
 X5,2015,29894,Automatic,41622,Diesel,200,47.9,3.0
 2 Series,2018,22919,Semi-Auto,11056,Diesel,145,64.2,2.0
 M4,2017,43745,Semi-Auto,17834,Petrol,145,34.0,3.0
 1 Series,2017,28471,Semi-Auto,4775,Petrol,200,39.8,3.0
 X2,2019,43225,Semi-Auto,3673,Petrol,145,34.0,2.0
 X7,2019,86502,Semi-Auto,3218,Diesel,145,33.6,3.0
 4 Series,2019,32396,Semi-Auto,3689,Diesel,145,65.7,2.0
 3 Series,2015,22744,Semi-Auto,38249,Diesel,160,51.4,3.0
 4 Series,2016,18291,Semi-Auto,49922,Petrol,160,44.1,2.0
 4 Series,2016,22874,Semi-Auto,22868,Petrol,160,45.6,2.0
 3 Series,2019,42146,Semi-Auto,103,Diesel,145,52.3,2.0
 M6,2015,44391,Semi-Auto,34017,Petrol,555,28.5,4.4
 X1,2017,29329,Semi-Auto,17195,Diesel,145,60.1,2.0
 2 Series,2017,22729,Semi-Auto,34247,Diesel,30,65.7,2.0
 1 Series,2019,34190,Manual,5446,Diesel,145,53.3,2.0
 X2,2019,35074,Manual,103,Diesel,145,55.4,2.0
 X2,2019,42341,Semi-Auto,103,Petrol,145,34.0,2.0
 X1,2016,21814,Manual,32383,Diesel,20,68.9,2.0
 X1,2019,34580,Semi-Auto,5085,Diesel,145,60.1,2.0
 3 Series,2019,33800,Semi-Auto,4826,Diesel,145,60.1,2.0
 7 Series,2019,59020,Semi-Auto,2212,Diesel,145,42.2,3.0
 1 Series,2016,25727,Semi-Auto,15921,Petrol,235,37.7,3.0
 6 Series,2017,35356,Semi-Auto,6245,Diesel,145,51.4,3.0
 X3,2016,27924,Semi-Auto,44588,Diesel,200,47.9,3.0
 4 Series,2017,31057,Semi-Auto,19266,Diesel,145,49.6,3.0
 i8,2018,75231,Automatic,11278,Hybrid,135,134.5,1.5
 1 Series,2017,28795,Semi-Auto,16798,Petrol,200,39.8,3.0
 1 Series,2017,27699,Semi-Auto,12969,Petrol,145,39.8,3.0
 1 Series,2019,40018,Semi-Auto,6499,Petrol,145,34.5,2.0
 1 Series,2019,32920,Manual,7830,Petrol,145,41.5,1.5
 2 Series,2019,32227,Semi-Auto,2567,Diesel,145,48.7,2.0
 5 Series,2019,38610,Semi-Auto,3901,Petrol,145,46.3,2.0
 X2,2019,35356,Semi-Auto,3469,Diesel,145,58.9,2.0
 X5,2019,58240,Semi-Auto,7030,Diesel,145,37.7,3.0
 5 Series,2019,41925,Semi-Auto,11432,Diesel,145,51.4,3.0
 3 Series,2015,23397,Semi-Auto,22358,Diesel,145,56.5,3.0
 X1,2017,20797,Manual,26055,Diesel,20,68.9,2.0
 1 Series,2017,20407,Manual,10966,Diesel,150,65.7,2.0
 X3,2020,68783,Semi-Auto,101,Hybrid,135,5.5,2.0
 3 Series,2015,21707,Semi-Auto,38399,Diesel,145,56.5,3.0
 3 Series,2016,23007,Semi-Auto,27840,Hybrid,0,134.5,2.0
 3 Series,2016,27297,Semi-Auto,20756,Diesel,145,56.5,3.0
 X1,2016,21837,Automatic,46344,Diesel,145,55.4,2.0
 5 Series,2014,22204,Automatic,40267,Diesel,200,48.7,3.0
 5 Series,2016,24453,Semi-Auto,35404,Diesel,160,51.4,2.0
 4 Series,2020,61815,Semi-Auto,101,Diesel,145,60.1,2.0
 2 Series,2020,40495,Manual,101,Petrol,145,40.4,1.5
 X4,2020,69719,Semi-Auto,117,Diesel,145,40.9,3.0
 X5,2020,73151,Semi-Auto,117,Diesel,145,36.7,3.0
 3 Series,2020,52195,Semi-Auto,319,Petrol,145,42.2,2.0
 3 Series,2020,69238,Semi-Auto,347,Petrol,145,33.6,3.0
 X1,2016,21671,Manual,34393,Diesel,125,58.9,2.0
 7 Series,2014,17992,Automatic,59640,Diesel,160,50.4,3.0
 3 Series,2017,23244,Automatic,22170,Diesel,145,60.1,2.0
 1 Series,2017,17524,Manual,16627,Petrol,145,53.3,1.5
 3 Series,2017,27297,Semi-Auto,19822,Diesel,145,53.3,3.0
 1 Series,2016,22097,Manual,24311,Petrol,300,35.3,3.0
 3 Series,2015,21707,Semi-Auto,28321,Diesel,145,53.3,3.0
 5 Series,2017,29897,Automatic,14295,Diesel,145,55.4,2.0
 X5,2016,43807,Automatic,20708,Diesel,235,42.8,3.0
 X5,2013,27576,Automatic,51500,Diesel,200,45.6,3.0
 3 Series,2019,28668,Semi-Auto,10178,Diesel,145,55.4,2.0
 3 Series,2019,29097,Semi-Auto,10142,Diesel,145,55.4,2.0
 X2,2019,36694,Automatic,123,Diesel,145,47.9,2.0
 X2,2019,37190,Automatic,123,Diesel,145,50.4,2.0
 3 Series,2019,29006,Semi-Auto,7944,Diesel,145,55.4,2.0
 1 Series,2017,21763,Semi-Auto,30500,Diesel,150,67.3,2.0
 3 Series,2019,33717,Automatic,5948,Petrol,145,42.2,2.0
 X2,2019,33717,Automatic,4472,Diesel,145,50.4,2.0
 3 Series,2019,38163,Automatic,3412,Diesel,145,52.3,2.0
 1 Series,2017,18853,Semi-Auto,33242,Diesel,20,70.6,2.0
 7 Series,2018,40719,Semi-Auto,39196,Diesel,145,54.3,3.0
 4 Series,2019,40045,Semi-Auto,6903,Diesel,145,49.6,3.0
 X3,2016,28588,Semi-Auto,30057,Diesel,145,54.3,2.0
 X2,2019,38968,Automatic,123,Diesel,145,48.7,2.0
 X2,2019,38701,Automatic,123,Diesel,145,48.7,2.0
 X2,2019,38701,Automatic,123,Diesel,145,48.7,2.0
 X2,2019,38701,Automatic,123,Diesel,145,48.7,2.0
 X2,2019,38701,Automatic,123,Diesel,145,48.7,2.0
 4 Series,2019,38514,Automatic,1938,Petrol,145,41.5,3.0
 1 Series,2018,23390,Semi-Auto,8846,Petrol,145,37.2,1.5
 1 Series,2018,23286,Semi-Auto,9673,Petrol,145,37.2,1.5
 X1,2019,31824,Manual,2425,Petrol,145,51.4,1.5
 X1,2020,38988,Semi-Auto,2000,Diesel,145,47.9,2.0
 2 Series,2020,38988,Semi-Auto,1500,Petrol,145,47.9,2.0
 1 Series,2016,18837,Manual,34944,Diesel,30,62.8,2.0
 2 Series,2017,22844,Manual,11237,Petrol,145,44.1,2.0
 4 Series,2015,17215,Manual,71179,Diesel,30,62.8,2.0
 1 Series,2014,22480,Semi-Auto,35481,Petrol,235,37.7,3.0
 2 Series,2019,26359,Automatic,4013,Petrol,145,53.3,1.5
 1 Series,2017,25730,Automatic,15867,Diesel,145,61.4,2.0
 1 Series,2018,23247,Semi-Auto,9993,Petrol,145,37.2,1.5
 X1,2018,31814,Semi-Auto,11253,Diesel,145,60.1,2.0
 X1,2017,25988,Semi-Auto,19396,Petrol,160,44.8,2.0
 X3,2019,55592,Semi-Auto,3844,Diesel,145,36.7,3.0
 1 Series,2019,36036,Manual,123,Diesel,145,53.3,2.0
 1 Series,2019,41678,Automatic,123,Diesel,145,48.7,2.0
 X2,2019,37190,Automatic,123,Diesel,145,50.4,2.0
 2 Series,2019,28335,Automatic,11189,Diesel,145,67.3,2.0
 X4,2019,44884,Automatic,5744,Diesel,145,42.8,2.0
 3 Series,2019,43992,Automatic,123,Petrol,145,42.2,2.0
 X3,2019,49426,Automatic,123,Diesel,145,54.3,2.0
 X3,2019,49179,Automatic,123,Diesel,145,54.3,2.0
 1 Series,2019,36400,Automatic,123,Diesel,145,51.4,2.0
 3 Series,2019,44681,Automatic,123,Diesel,145,50.4,2.0
 1 Series,2019,34814,Manual,123,Diesel,145,53.3,2.0
 4 Series,2019,38748,Automatic,1649,Petrol,145,41.5,3.0
 X4,2019,52021,Automatic,6648,Petrol,145,26.9,3.0
 1 Series,2017,28564,Automatic,25000,Petrol,145,39.8,3.0
 X3,2019,40906,Automatic,6070,Diesel,145,54.3,2.0
 2 Series,2019,29271,Automatic,5215,Petrol,145,47.9,2.0
 2 Series,2017,19436,Manual,22887,Petrol,145,55.4,1.5
 5 Series,2016,23388,Semi-Auto,30089,Diesel,125,60.1,2.0
 3 Series,2017,24196,Semi-Auto,25000,Diesel,30,64.2,2.0
 X2,2019,39346,Automatic,123,Diesel,145,58.9,2.0
 X2,2019,35009,Semi-Auto,4030,Petrol,145,40.4,2.0
 2 Series,2019,25246,Manual,4601,Petrol,145,44.1,1.5
 2 Series,2019,28496,Semi-Auto,7060,Diesel,145,49.6,2.0
 2 Series,2019,31772,Semi-Auto,5639,Diesel,145,49.6,2.0
 X1,2019,32526,Semi-Auto,5197,Petrol,145,38.2,2.0
 X6,2018,51466,Semi-Auto,12648,Diesel,145,40.9,3.0
 3 Series,2019,44564,Automatic,123,Diesel,145,50.4,2.0
 1 Series,2019,36049,Manual,123,Diesel,145,53.3,2.0
 3 Series,2019,44083,Automatic,123,Diesel,145,50.4,2.0
 2 Series,2019,32014,Automatic,123,Diesel,145,49.6,2.0
 1 Series,2019,34203,Manual,123,Diesel,145,53.3,2.0
 7 Series,2019,64987,Automatic,123,Diesel,145,44.8,3.0
 Z4,2019,40287,Semi-Auto,2389,Petrol,145,38.7,2.0
 X3,2019,39260,Semi-Auto,19915,Petrol,145,30.4,2.0
 3 Series,2018,28340,Semi-Auto,37052,Diesel,145,51.4,3.0
 3 Series,2018,32488,Semi-Auto,5243,Diesel,145,56.5,3.0
 5 Series,2016,20592,Manual,33700,Diesel,125,60.1,2.0
 X1,2018,24053,Manual,12800,Diesel,145,68.9,2.0
 4 Series,2019,35104,Manual,123,Diesel,145,62.8,2.0
 5 Series,2019,46553,Automatic,123,Petrol,145,48.7,2.0
 X5,2019,70083,Automatic,123,Diesel,145,37.7,3.0
 X3,2019,50570,Automatic,123,Diesel,145,54.3,2.0
 X5,2017,41470,Automatic,21379,Diesel,200,47.1,3.0
 3 Series,2019,48087,Semi-Auto,3501,Diesel,145,47.9,3.0
 3 Series,2016,22737,Semi-Auto,21804,Diesel,125,60.1,2.0
 X6,2017,46787,Semi-Auto,3550,Diesel,150,44.8,3.0
 X2,2018,29848,Semi-Auto,6350,Diesel,150,50.4,2.0
 2 Series,2018,27131,Semi-Auto,8090,Petrol,150,47.9,2.0
 7 Series,2017,35230,Semi-Auto,34335,Diesel,145,54.3,3.0
 X1,2019,35685,Automatic,123,Petrol,145,46.3,1.5
 X1,2019,36933,Automatic,123,Diesel,145,60.1,2.0
 X3,2019,40659,Automatic,7345,Petrol,145,30.4,2.0
 X5,2019,57247,Automatic,11436,Diesel,145,37.7,3.0
 1 Series,2020,35088,Semi-Auto,2000,Diesel,145,57.7,1.5
 X1,2020,38988,Semi-Auto,2000,Diesel,145,40.9,2.0
 5 Series,2019,40339,Automatic,123,Diesel,145,49.6,2.0
 X6,2019,84204,Semi-Auto,4193,Petrol,150,26.4,3.0
 4 Series,2019,29544,Automatic,9987,Diesel,145,65.7,2.0
 X2,2019,31169,Automatic,999,Petrol,145,38.7,2.0
 X1,2014,16682,Automatic,33100,Diesel,160,52.3,2.0
 M5,2019,89609,Automatic,123,Petrol,145,26.9,4.4
 2 Series,2019,31434,Semi-Auto,4001,Diesel,145,47.1,2.0
 2 Series,2019,28665,Semi-Auto,4488,Petrol,145,39.8,1.5
 2 Series,2019,37519,Automatic,123,Petrol,145,39.8,3.0
 3 Series,2019,45227,Automatic,123,Diesel,145,50.4,2.0
 X5,2019,82316,Automatic,123,Diesel,145,33.6,3.0
 4 Series,2019,39996,Automatic,123,Diesel,145,60.1,2.0
 X2,2019,35064,Automatic,123,Petrol,145,38.7,2.0
 X2,2019,35064,Automatic,123,Petrol,145,38.7,2.0
 X2,2019,35064,Automatic,123,Petrol,145,38.7,2.0
 2 Series,2016,15569,Manual,26089,Petrol,30,55.4,1.5
 1 Series,2020,32308,Manual,1510,Petrol,150,41.5,1.5
 3 Series,2017,23182,Semi-Auto,29943,Diesel,30,64.2,2.0
 5 Series,2015,24339,Semi-Auto,30000,Diesel,165,51.4,3.0
 X1,2017,26326,Semi-Auto,14598,Diesel,145,60.1,2.0
 X5,2019,62972,Automatic,8000,Diesel,145,37.7,3.0
 X1,2019,35672,Manual,123,Petrol,145,39.8,1.5
 X2,2019,35064,Automatic,123,Petrol,145,38.7,2.0
 X2,2019,35064,Automatic,123,Petrol,145,38.7,2.0
 X2,2019,35064,Automatic,123,Petrol,145,38.7,2.0
 X2,2019,35064,Automatic,123,Petrol,145,38.7,2.0
 X2,2019,35064,Automatic,123,Petrol,145,38.7,2.0
 X2,2019,35064,Automatic,123,Petrol,145,38.7,2.0
 X2,2019,35064,Automatic,123,Petrol,145,38.7,2.0
 X2,2019,35064,Automatic,123,Petrol,145,38.7,2.0
 1 Series,2017,20797,Semi-Auto,32317,Diesel,30,65.7,2.0
 3 Series,2015,20407,Semi-Auto,47167,Diesel,125,57.6,3.0
 3 Series,2016,20307,Manual,32927,Diesel,125,60.1,2.0
 2 Series,2019,29440,Manual,123,Petrol,145,52.3,1.5
 2 Series,2019,29440,Manual,123,Petrol,145,52.3,1.5
 X2,2019,35064,Automatic,123,Petrol,145,38.7,2.0
 X2,2019,35064,Automatic,123,Petrol,145,38.7,2.0
 X2,2019,35064,Automatic,123,Petrol,145,38.7,2.0
 X2,2019,35064,Automatic,123,Petrol,145,38.7,2.0
 X2,2019,35064,Automatic,123,Petrol,145,38.7,2.0
 X2,2019,35064,Automatic,123,Petrol,145,38.7,2.0
 X2,2019,35064,Automatic,123,Petrol,145,38.7,2.0
 X2,2019,35064,Automatic,123,Petrol,145,38.7,2.0
 1 Series,2014,14819,Semi-Auto,56926,Diesel,30,64.2,2.0
 1 Series,2016,14313,Manual,32068,Diesel,20,72.4,1.5
 3 Series,2015,20241,Automatic,53669,Diesel,160,51.4,3.0
 1 Series,2016,18846,Manual,9574,Diesel,30,62.8,2.0
 3 Series,2018,23413,Manual,36039,Diesel,145,58.9,2.0
 1 Series,2015,13649,Manual,60000,Diesel,20,70.6,1.5
 X3,2019,39260,Semi-Auto,17647,Petrol,145,30.4,2.0
 2 Series,2019,29440,Manual,123,Petrol,145,52.3,1.5
 2 Series,2019,29440,Manual,123,Petrol,145,52.3,1.5
 2 Series,2019,29440,Manual,123,Petrol,145,52.3,1.5
 2 Series,2019,29440,Manual,123,Petrol,145,52.3,1.5
 X1,2019,36634,Automatic,123,Petrol,145,39.8,1.5
 X1,2019,36647,Automatic,123,Petrol,145,39.8,1.5
 X1,2019,35672,Manual,123,Petrol,145,39.8,1.5
 X1,2019,35672,Manual,123,Petrol,145,39.8,1.5
 4 Series,2019,39430,Automatic,123,Petrol,145,48.7,2.0
 4 Series,2019,45558,Automatic,123,Diesel,145,50.4,3.0
 4 Series,2019,38520,Automatic,123,Diesel,145,65.7,2.0
 4 Series,2019,36514,Automatic,123,Petrol,145,48.7,2.0
 5 Series,2020,35217,Semi-Auto,3168,Hybrid,145,49.6,2.0
 4 Series,2019,42653,Automatic,8647,Petrol,145,41.5,3.0
 X2,2019,33566,Automatic,6106,Diesel,145,61.4,2.0
 X4,2019,53989,Automatic,4000,Diesel,145,37.2,3.0
 2 Series,2019,30536,Automatic,123,Diesel,145,65.7,2.0
 X3,2019,42089,Automatic,2489,Diesel,145,54.3,2.0
 5 Series,2019,40157,Automatic,123,Petrol,145,47.9,2.0
 4 Series,2019,38169,Automatic,123,Diesel,145,65.7,2.0
 5 Series,2019,38779,Automatic,123,Petrol,145,50.4,2.0
 X1,2019,31188,Manual,4480,Petrol,145,51.4,1.5
 1 Series,2019,31408,Manual,5181,Petrol,145,41.5,1.5
 1 Series,2019,40391,Automatic,6000,Petrol,145,34.5,2.0
 1 Series,2020,38974,Semi-Auto,4362,Diesel,145,48.7,2.0
 4 Series,2016,25665,Semi-Auto,21660,Petrol,160,45.6,2.0
 5 Series,2014,20192,Semi-Auto,36919,Diesel,125,60.1,2.0
 X2,2019,33679,Manual,151,Diesel,150,53.3,2.0
 1 Series,2017,29107,Semi-Auto,18511,Petrol,145,39.8,3.0
 5 Series,2015,18174,Semi-Auto,29719,Diesel,20,68.9,2.0
 2 Series,2019,27763,Semi-Auto,15006,Petrol,145,47.9,2.0
 2 Series,2019,27339,Automatic,7738,Diesel,145,49.6,2.0
 3 Series,2019,37466,Manual,123,Diesel,145,56.5,2.0
 2 Series,2019,28415,Manual,123,Diesel,145,61.4,2.0
 1 Series,2017,26625,Manual,25000,Petrol,145,36.2,3.0
 5 Series,2017,32984,Semi-Auto,8500,Diesel,145,60.1,2.0
 4 Series,2020,41792,Semi-Auto,16,Diesel,145,60.1,2.0
 4 Series,2014,18578,Manual,29000,Petrol,200,40.9,2.0
 X2,2019,38701,Automatic,123,Diesel,145,48.7,2.0
 X2,2019,39742,Automatic,123,Diesel,145,58.9,2.0
 2 Series,2019,30319,Manual,123,Petrol,145,52.3,1.5
 5 Series,2017,26991,Semi-Auto,17590,Diesel,145,68.9,2.0
 1 Series,2019,34736,Manual,3710,Diesel,145,53.3,2.0
 2 Series,2019,32838,Semi-Auto,3697,Petrol,145,48.7,2.0
 X3,2019,73112,Automatic,6000,Petrol,145,24.8,3.0
 4 Series,2019,31372,Semi-Auto,4000,Diesel,150,65.7,2.0
 2 Series,2019,30319,Manual,123,Petrol,145,52.3,1.5
 3 Series,2014,19464,Semi-Auto,33287,Diesel,145,55.4,2.0
 4 Series,2019,38169,Automatic,123,Diesel,145,65.7,2.0
 4 Series,2019,38169,Automatic,123,Diesel,145,65.7,2.0
 X2,2019,33184,Semi-Auto,5161,Diesel,145,61.4,2.0
 5 Series,2019,48386,Automatic,123,Diesel,145,60.1,3.0
 X2,2019,29627,Automatic,8477,Diesel,145,49.6,2.0
 3 Series,2019,44681,Automatic,123,Diesel,145,50.4,2.0
 3 Series,2019,44681,Automatic,123,Diesel,145,50.4,2.0
 1 Series,2019,36218,Automatic,14147,Diesel,145,51.4,2.0
 3 Series,2019,45825,Automatic,123,Diesel,145,47.9,3.0
 2 Series,2019,31550,Automatic,123,Diesel,145,49.6,2.0
 1 Series,2019,35633,Automatic,123,Diesel,145,51.4,2.0
 3 Series,2019,48542,Automatic,123,Diesel,145,47.9,3.0
 2 Series,2019,29440,Manual,123,Petrol,145,52.3,1.5
 2 Series,2019,29440,Manual,123,Petrol,145,52.3,1.5
 2 Series,2019,29440,Manual,123,Petrol,145,52.3,1.5
 2 Series,2019,29440,Manual,123,Petrol,145,52.3,1.5
 2 Series,2019,29440,Manual,123,Petrol,145,52.3,1.5
 2 Series,2019,29440,Manual,123,Petrol,145,52.3,1.5
 2 Series,2019,29440,Manual,123,Petrol,145,52.3,1.5
 2 Series,2019,29440,Manual,123,Petrol,145,52.3,1.5
 2 Series,2019,28305,Automatic,123,Diesel,145,49.6,2.0
 3 Series,2019,41327,Automatic,123,Petrol,145,42.2,2.0
 4 Series,2016,34375,Semi-Auto,19344,Petrol,235,39.2,3.0
 5 Series,2018,32321,Automatic,10500,Diesel,145,65.7,2.0
 6 Series,2017,32009,Automatic,26000,Diesel,145,49.6,3.0
 X4,2019,61724,Automatic,123,Petrol,145,26.9,3.0
 X4,2019,61724,Automatic,123,Petrol,145,26.9,3.0
 3 Series,2019,38285,Automatic,123,Diesel,145,54.3,2.0
 2 Series,2019,28305,Automatic,123,Diesel,145,49.6,2.0
 1 Series,2019,31385,Semi-Auto,16000,Petrol,145,39.8,3.0
 2 Series,2019,29605,Automatic,123,Diesel,145,49.6,2.0
 3 Series,2019,36270,Manual,123,Diesel,145,61.4,2.0
 3 Series,2019,27256,Automatic,9582,Petrol,145,48.7,2.0
 5 Series,2015,22103,Semi-Auto,29116,Diesel,30,62.8,2.0
 M4,2018,50409,Manual,8869,Petrol,145,32.1,3.0
 X3,2019,42669,Semi-Auto,4550,Diesel,145,54.3,2.0
 2 Series,2017,29888,Semi-Auto,23730,Petrol,200,39.8,3.0
 X1,2019,30571,Automatic,4783,Petrol,145,46.3,1.5
 2 Series,2019,34718,Semi-Auto,49,Diesel,145,57.7,2.0
 X3,2019,41894,Automatic,4997,Petrol,145,30.4,2.0
 3 Series,2019,44187,Automatic,5621,Diesel,145,52.3,2.0
 1 Series,2018,22874,Semi-Auto,26268,Petrol,145,47.9,2.0
 X1,2016,20150,Semi-Auto,52061,Diesel,30,65.7,2.0
 2 Series,2019,27529,Manual,123,Diesel,145,65.7,2.0
 1 Series,2019,27924,Automatic,123,Diesel,145,67.3,2.0
 X2,2019,35064,Automatic,123,Petrol,145,38.7,2.0
 X3,2019,49829,Automatic,123,Diesel,145,54.3,2.0
 X1,2017,25350,Semi-Auto,20935,Diesel,125,60.1,2.0
 3 Series,2014,22100,Automatic,67455,Diesel,160,50.4,3.0
 1 Series,2016,18850,Manual,21646,Petrol,125,52.3,1.5
 3 Series,2017,29897,Semi-Auto,25585,Diesel,145,51.4,3.0
 1 Series,2017,25347,Manual,25163,Petrol,145,36.2,3.0
 1 Series,2017,27947,Semi-Auto,21564,Petrol,145,39.8,3.0
 3 Series,2016,20797,Semi-Auto,67915,Diesel,160,51.4,3.0
 4 Series,2017,25087,Semi-Auto,27119,Diesel,145,65.7,2.0
 X1,2017,27297,Semi-Auto,12624,Diesel,150,57.6,2.0
 X1,2016,19497,Semi-Auto,78843,Diesel,150,55.4,2.0
 2 Series,2019,30501,Automatic,123,Diesel,145,67.3,2.0
 2 Series,2019,29440,Manual,123,Petrol,145,52.3,1.5
 2 Series,2019,37519,Automatic,123,Petrol,145,39.8,3.0
 2 Series,2019,28980,Manual,123,Diesel,145,64.2,2.0
 2 Series,2019,29601,Manual,123,Diesel,145,64.2,2.0
 3 Series,2019,41678,Automatic,123,Diesel,145,60.1,2.0
 1 Series,2019,26988,Automatic,123,Petrol,145,48.7,2.0
 X5,2019,69095,Automatic,123,Diesel,145,37.7,3.0
 2 Series,2019,30107,Automatic,123,Petrol,145,50.4,1.5
 2 Series,2019,27529,Manual,123,Diesel,145,65.7,2.0
 5 Series,2019,54015,Automatic,123,Petrol,145,39.2,3.0
 2 Series,2019,28978,Manual,123,Diesel,145,64.2,2.0
 2 Series,2019,29601,Manual,123,Diesel,145,64.2,2.0
 2 Series,2019,31156,Automatic,123,Diesel,145,67.3,2.0
 2 Series,2019,31169,Automatic,20,Diesel,145,67.3,2.0
 1 Series,2019,25792,Semi-Auto,5077,Petrol,145,55.5,1.5
 X3,2019,43307,Semi-Auto,4999,Diesel,145,54.3,2.0
 X5,2019,64224,Semi-Auto,100,Diesel,145,37.7,3.0
 3 Series,2019,52783,Semi-Auto,3980,Petrol,145,34.9,3.0
 1 Series,2017,27947,Semi-Auto,19869,Petrol,150,39.8,3.0
 3 Series,2017,20407,Semi-Auto,21545,Petrol,150,54.3,1.5
 1 Series,2015,14297,Manual,23241,Diesel,0,83.1,1.5
 1 Series,2016,18200,Manual,14574,Diesel,20,70.6,1.5
 4 Series,2017,26416,Automatic,16876,Diesel,125,58.9,2.0
 2 Series,2015,12994,Manual,37500,Diesel,20,68.9,2.0
 5 Series,2017,24038,Semi-Auto,39128,Diesel,125,60.1,2.0
 1 Series,2014,15977,Manual,32014,Diesel,30,65.7,2.0
 3 Series,2017,24950,Semi-Auto,18014,Diesel,150,60.1,2.0
 4 Series,2017,27160,Semi-Auto,18278,Diesel,150,60.1,2.0
 1 Series,2017,27511,Semi-Auto,20508,Petrol,200,39.8,3.0
 3 Series,2019,47490,Semi-Auto,6850,Petrol,145,40.4,2.0
 X2,2019,36377,Semi-Auto,4264,Petrol,145,39.2,2.0
 1 Series,2017,27287,Semi-Auto,29934,Petrol,145,39.8,3.0
 3 Series,2016,22087,Semi-Auto,44563,Diesel,125,60.1,2.0
 1 Series,2017,23387,Semi-Auto,25877,Diesel,125,60.1,2.0
 1 Series,2014,12600,Manual,34000,Petrol,125,52.3,1.6
 X3,2019,44187,Automatic,1926,Diesel,145,54.3,2.0
 2 Series,2019,36387,Semi-Auto,3736,Diesel,145,48.7,2.0
 Z4,2019,41587,Automatic,11223,Petrol,145,37.2,2.0
 4 Series,2013,16877,Semi-Auto,47852,Petrol,145,47.1,2.0
 2 Series,2016,22537,Automatic,23030,Diesel,145,55.4,2.0
 4 Series,2019,34999,Semi-Auto,4068,Diesel,150,65.7,2.0
 3 Series,2015,20218,Semi-Auto,39029,Diesel,125,58.9,2.0
 X5,2019,66082,Semi-Auto,100,Diesel,145,37.7,3.0
 X1,2017,27706,Automatic,11253,Diesel,125,57.6,2.0
 X4,2019,55877,Automatic,9151,Diesel,145,37.2,3.0
 X1,2019,35061,Semi-Auto,10730,Diesel,145,50.4,2.0
 4 Series,2016,24066,Semi-Auto,21470,Diesel,30,65.7,2.0
 1 Series,2014,15954,Semi-Auto,31000,Diesel,20,67.3,2.0
 5 Series,2016,20647,Semi-Auto,44000,Diesel,125,60.1,2.0
 2 Series,2014,15993,Manual,31676,Diesel,125,58.9,2.0
 X1,2013,11434,Manual,70645,Diesel,165,51.4,2.0
 2 Series,2018,20794,Semi-Auto,21815,Diesel,150,68.9,2.0
 3 Series,2014,21450,Automatic,67455,Diesel,160,50.4,3.0
 2 Series,2016,13604,Manual,16228,Diesel,20,68.9,2.0
 2 Series,2019,24024,Manual,2771,Petrol,145,44.1,1.5
 4 Series,2019,32916,Automatic,5035,Diesel,145,65.7,2.0
 2 Series,2019,31850,Manual,2631,Diesel,145,55.4,2.0
 2 Series,2019,28405,Manual,3000,Petrol,145,51.4,1.5
 4 Series,2019,42888,Semi-Auto,5491,Petrol,145,44.8,2.0
 X2,2019,38701,Automatic,123,Diesel,145,48.7,2.0
 X2,2019,38186,Automatic,123,Diesel,145,50.4,2.0
 X2,2019,39469,Automatic,123,Diesel,145,48.7,2.0
 X2,2019,38188,Automatic,123,Diesel,145,50.4,2.0
 3 Series,2019,43693,Automatic,123,Petrol,145,41.5,2.0
 X3,2017,26442,Automatic,30443,Diesel,145,54.3,2.0
 3 Series,2018,23790,Automatic,30214,Diesel,145,62.8,2.0
 2 Series,2017,26649,Semi-Auto,14612,Petrol,145,38.2,3.0
 X1,2014,14730,Manual,30506,Diesel,160,51.4,2.0
 4 Series,2014,13974,Automatic,70116,Diesel,125,61.4,2.0
 3 Series,2015,17537,Semi-Auto,63981,Diesel,30,64.2,2.0
 5 Series,2015,15464,Semi-Auto,69356,Diesel,20,68.9,2.0
 4 Series,2015,18714,Manual,42745,Diesel,30,62.8,2.0
 X1,2016,24434,Automatic,14868,Petrol,160,44.8,2.0
 1 Series,2017,26975,Automatic,18347,Petrol,200,39.8,3.0
 3 Series,2017,22061,Manual,24015,Diesel,125,60.1,2.0
 4 Series,2017,27517,Semi-Auto,19041,Diesel,145,55.4,3.0
 4 Series,2016,23231,Semi-Auto,13298,Petrol,200,42.8,2.0
 Z4,2015,18448,Manual,19109,Petrol,200,41.5,2.0
 4 Series,2018,26516,Automatic,11068,Diesel,145,65.7,2.0
 X1,2016,22616,Manual,16243,Diesel,125,58.9,2.0
 3 Series,2017,27251,Semi-Auto,30607,Diesel,160,51.4,3.0
 3 Series,2016,26562,Semi-Auto,9939,Diesel,160,51.4,3.0
 2 Series,2017,20218,Semi-Auto,56718,Diesel,145,65.7,2.0
 1 Series,2016,17176,Manual,13778,Petrol,30,56.5,1.5
 3 Series,2019,34882,Semi-Auto,4039,Petrol,145,42.2,2.0
 3 Series,2019,35584,Semi-Auto,6336,Diesel,145,52.3,2.0
 1 Series,2013,15600,Semi-Auto,17988,Petrol,150,48.7,1.6
 1 Series,2016,14287,Manual,51000,Diesel,20,68.9,2.0
 3 Series,2015,18187,Manual,26948,Diesel,30,61.4,2.0
 4 Series,2017,27937,Semi-Auto,48957,Diesel,145,50.4,3.0
 2 Series,2016,16198,Manual,24158,Petrol,30,55.4,1.5
 1 Series,2016,12987,Manual,71603,Diesel,20,70.6,1.5
 1 Series,2018,18707,Manual,12063,Diesel,150,50.4,2.0
 2 Series,2016,24635,Automatic,22537,Petrol,260,37.2,3.0
 4 Series,2014,17069,Automatic,46833,Petrol,145,47.1,2.0
 3 Series,2018,28574,Semi-Auto,9684,Petrol,145,48.7,2.0
 5 Series,2016,20788,Semi-Auto,21476,Diesel,30,62.8,2.0
 X3,2016,24688,Semi-Auto,39365,Diesel,145,54.3,2.0
 X1,2017,24688,Semi-Auto,29317,Diesel,145,57.6,2.0
 1 Series,2015,19499,Manual,40052,Petrol,300,35.3,3.0
 3 Series,2016,20163,Semi-Auto,40417,Diesel,125,60.1,2.0
 1 Series,2017,29894,Semi-Auto,11950,Petrol,145,39.8,3.0
 3 Series,2018,24694,Semi-Auto,31278,Diesel,145,64.2,2.0
 2 Series,2016,25184,Semi-Auto,27584,Petrol,260,35.8,3.0
 5 Series,2016,19659,Semi-Auto,37390,Diesel,20,68.9,2.0
 X3,2016,28413,Semi-Auto,20094,Diesel,145,54.3,2.0
 1 Series,2015,19097,Semi-Auto,23234,Petrol,125,54.3,1.5
 X3,2013,17797,Semi-Auto,30400,Diesel,165,50.4,2.0
 3 Series,2015,18837,Semi-Auto,28425,Diesel,125,61.4,2.0
 3 Series,2016,20137,Semi-Auto,38000,Diesel,30,64.2,2.0
 3 Series,2018,25344,Automatic,23830,Diesel,145,60.1,2.0
 X1,2016,24694,Automatic,24299,Diesel,145,55.4,2.0
 3 Series,2013,11694,Manual,67000,Diesel,20,68.9,2.0
 X1,2017,20452,Manual,23575,Diesel,20,68.9,2.0
 2 Series,2019,27823,Manual,6000,Diesel,150,51.4,2.0
 3 Series,2019,35714,Semi-Auto,8200,Petrol,150,42.2,2.0
 X2,2019,34596,Semi-Auto,3000,Petrol,150,38.7,2.0
 X5,2019,62517,Automatic,123,Diesel,145,36.7,3.0
 X5,2019,62517,Automatic,123,Diesel,145,36.7,3.0
 X5,2019,62517,Automatic,123,Diesel,145,36.7,3.0
 1 Series,2014,18346,Semi-Auto,64995,Petrol,235,37.7,3.0
 2 Series,2016,23936,Semi-Auto,22459,Diesel,145,55.4,2.0
 3 Series,2014,17228,Semi-Auto,41692,Diesel,30,62.8,2.0
 5 Series,2017,31096,Automatic,24232,Diesel,145,53.3,3.0
 i8,2019,96494,Automatic,10,Hybrid,135,141.2,1.5
 5 Series,2014,16419,Semi-Auto,80826,Diesel,30,62.8,2.0
 4 Series,2018,26601,Manual,24368,Petrol,150,42.8,2.0
 X5,2016,42652,Automatic,25898,Diesel,205,47.1,3.0
 X6,2018,49270,Semi-Auto,11500,Diesel,150,40.9,3.0
 4 Series,2018,26516,Automatic,12421,Diesel,145,65.7,2.0
 3 Series,2018,27222,Automatic,9200,Petrol,145,48.7,2.0
 2 Series,2018,19886,Automatic,9754,Petrol,145,40.9,1.5
 1 Series,2020,42186,Semi-Auto,206,Diesel,145,48.7,2.0
 4 Series,2020,42572,Semi-Auto,16,Diesel,145,60.1,2.0
 4 Series,2020,45630,Semi-Auto,16,Diesel,145,51.4,3.0
 X3,2015,28863,Semi-Auto,15712,Diesel,145,54.3,2.0
 3 Series,2018,28811,Semi-Auto,14344,Diesel,145,64.2,2.0
 4 Series,2019,37092,Semi-Auto,3030,Diesel,145,58.9,2.0
 2 Series,2019,27234,Manual,123,Petrol,145,42.8,1.5
 5 Series,2019,49738,Automatic,123,Diesel,145,60.1,3.0
 X2,2019,44678,Automatic,123,Petrol,145,34.0,2.0
 X2,2019,44678,Automatic,123,Petrol,145,34.0,2.0
 X2,2019,44678,Automatic,123,Petrol,145,34.0,2.0
 X1,2019,37128,Manual,123,Diesel,145,68.9,2.0
 2 Series,2019,33372,Automatic,123,Petrol,145,47.9,2.0
 1 Series,2016,23546,Semi-Auto,18457,Diesel,125,60.1,2.0
 X6,2018,52120,Semi-Auto,11637,Diesel,145,44.8,3.0
 X2,2019,36746,Semi-Auto,2367,Petrol,145,39.2,2.0
 4 Series,2019,41821,Automatic,3000,Petrol,145,41.5,3.0
 X1,2019,40105,Semi-Auto,7778,Diesel,145,50.4,2.0
 X3,2019,55679,Automatic,8911,Diesel,145,36.7,3.0
 1 Series,2017,25412,Manual,20485,Petrol,145,36.2,3.0
 1 Series,2015,14572,Manual,41372,Diesel,20,72.4,1.5
 X2,2019,43576,Semi-Auto,3235,Petrol,145,34.0,2.0
 X4,2019,48802,Automatic,4002,Diesel,145,42.8,2.0
 2 Series,2019,31096,Manual,3156,Diesel,145,60.1,2.0
 4 Series,2019,37661,Semi-Auto,5402,Diesel,145,60.1,2.0
 3 Series,2016,21960,Semi-Auto,24435,Diesel,30,64.2,2.0
 4 Series,2019,34258,Semi-Auto,3334,Diesel,145,65.7,2.0
 X4,2019,51042,Semi-Auto,6170,Diesel,145,40.9,3.0
 6 Series,2019,44775,Semi-Auto,16935,Diesel,145,47.9,3.0
 X1,2017,22738,Manual,25818,Diesel,125,60.1,2.0
 2 Series,2018,23039,Manual,19571,Petrol,145,52.3,1.5
 2 Series,2020,46072,Semi-Auto,600,Petrol,145,36.2,2.0
 X2,2019,37642,Semi-Auto,5313,Diesel,145,48.7,2.0
 X3,2019,74984,Automatic,1405,Petrol,145,24.8,3.0
 X7,2019,87256,Automatic,10,Diesel,145,33.6,3.0
 3 Series,2019,35875,Automatic,12608,Diesel,145,52.3,2.0
 1 Series,2019,31980,Semi-Auto,7072,Petrol,145,40.4,1.5
 3 Series,2019,51480,Automatic,10850,Diesel,145,43.5,3.0
 2 Series,2019,33098,Semi-Auto,5440,Diesel,145,60.1,2.0
 5 Series,2019,47294,Automatic,5799,Diesel,145,53.3,3.0
 3 Series,2019,34554,Semi-Auto,13216,Diesel,145,60.1,2.0
 2 Series,2019,25844,Semi-Auto,7916,Diesel,145,51.4,2.0
 5 Series,2017,21063,Semi-Auto,52590,Diesel,125,60.1,2.0
 X1,2017,21468,Automatic,60792,Diesel,145,55.4,2.0
 X5,2016,40771,Automatic,34356,Diesel,200,47.1,3.0
 X4,2019,55198,Automatic,2188,Petrol,145,26.9,3.0
 5 Series,2019,49465,Semi-Auto,2269,Diesel,145,51.4,3.0
 4 Series,2019,36387,Semi-Auto,1000,Diesel,145,56.5,3.0
 X5,2019,64987,Semi-Auto,751,Petrol,145,27.2,3.0
 X3,2016,27287,Semi-Auto,32040,Diesel,145,54.3,2.0
 4 Series,2020,39178,Semi-Auto,16,Diesel,150,60.1,2.0
 2 Series,2019,28305,Automatic,123,Diesel,145,49.6,2.0
 1 Series,2019,26780,Automatic,143,Diesel,145,70.6,2.0
 2 Series,2019,28305,Automatic,123,Diesel,145,49.6,2.0
 2 Series,2019,26829,Manual,123,Diesel,145,51.4,2.0
 2 Series,2019,26829,Manual,123,Diesel,145,51.4,2.0
 2 Series,2019,29605,Automatic,153,Diesel,145,49.6,2.0
 X4,2017,29865,Semi-Auto,46363,Diesel,145,54.3,2.0
 5 Series,2017,28594,Automatic,18820,Diesel,145,65.7,2.0
 X1,2016,20150,Semi-Auto,52061,Diesel,30,65.7,2.0
 1 Series,2019,33769,Manual,1357,Diesel,145,53.3,2.0
 X2,2019,36595,Semi-Auto,6950,Diesel,145,58.9,2.0
 X4,2019,49387,Automatic,8526,Diesel,145,40.9,3.0
 2 Series,2019,28080,Semi-Auto,5000,Diesel,145,48.7,2.0
 5 Series,2019,34536,Automatic,6384,Diesel,145,62.8,2.0
 2 Series,2019,27898,Manual,7710,Diesel,145,60.1,2.0
 1 Series,2014,12158,Manual,63669,Diesel,20,68.9,2.0
 X7,2019,100061,Semi-Auto,10,Diesel,145,31.4,3.0
 2 Series,2020,30394,Semi-Auto,666,Diesel,145,51.4,2.0
 M4,2020,63219,Semi-Auto,99,Petrol,145,34.0,3.0
 4 Series,2018,28330,Automatic,9807,Diesel,145,65.7,2.0
 3 Series,2019,36417,Semi-Auto,7165,Petrol,145,41.5,2.0
 X3,2019,44489,Semi-Auto,2973,Petrol,145,30.4,2.0
 2 Series,2019,28587,Semi-Auto,2500,Petrol,145,39.2,1.5
 4 Series,2019,32487,Semi-Auto,1000,Petrol,145,48.7,2.0
 X3,2016,24694,Semi-Auto,34274,Diesel,145,54.3,2.0
 X3,2017,34700,Automatic,18673,Diesel,145,47.1,3.0
 4 Series,2019,40528,Manual,123,Petrol,145,46.3,2.0
 4 Series,2019,40763,Automatic,123,Petrol,145,48.7,2.0
 1 Series,2017,20150,Manual,53248,Diesel,145,65.7,2.0
 3 Series,2014,23400,Automatic,67455,Diesel,160,50.4,3.0
 1 Series,2016,16854,Automatic,23899,Petrol,30,58.9,1.5
 1 Series,2013,14254,Automatic,37808,Diesel,30,64.2,2.0
 3 Series,2019,25954,Semi-Auto,14153,Diesel,145,64.2,2.0
 X1,2016,22747,Manual,19060,Diesel,125,58.9,2.0
 X1,2016,22577,Manual,18361,Diesel,125,58.9,2.0
 X1,2019,32227,Automatic,3414,Petrol,145,37.7,2.0
 2 Series,2019,31512,Semi-Auto,1415,Diesel,145,49.6,2.0
 X3,2015,21684,Semi-Auto,70864,Diesel,150,54.3,2.0
 1 Series,2017,16107,Semi-Auto,42852,Diesel,20,72.4,1.5
 5 Series,2016,19357,Semi-Auto,29840,Diesel,30,65.7,2.0
 1 Series,2019,29887,Manual,5023,Diesel,145,53.3,2.0
 2 Series,2019,23738,Manual,5328,Petrol,145,44.1,1.5
 1 Series,2019,32487,Automatic,8458,Diesel,145,51.4,2.0
 X6,2019,72787,Automatic,6222,Diesel,145,34.9,3.0
 4 Series,2019,29653,Automatic,5984,Petrol,145,48.7,2.0
 2 Series,2019,27807,Automatic,14380,Diesel,145,47.1,2.0
 2 Series,2019,25805,Automatic,10649,Diesel,145,49.6,2.0
 4 Series,2019,34866,Semi-Auto,8598,Diesel,145,60.1,2.0
 3 Series,2019,36101,Semi-Auto,4050,Diesel,145,60.1,2.0
 3 Series,2013,11024,Manual,48681,Petrol,150,47.9,1.6
 X1,2016,22737,Manual,20516,Diesel,125,58.9,2.0
 1 Series,2017,22308,Automatic,26213,Petrol,145,47.9,2.0
 2 Series,2017,21438,Semi-Auto,22080,Petrol,145,48.7,2.0
 4 Series,2019,33683,Semi-Auto,5029,Petrol,145,48.7,2.0
 X1,2019,35594,Semi-Auto,1940,Diesel,145,65.7,2.0
 X6,2019,84097,Automatic,3000,Petrol,145,26.4,3.0
 M2,2019,62660,Automatic,1500,Petrol,145,29.1,3.0
 X6,2019,89079,Semi-Auto,11330,Diesel,145,33.2,3.0
 3 Series,2019,33228,Semi-Auto,3000,Diesel,145,62.8,2.0
 5 Series,2019,39741,Automatic,3067,Hybrid,145,49.6,2.0
 X2,2019,42497,Semi-Auto,3000,Diesel,145,58.9,2.0
 3 Series,2019,36397,Semi-Auto,11658,Diesel,150,48.7,2.0
 1 Series,2017,26650,Semi-Auto,25190,Petrol,145,39.8,3.0
 1 Series,2017,28594,Semi-Auto,23000,Petrol,145,39.8,3.0
 1 Series,2017,27297,Semi-Auto,14992,Petrol,145,39.8,3.0
 3 Series,2015,21274,Semi-Auto,48812,Diesel,160,51.4,3.0
 4 Series,2019,27294,Automatic,6004,Diesel,145,65.7,2.0
 X6,2013,19994,Semi-Auto,71522,Diesel,300,38.2,3.0
 3 Series,2017,19098,Semi-Auto,38326,Petrol,145,51.4,2.0
 1 Series,2014,12338,Manual,25174,Diesel,20,68.9,2.0
 3 Series,2016,13768,Manual,62674,Diesel,20,72.4,2.0
 2 Series,2018,20410,Manual,6889,Petrol,145,57.6,1.5
 3 Series,2016,15869,Automatic,55293,Diesel,20,74.3,2.0
 3 Series,2017,18759,Manual,26818,Petrol,145,49.6,1.5
 3 Series,2017,25538,Semi-Auto,27900,Diesel,150,64.2,2.0
 3 Series,2018,25694,Semi-Auto,24965,Petrol,145,48.7,2.0
 3 Series,2015,15918,Semi-Auto,27721,Diesel,30,64.2,2.0
 1 Series,2016,14235,Manual,30341,Diesel,20,72.4,1.5
 1 Series,2013,8438,Manual,73000,Diesel,0,74.3,1.6
 2 Series,2017,20788,Semi-Auto,12887,Petrol,145,55.4,1.5
 2 Series,2014,17345,Manual,36849,Petrol,160,44.8,2.0
 5 Series,2018,36400,Semi-Auto,25411,Diesel,145,60.1,3.0
 3 Series,2014,13130,Manual,41738,Diesel,30,62.8,2.0
 X6,2020,84958,Semi-Auto,3158,Petrol,145,26.4,3.0
 X2,2019,40409,Semi-Auto,3096,Petrol,145,36.2,2.0
 4 Series,2018,23673,Manual,17672,Petrol,145,46.3,2.0
 4 Series,2016,24700,Manual,10267,Petrol,200,43.5,2.0
 X1,2016,23101,Semi-Auto,34290,Diesel,125,57.6,2.0
 X1,2019,25974,Manual,7113,Petrol,145,51.4,1.5
 1 Series,2017,26975,Semi-Auto,16977,Petrol,200,39.8,3.0
 5 Series,2016,17504,Semi-Auto,71203,Diesel,125,60.1,2.0
 1 Series,2016,18197,Semi-Auto,35441,Diesel,30,65.7,2.0
 3 Series,2017,18847,Manual,24719,Diesel,150,67.3,2.0
 3 Series,2019,32497,Semi-Auto,13957,Diesel,150,52.3,2.0
 X1,2016,20800,Manual,37201,Diesel,125,58.9,2.0
 3 Series,2017,23397,Semi-Auto,24253,Diesel,150,64.2,2.0
 1 Series,2015,16897,Semi-Auto,32435,Diesel,20,68.9,1.5
 2 Series,2015,21245,Semi-Auto,31383,Petrol,160,47.1,2.0
 X1,2014,14134,Manual,50716,Diesel,160,51.4,2.0
 4 Series,2016,25535,Semi-Auto,23575,Diesel,125,60.1,2.0
 7 Series,2017,43787,Semi-Auto,6431,Diesel,145,54.3,3.0
 3 Series,2013,18996,Automatic,41114,Diesel,125,57.6,3.0
 4 Series,2015,23754,Semi-Auto,33864,Diesel,125,60.1,2.0
 2 Series,2017,24976,Automatic,13301,Diesel,145,57.7,2.0
 3 Series,2014,14976,Manual,62828,Diesel,125,61.4,2.0
 3 Series,2014,14466,Manual,67232,Diesel,125,57.6,2.0
 1 Series,2015,12585,Manual,40176,Petrol,145,50.4,1.6
 1 Series,2017,15977,Manual,31268,Diesel,150,72.4,1.5
 2 Series,2016,21219,Semi-Auto,47254,Diesel,125,61.4,2.0
 5 Series,2018,36075,Automatic,24460,Diesel,145,60.1,3.0
 X4,2019,55136,Semi-Auto,3414,Diesel,145,37.2,3.0
 M3,2017,48844,Semi-Auto,30573,Petrol,300,34.0,3.0
 3 Series,2018,26952,Semi-Auto,7856,Diesel,145,64.2,2.0
 X3,2018,37729,Automatic,6716,Diesel,145,56.5,2.0
 X5,2016,43579,Automatic,51536,Diesel,235,42.8,3.0
 1 Series,2019,41240,Semi-Auto,1129,Diesel,145,60.1,2.0
 5 Series,2018,37690,Automatic,19625,Diesel,145,53.3,3.0
 4 Series,2016,23117,Semi-Auto,34942,Diesel,30,65.7,2.0
 2 Series,2016,13315,Manual,51577,Petrol,30,57.6,1.5
 X1,2017,22907,Semi-Auto,27531,Diesel,30,65.7,2.0
 1 Series,2018,18216,Manual,17143,Petrol,150,38.7,1.5
 5 Series,2019,35413,Semi-Auto,7657,Hybrid,150,49.6,2.0
 X5,2016,41055,Automatic,7658,Diesel,205,47.1,3.0
 6 Series,2016,25891,Automatic,43525,Diesel,160,51.4,3.0
 3 Series,2019,29614,Semi-Auto,11944,Petrol,145,44.8,2.0
 8 Series,2019,115674,Semi-Auto,88,Petrol,145,24.4,4.4
 4 Series,2019,29180,Automatic,10164,Diesel,145,65.7,2.0
 4 Series,2019,31221,Automatic,4349,Diesel,145,60.1,2.0
 3 Series,2017,25787,Automatic,28411,Diesel,145,51.4,3.0
 2 Series,2017,20257,Semi-Auto,10556,Diesel,20,68.9,2.0
 2 Series,2016,19945,Manual,37828,Petrol,205,42.8,2.0
 2 Series,2019,34879,Semi-Auto,4789,Petrol,145,46.3,2.0
 3 Series,2019,49374,Semi-Auto,3078,Petrol,145,34.9,3.0
 4 Series,2019,29094,Semi-Auto,9846,Diesel,145,65.7,2.0
 X5,2019,58474,Semi-Auto,7383,Diesel,145,37.7,3.0
 1 Series,2017,22074,Manual,24985,Diesel,145,70.6,1.5
 2 Series,2019,31174,Semi-Auto,8452,Diesel,145,61.4,2.0
 7 Series,2019,62374,Automatic,339,Petrol,145,34.5,3.0
 1 Series,2018,24024,Semi-Auto,17402,Petrol,145,47.9,2.0
 3 Series,2019,35464,Semi-Auto,7311,Petrol,145,42.2,2.0
 X1,2019,34164,Semi-Auto,3646,Petrol,145,48.7,2.0
 2 Series,2019,24674,Manual,5500,Petrol,145,42.8,1.5
 X3,2019,46124,Semi-Auto,9000,Diesel,145,54.3,2.0
 1 Series,2019,22425,Manual,6824,Petrol,145,53.3,1.5
 1 Series,2019,22425,Manual,4028,Petrol,145,53.3,1.5
 1 Series,2019,22425,Manual,4122,Petrol,145,53.3,1.5
 1 Series,2019,22425,Manual,11699,Petrol,145,53.3,1.5
 3 Series,2019,33514,Semi-Auto,7004,Petrol,145,45.6,2.0
 5 Series,2019,34424,Semi-Auto,5130,Diesel,145,65.7,2.0
 2 Series,2019,24674,Semi-Auto,5992,Petrol,145,50.4,2.0
 3 Series,2019,53274,Semi-Auto,6250,Diesel,145,43.5,3.0
 4 Series,2019,33514,Semi-Auto,9326,Diesel,145,65.7,2.0
 4 Series,2019,33124,Semi-Auto,8042,Diesel,145,65.7,2.0
 3 Series,2017,25324,Semi-Auto,17610,Petrol,145,48.7,2.0
 X3,2019,40274,Automatic,6332,Diesel,145,54.3,2.0
 1 Series,2016,15574,Automatic,25204,Petrol,30,58.9,1.5
 X1,2017,23374,Semi-Auto,53850,Diesel,150,57.6,2.0
 2 Series,2018,22074,Manual,19853,Diesel,150,64.2,2.0
 3 Series,2020,51935,Semi-Auto,1204,Petrol,150,33.6,3.0
 4 Series,2016,20774,Semi-Auto,66037,Diesel,30,65.7,2.0
 X7,2019,96824,Automatic,7278,Diesel,145,31.4,3.0
 X2,2019,37024,Semi-Auto,3282,Petrol,145,39.8,2.0
 2 Series,2019,33514,Semi-Auto,4418,Diesel,150,48.7,2.0
 X1,2019,35464,Automatic,5231,Petrol,145,48.7,2.0
 3 Series,2016,24674,Semi-Auto,29902,Diesel,145,53.3,3.0
 X3,2017,38974,Semi-Auto,25101,Diesel,150,47.9,3.0
 X1,2020,38961,Semi-Auto,1241,Diesel,145,60.1,2.0
 1 Series,2020,37427,Semi-Auto,953,Diesel,145,51.4,2.0
 1 Series,2019,31564,Manual,1947,Petrol,145,41.5,1.5
 4 Series,2017,26624,Semi-Auto,26814,Diesel,145,55.4,3.0
 1 Series,2016,19344,Manual,19882,Diesel,30,65.7,2.0
 4 Series,2015,20124,Automatic,50145,Petrol,200,43.5,2.0
 4 Series,2016,29224,Automatic,25742,Diesel,145,55.4,3.0
 1 Series,2017,19864,Automatic,14709,Diesel,145,72.4,1.5
 4 Series,2019,36621,Semi-Auto,9647,Diesel,145,58.9,2.0
 5 Series,2017,29019,Semi-Auto,42295,Diesel,145,60.1,2.0
 1 Series,2019,28171,Semi-Auto,7065,Petrol,145,42.8,1.5
 1 Series,2013,14560,Semi-Auto,10239,Petrol,145,48.7,1.6
 i3,2017,25974,Automatic,26965,Hybrid,140,470.8,0.0
 X1,2017,26120,Semi-Auto,25610,Petrol,160,44.8,2.0
 2 Series,2019,26247,Manual,4648,Petrol,145,42.8,1.5
 3 Series,2019,42627,Automatic,3750,Diesel,145,52.3,2.0
 Z4,2019,42861,Automatic,467,Petrol,145,38.7,2.0
 2 Series,2019,27566,Semi-Auto,9148,Petrol,145,50.4,1.5
 X2,2019,38122,Semi-Auto,8859,Diesel,145,50.4,2.0
 X1,2017,25782,Semi-Auto,15242,Diesel,145,57.6,2.0
 X5,2017,48074,Automatic,18231,Diesel,145,42.8,3.0
 X1,2015,19494,Manual,39000,Diesel,125,58.9,2.0
 3 Series,2014,12607,Semi-Auto,62121,Diesel,125,60.1,2.0
 X1,2017,23397,Semi-Auto,41604,Diesel,150,55.4,2.0
 1 Series,2017,26647,Semi-Auto,29319,Petrol,200,39.8,3.0
 X1,2017,29507,Automatic,3209,Petrol,160,44.8,2.0
 5 Series,2014,20147,Semi-Auto,35822,Diesel,165,51.4,3.0
 X1,2017,27297,Semi-Auto,16216,Diesel,150,55.4,2.0
 X2,2019,41184,Semi-Auto,103,Diesel,145,58.9,2.0
 1 Series,2019,41327,Semi-Auto,8211,Petrol,145,34.5,2.0
 1 Series,2019,34337,Manual,12262,Petrol,145,41.5,1.5
 5 Series,2019,42120,Semi-Auto,7111,Diesel,145,55.4,2.0
 X1,2019,31200,Semi-Auto,5547,Diesel,145,47.9,2.0
 1 Series,2018,19878,Manual,16891,Petrol,150,53.3,1.5
 X4,2017,34048,Semi-Auto,37114,Diesel,200,47.9,3.0
 3 Series,2018,23269,Semi-Auto,40500,Petrol,145,48.7,2.0
 1 Series,2016,20952,Manual,25231,Petrol,300,35.3,3.0
 3 Series,2017,25779,Semi-Auto,39664,Diesel,145,49.6,3.0
 1 Series,2016,18222,Manual,12670,Diesel,20,70.6,1.5
 1 Series,2017,21447,Manual,16706,Diesel,150,62.8,2.0
 3 Series,2013,13387,Manual,60211,Diesel,125,60.1,2.0
 2 Series,2018,22097,Manual,4302,Petrol,145,40.9,1.5
 4 Series,2018,27297,Semi-Auto,18392,Diesel,150,65.7,2.0
 1 Series,2014,17875,Semi-Auto,20000,Diesel,30,64.2,2.0
 3 Series,2016,25025,Semi-Auto,37679,Diesel,150,53.3,3.0
 3 Series,2015,24122,Semi-Auto,51416,Diesel,145,53.3,3.0
 4 Series,2020,40304,Semi-Auto,2400,Diesel,145,50.4,3.0
 4 Series,2020,35104,Semi-Auto,1816,Petrol,145,48.7,2.0
 1 Series,2014,11297,Manual,51344,Diesel,30,65.7,2.0
 2 Series,2019,27426,Semi-Auto,7947,Diesel,145,47.1,2.0
 1 Series,2019,31196,Semi-Auto,8423,Petrol,145,39.8,3.0
 7 Series,2019,64987,Semi-Auto,5364,Diesel,145,44.1,3.0
 5 Series,2019,55445,Semi-Auto,4000,Petrol,145,50.4,2.0
 M5,2019,80336,Semi-Auto,4419,Petrol,145,26.9,4.4
 X3,2019,46788,Semi-Auto,8667,Diesel,150,54.3,2.0
 1 Series,2017,27937,Semi-Auto,25954,Petrol,150,39.8,3.0
 4 Series,2015,19969,Manual,43745,Diesel,125,60.1,2.0
 3 Series,2015,15743,Manual,54905,Diesel,125,58.9,2.0
 3 Series,2016,15834,Manual,56763,Diesel,20,68.9,2.0
 X1,2013,12385,Semi-Auto,60973,Diesel,145,56.5,2.0
 1 Series,2017,25987,Automatic,27108,Petrol,145,39.8,3.0
 3 Series,2014,14938,Manual,64021,Diesel,125,57.6,2.0
 5 Series,2017,35619,Semi-Auto,23607,Diesel,145,51.4,3.0
 5 Series,2016,23374,Semi-Auto,32205,Diesel,30,62.8,2.0
 X1,2020,33124,Semi-Auto,24,Diesel,145,60.1,2.0
 2 Series,2020,27274,Semi-Auto,9,Petrol,145,50.4,1.5
 2 Series,2020,27274,Semi-Auto,12,Petrol,145,50.4,1.5
 1 Series,2019,28574,Manual,821,Diesel,145,72.4,1.5
 6 Series,2020,43537,Semi-Auto,101,Petrol,145,42.8,2.0
 3 Series,2020,35074,Semi-Auto,101,Diesel,145,62.8,2.0
 3 Series,2019,29224,Semi-Auto,6191,Diesel,145,55.4,2.0
 1 Series,2019,27274,Manual,8617,Petrol,145,44.1,1.5
 1 Series,2019,23374,Semi-Auto,8211,Diesel,145,74.3,2.0
 Z4,2019,41587,Semi-Auto,9950,Petrol,145,38.7,2.0
 X2,2020,37691,Semi-Auto,101,Diesel,145,61.4,2.0
 M4,2020,64510,Semi-Auto,2024,Petrol,145,34.0,3.0
 X1,2020,35741,Manual,3609,Diesel,145,39.2,2.0
 4 Series,2019,36400,Semi-Auto,6451,Diesel,145,58.9,2.0
 M4,2019,57850,Semi-Auto,5644,Petrol,145,34.0,3.0
 2 Series,2019,25987,Manual,6361,Diesel,145,51.4,2.0
 3 Series,2015,18708,Semi-Auto,56262,Diesel,30,62.8,2.0
 5 Series,2018,31058,Semi-Auto,23652,Diesel,145,48.7,2.0
 X3,2019,40287,Semi-Auto,20423,Petrol,145,30.4,2.0
 X2,2019,41327,Semi-Auto,4169,Petrol,145,34.0,2.0
 X3,2020,47909,Semi-Auto,2479,Diesel,145,54.3,2.0
 Z4,2020,45491,Semi-Auto,3100,Petrol,145,38.7,2.0
 5 Series,2020,46141,Semi-Auto,5658,Petrol,145,50.4,2.0
 3 Series,2017,20657,Manual,34588,Diesel,145,64.2,2.0
 2 Series,2018,27287,Semi-Auto,13268,Petrol,145,47.9,2.0
 1 Series,2019,24687,Semi-Auto,4539,Diesel,145,70.6,2.0
 3 Series,2019,41587,Semi-Auto,4893,Diesel,145,52.3,2.0
 X4,2016,32553,Semi-Auto,28480,Diesel,200,47.1,3.0
 1 Series,2016,20397,Semi-Auto,26386,Diesel,20,67.3,2.0
 X1,2017,27365,Semi-Auto,18099,Diesel,145,57.6,2.0
 1 Series,2017,18286,Semi-Auto,43260,Petrol,145,55.5,1.5
 3 Series,2016,25455,Semi-Auto,26949,Diesel,160,51.4,3.0
 3 Series,2015,21108,Semi-Auto,37466,Diesel,145,56.5,3.0
 1 Series,2017,22094,Automatic,19654,Petrol,145,54.3,1.5
 4 Series,2019,31838,Semi-Auto,6462,Diesel,150,58.9,2.0
 2 Series,2017,21048,Semi-Auto,23295,Diesel,20,68.9,2.0
 X1,2016,25346,Semi-Auto,29959,Diesel,145,55.4,2.0
 X1,2019,31850,Semi-Auto,8410,Petrol,145,47.9,2.0
 5 Series,2019,37688,Semi-Auto,4636,Petrol,145,50.4,2.0
 X2,2020,42124,Semi-Auto,2580,Petrol,145,39.8,2.0
 X7,2019,94159,Semi-Auto,6391,Diesel,145,33.6,3.0
 4 Series,2014,17668,Manual,73417,Diesel,125,57.6,2.0
 1 Series,2017,22737,Semi-Auto,10571,Diesel,30,65.7,2.0
 3 Series,2017,21437,Semi-Auto,30835,Diesel,145,70.6,2.0
 4 Series,2015,21681,Semi-Auto,37041,Diesel,125,57.6,2.0
 1 Series,2017,25987,Automatic,26841,Petrol,145,39.8,3.0
 1 Series,2018,22607,Semi-Auto,11690,Diesel,145,45.6,2.0
 4 Series,2016,29888,Semi-Auto,25220,Diesel,160,49.6,3.0
 X2,2018,31586,Semi-Auto,13325,Diesel,145,58.9,2.0
 X3,2016,31707,Semi-Auto,45646,Diesel,200,47.1,3.0
 4 Series,2017,26282,Manual,31959,Petrol,145,43.5,2.0
 2 Series,2019,28574,Automatic,5913,Hybrid,135,148.7,1.5
 X1,2019,34424,Semi-Auto,9027,Diesel,145,50.4,2.0
 2 Series,2019,33514,Semi-Auto,2859,Diesel,145,48.7,2.0
 X5,2019,64974,Semi-Auto,5041,Diesel,145,37.7,3.0
 1 Series,2018,22074,Manual,20100,Petrol,150,37.2,1.5
 1 Series,2019,35074,Automatic,1250,Petrol,145,40.4,1.5
 X3,2014,25084,Semi-Auto,18458,Diesel,145,54.3,2.0
 5 Series,2015,18408,Automatic,41075,Diesel,30,62.8,2.0
 4 Series,2015,17875,Manual,34457,Petrol,160,44.8,2.0
 1 Series,2015,18708,Semi-Auto,42770,Diesel,125,61.4,2.0
 X3,2015,25402,Semi-Auto,39370,Diesel,145,54.3,2.0
 3 Series,2015,15882,Manual,58943,Diesel,125,61.4,2.0
 3 Series,2016,25220,Semi-Auto,19060,Diesel,145,53.3,3.0
 3 Series,2018,25164,Semi-Auto,15893,Diesel,145,64.2,2.0
 1 Series,2019,22074,Manual,4905,Petrol,145,53.3,1.5
 3 Series,2019,34424,Semi-Auto,5500,Petrol,145,42.2,2.0
 4 Series,2019,32214,Semi-Auto,6251,Petrol,145,48.7,2.0
 3 Series,2019,36114,Automatic,4586,Diesel,145,52.3,2.0
 X1,2019,32864,Semi-Auto,6153,Petrol,145,35.3,2.0
 2 Series,2019,33774,Semi-Auto,5072,Diesel,145,48.7,2.0
 4 Series,2016,27664,Semi-Auto,16635,Diesel,160,50.4,3.0
 3 Series,2018,29224,Semi-Auto,18620,Diesel,145,62.8,2.0
 X1,2018,29614,Semi-Auto,11520,Petrol,145,37.7,2.0
 5 Series,2017,24674,Semi-Auto,43169,Petrol,145,48.7,2.0
 3 Series,2019,33514,Semi-Auto,7254,Petrol,150,42.2,2.0
 1 Series,2018,20774,Manual,19093,Diesel,150,50.4,2.0
 3 Series,2019,44135,Semi-Auto,5039,Diesel,150,52.3,2.0
 X7,2020,93574,Semi-Auto,8695,Diesel,150,31.4,3.0
 2 Series,2019,26585,Automatic,6269,Petrol,145,50.4,2.0
 8 Series,2019,72774,Semi-Auto,3489,Diesel,145,39.8,3.0
 1 Series,2017,22087,Manual,32000,Diesel,30,62.8,2.0
 3 Series,2018,24674,Semi-Auto,19408,Diesel,150,65.7,2.0
 1 Series,2016,16392,Manual,22991,Diesel,20,72.4,1.5
 1 Series,2017,23262,Semi-Auto,14684,Petrol,145,54.3,1.5
 4 Series,2015,22503,Semi-Auto,31911,Diesel,125,57.6,2.0
 1 Series,2017,24557,Semi-Auto,21744,Diesel,150,65.7,2.0
 3 Series,2019,33722,Semi-Auto,8646,Diesel,150,53.3,2.0
 1 Series,2019,26572,Semi-Auto,3567,Petrol,150,47.9,2.0
 1 Series,2019,23972,Semi-Auto,3605,Diesel,150,47.9,1.5
 3 Series,2019,25675,Semi-Auto,5888,Petrol,150,51.4,1.5
 3 Series,2019,33722,Semi-Auto,7779,Diesel,150,53.3,2.0
 2 Series,2019,27885,Semi-Auto,3803,Petrol,145,39.2,1.5
 X2,2019,41561,Automatic,3740,Petrol,145,34.0,2.0
 3 Series,2019,32496,Semi-Auto,6429,Diesel,145,64.2,2.0
 2 Series,2020,33284,Semi-Auto,2880,Petrol,145,50.4,1.5
 2 Series,2020,34948,Semi-Auto,101,Petrol,145,40.9,1.5
 3 Series,2020,47701,Semi-Auto,2725,Petrol,145,40.4,2.0
 4 Series,2016,27435,Semi-Auto,36741,Petrol,200,41.5,3.0
 M5,2019,76688,Semi-Auto,16529,Petrol,145,26.9,4.4
 3 Series,2019,30524,Semi-Auto,4611,Diesel,150,65.7,2.0
 8 Series,2019,67574,Semi-Auto,5529,Diesel,150,40.4,3.0
 X3,2019,42224,Semi-Auto,5495,Diesel,145,54.3,2.0
 2 Series,2019,28405,Automatic,4389,Petrol,145,40.9,1.5
 1 Series,2019,25974,Manual,2557,Petrol,145,44.1,1.5
 3 Series,2019,37622,Automatic,1550,Petrol,145,42.2,2.0
 2 Series,2019,29224,Automatic,105,Petrol,145,47.9,2.0
 3 Series,2017,25974,Semi-Auto,10154,Diesel,145,56.5,3.0
 i8,2019,88322,Automatic,1110,Hybrid,135,141.2,1.5
 2 Series,2018,24674,Manual,12769,Petrol,145,52.3,1.5
 X1,2019,34385,Semi-Auto,7835,Diesel,150,60.1,2.0
 2 Series,2019,29224,Semi-Auto,5869,Diesel,150,51.4,2.0
 1 Series,2019,23114,Manual,7287,Diesel,150,72.4,1.5
 5 Series,2019,34294,Semi-Auto,8257,Petrol,150,50.4,2.0
 X3,2015,25734,Semi-Auto,51451,Diesel,200,47.1,3.0
 5 Series,2017,28236,Automatic,26946,Diesel,145,65.7,2.0
 3 Series,2013,9815,Manual,78650,Petrol,125,53.3,1.6
 3 Series,2016,25177,Automatic,25666,Diesel,160,51.4,3.0
 X1,2016,24687,Automatic,18604,Diesel,145,55.4,2.0
 1 Series,2014,14261,Automatic,26423,Diesel,30,64.2,2.0
 4 Series,2018,27911,Automatic,40553,Petrol,145,41.5,3.0
 5 Series,2020,44174,Semi-Auto,1500,Hybrid,135,156.9,2.0
 4 Series,2016,25844,Semi-Auto,34171,Diesel,145,55.4,3.0
 4 Series,2018,27383,Semi-Auto,19447,Diesel,145,65.7,2.0
 3 Series,2016,20774,Semi-Auto,16000,Diesel,30,67.3,2.0
 2 Series,2020,40274,Semi-Auto,1500,Petrol,145,42.2,1.5
 2 Series,2019,29874,Automatic,2869,Diesel,145,49.6,2.0
 X1,2019,36374,Automatic,105,Petrol,145,40.9,1.5
 1 Series,2019,30472,Manual,4729,Petrol,145,41.5,1.5
 3 Series,2019,41574,Automatic,4869,Diesel,145,50.4,2.0
 5 Series,2019,51324,Automatic,4859,Petrol,145,29.1,3.0
 1 Series,2020,31174,Semi-Auto,1500,Petrol,145,40.4,1.5
 1 Series,2020,39572,Semi-Auto,1500,Petrol,145,34.5,2.0
 1 Series,2020,39572,Semi-Auto,1500,Petrol,145,34.5,2.0
 4 Series,2018,29211,Semi-Auto,1998,Diesel,145,60.1,2.0
 5 Series,2017,29874,Automatic,21687,Diesel,145,53.3,3.0
 4 Series,2018,27274,Semi-Auto,11403,Petrol,145,48.7,2.0
 4 Series,2016,24518,Semi-Auto,15422,Diesel,30,65.7,2.0
 3 Series,2016,24253,Semi-Auto,27621,Diesel,145,56.5,3.0
 3 Series,2016,26759,Semi-Auto,36137,Diesel,145,53.3,3.0
 1 Series,2015,14534,Manual,43424,Diesel,20,72.4,1.5
 3 Series,2020,45491,Semi-Auto,6250,Diesel,145,47.9,3.0
 5 Series,2015,20794,Semi-Auto,31309,Diesel,30,62.8,2.0
 4 Series,2016,29160,Semi-Auto,31663,Diesel,160,51.4,3.0
 X1,2016,25324,Semi-Auto,19829,Diesel,125,57.6,2.0
 3 Series,2019,33514,Semi-Auto,9354,Petrol,145,45.6,2.0
 5 Series,2019,34294,Semi-Auto,7609,Diesel,145,65.7,2.0
 X5,2019,74074,Semi-Auto,12173,Diesel,145,33.6,3.0
 1 Series,2018,29589,Semi-Auto,24866,Petrol,150,32.5,3.0
 X5,2019,74074,Semi-Auto,9029,Diesel,145,33.6,3.0
 2 Series,2018,21814,Semi-Auto,21204,Petrol,145,40.9,1.5
 4 Series,2019,35087,Semi-Auto,4278,Diesel,150,52.3,3.0
 X1,2019,33787,Semi-Auto,8989,Diesel,150,60.1,2.0
 2 Series,2019,31837,Manual,8615,Diesel,150,60.1,2.0
 X4,2019,48087,Semi-Auto,8454,Diesel,150,42.8,2.0
 M5,2019,83174,Semi-Auto,5000,Petrol,150,26.9,4.4
 2 Series,2017,27300,Semi-Auto,25435,Petrol,200,39.8,3.0
 3 Series,2016,21952,Automatic,24081,Diesel,145,54.3,3.0
 1 Series,2016,24526,Automatic,20581,Petrol,200,39.8,3.0
 X4,2019,49637,Semi-Auto,2316,Diesel,145,42.8,2.0
 3 Series,2018,27966,Automatic,21045,Diesel,145,62.8,2.0
 M4,2016,45412,Semi-Auto,23765,Petrol,300,34.0,3.0
 1 Series,2014,15889,Semi-Auto,11463,Petrol,125,50.4,1.6
 3 Series,2017,20348,Semi-Auto,68299,Diesel,150,62.8,2.0
 5 Series,2018,29381,Semi-Auto,50628,Diesel,150,60.1,2.0
 3 Series,2015,18187,Manual,30441,Diesel,30,64.2,2.0
 4 Series,2019,42887,Semi-Auto,2403,Diesel,145,60.1,2.0
 X1,2017,22581,Manual,29575,Diesel,145,58.9,2.0
 X4,2015,23907,Manual,53197,Diesel,160,52.3,2.0
 3 Series,2015,15028,Automatic,60803,Diesel,30,67.3,2.0
 3 Series,2018,25987,Automatic,23494,Diesel,145,57.6,2.0
 3 Series,2018,27602,Semi-Auto,16219,Diesel,145,64.2,2.0
 X1,2019,34047,Semi-Auto,7137,Diesel,145,65.7,2.0
 X3,2015,23650,Manual,33269,Diesel,160,52.3,2.0
 7 Series,2017,40264,Semi-Auto,15405,Diesel,145,54.3,3.0
 X2,2019,33774,Semi-Auto,6521,Petrol,145,39.2,2.0
 X5,2016,28582,Automatic,54425,Diesel,200,47.9,3.0
 X4,2019,53789,Automatic,9095,Diesel,145,37.2,3.0
 X7,2019,89890,Automatic,2567,Petrol,145,24.8,3.0
 X3,2019,55687,Semi-Auto,6881,Diesel,145,36.7,3.0
 X4,2019,46402,Semi-Auto,4832,Diesel,145,42.8,2.0
 X1,2017,28668,Semi-Auto,13217,Petrol,145,44.8,2.0
 4 Series,2017,25949,Semi-Auto,22100,Diesel,150,65.7,2.0
 4 Series,2019,34570,Semi-Auto,7038,Diesel,150,52.3,3.0
 X5,2019,64988,Semi-Auto,6927,Diesel,150,37.7,3.0
 1 Series,2015,17044,Manual,23320,Diesel,20,70.6,2.0
 2 Series,2016,27574,Semi-Auto,26182,Petrol,260,37.2,3.0
 3 Series,2017,25613,Semi-Auto,27225,Diesel,30,62.8,2.0
 5 Series,2017,43059,Semi-Auto,11817,Diesel,145,51.4,3.0
 X3,2017,37131,Semi-Auto,14557,Diesel,145,47.9,3.0
 X6,2019,77987,Semi-Auto,2137,Diesel,145,34.9,3.0
 X2,2019,38987,Semi-Auto,4137,Petrol,145,39.2,2.0
 2 Series,2019,33137,Automatic,3339,Diesel,145,49.6,2.0
 3 Series,2016,23676,Semi-Auto,9020,Diesel,30,65.7,2.0
 3 Series,2015,21159,Automatic,31238,Diesel,145,55.4,2.0
 X2,2020,45487,Automatic,2137,Petrol,145,34.0,2.0
 5 Series,2020,55887,Semi-Auto,2137,Diesel,145,60.1,3.0
 X1,2016,25587,Semi-Auto,41455,Diesel,125,57.6,2.0
 X3,2020,71487,Semi-Auto,2137,Hybrid,135,5.5,2.0
 3 Series,2013,11040,Manual,73428,Diesel,20,68.9,2.0
 5 Series,2019,48802,Automatic,4562,Diesel,145,60.1,3.0
 X2,2019,38961,Automatic,3760,Petrol,145,36.2,2.0
 1 Series,2019,38584,Automatic,8388,Diesel,145,48.7,2.0
 X2,2019,41574,Automatic,4804,Petrol,145,34.0,2.0
 5 Series,2019,37882,Semi-Auto,1499,Petrol,145,47.9,2.0
 4 Series,2019,43199,Semi-Auto,6427,Petrol,145,44.8,2.0
 2 Series,2019,31343,Semi-Auto,4348,Diesel,145,49.6,2.0
 3 Series,2019,42315,Automatic,10984,Diesel,145,49.6,2.0
 3 Series,2017,24807,Semi-Auto,31144,Diesel,145,62.8,2.0
 2 Series,2019,27165,Automatic,15462,Diesel,145,67.3,2.0
 X7,2019,81887,Semi-Auto,2137,Diesel,145,33.6,3.0
 1 Series,2019,24492,Semi-Auto,10000,Petrol,145,54.3,1.5
 X5,2019,60372,Semi-Auto,1438,Diesel,145,37.7,3.0
 3 Series,2019,33722,Semi-Auto,7821,Diesel,145,53.3,2.0
 X6,2020,68887,Semi-Auto,3200,Diesel,145,34.9,3.0
 5 Series,2019,35074,Automatic,105,Petrol,145,50.4,2.0
 3 Series,2019,49322,Semi-Auto,1581,Petrol,145,34.9,3.0
 X2,2020,44122,Automatic,2182,Petrol,145,34.0,2.0
 2 Series,2019,26624,Automatic,8719,Diesel,145,52.3,2.0
 3 Series,2019,35097,Semi-Auto,12327,Diesel,145,48.7,2.0
 5 Series,2018,31197,Semi-Auto,31649,Diesel,145,45.6,2.0
 3 Series,2018,20671,Manual,13759,Petrol,150,52.3,1.5
 X5,2017,34869,Automatic,25288,Diesel,145,50.4,2.0
 X1,2017,25886,Semi-Auto,25917,Diesel,125,57.6,2.0
 1 Series,2019,27451,Semi-Auto,6742,Diesel,145,65.7,2.0
 X1,2014,16513,Automatic,28375,Diesel,160,52.3,2.0
 X3,2014,19646,Semi-Auto,69382,Diesel,145,54.3,2.0
 X4,2019,45642,Semi-Auto,509,Diesel,145,42.8,2.0
 X5,2016,36624,Automatic,69798,Diesel,200,47.1,3.0
 X1,2016,25208,Semi-Auto,20761,Diesel,125,60.1,2.0
 2 Series,2017,21024,Manual,13357,Diesel,20,74.3,1.5
 2 Series,2020,31187,Semi-Auto,10,Petrol,150,39.2,1.5
 X2,2020,31837,Semi-Auto,1,Diesel,145,52.3,2.0
 1 Series,2019,24047,Manual,10624,Diesel,145,65.7,2.0
 3 Series,2019,21707,Manual,12824,Diesel,150,67.3,2.0
 X3,2018,45487,Semi-Auto,16202,Petrol,145,34.5,3.0
 3 Series,2019,37674,Semi-Auto,5441,Petrol,145,41.5,2.0
 3 Series,2019,39897,Automatic,4404,Diesel,145,50.4,2.0
 5 Series,2018,29786,Semi-Auto,16530,Diesel,145,68.9,2.0
 1 Series,2018,29968,Semi-Auto,19959,Petrol,145,39.8,3.0
 4 Series,2019,38402,Semi-Auto,14137,Diesel,145,49.6,3.0
 3 Series,2019,47762,Automatic,4137,Petrol,145,39.8,2.0
 X1,2016,25678,Semi-Auto,18326,Diesel,125,57.6,2.0
 X5,2019,70915,Automatic,8143,Diesel,145,37.7,3.0
 1 Series,2019,25737,Semi-Auto,16406,Diesel,150,67.3,2.0
 3 Series,2019,29897,Semi-Auto,20175,Diesel,145,60.1,2.0
 5 Series,2014,20794,Semi-Auto,28500,Diesel,160,51.4,3.0
 X1,2015,21125,Semi-Auto,46216,Diesel,125,57.6,2.0
 4 Series,2016,26885,Semi-Auto,12531,Petrol,145,48.7,2.0
 2 Series,2017,28421,Semi-Auto,29150,Petrol,200,39.8,3.0
 1 Series,2017,25689,Semi-Auto,39681,Petrol,200,39.8,3.0
 X1,2016,25444,Semi-Auto,32603,Diesel,125,60.1,2.0
 X2,2018,41616,Semi-Auto,12652,Diesel,145,58.9,2.0
 3 Series,2017,23011,Semi-Auto,51983,Diesel,145,62.8,2.0
 4 Series,2015,19930,Manual,21324,Petrol,200,39.8,2.0
 X5,2016,53574,Semi-Auto,46180,Petrol,570,25.4,4.4
 X1,2016,24389,Semi-Auto,16755,Diesel,145,55.4,2.0
 X5,2016,36208,Automatic,57501,Hybrid,0,85.6,2.0
 1 Series,2019,18847,Manual,15598,Diesel,150,72.4,1.5
 1 Series,2014,10803,Manual,80664,Diesel,30,64.2,2.0
 1 Series,2017,20137,Manual,25763,Petrol,145,46.3,2.0
 3 Series,2014,14534,Automatic,60015,Diesel,30,62.8,2.0
 X3,2015,25181,Semi-Auto,41312,Diesel,145,54.3,2.0
 X1,2016,24905,Automatic,13090,Petrol,160,44.8,2.0
 X5,2015,31525,Automatic,42966,Diesel,200,47.1,3.0
 X5,2016,41587,Automatic,47814,Diesel,240,42.8,3.0
 1 Series,2019,24049,Semi-Auto,748,Diesel,150,70.6,2.0
 3 Series,2016,23374,Semi-Auto,33475,Diesel,30,64.2,2.0
 X2,2020,34814,Semi-Auto,1500,Diesel,145,61.4,2.0
 2 Series,2019,24544,Manual,6225,Petrol,145,52.3,1.5
 X3,2019,41314,Semi-Auto,7281,Diesel,145,54.3,2.0
 1 Series,2019,23374,Manual,8159,Diesel,145,70.6,1.5
 3 Series,2019,35672,Semi-Auto,4376,Petrol,145,42.2,2.0
 5 Series,2019,34905,Semi-Auto,7079,Diesel,145,65.7,2.0
 2 Series,2019,24635,Manual,6311,Petrol,145,42.8,1.5
 3 Series,2019,31174,Semi-Auto,1489,Petrol,145,47.9,2.0
 3 Series,2019,31785,Semi-Auto,9522,Diesel,145,62.8,2.0
 4 Series,2017,24700,Semi-Auto,26289,Petrol,145,48.7,2.0
 1 Series,2017,23907,Automatic,4237,Petrol,145,54.3,1.5
 3 Series,2016,23397,Semi-Auto,23106,Hybrid,0,134.5,2.0
 X2,2020,38987,Semi-Auto,5,Petrol,145,42.8,1.5
 M4,2020,59787,Semi-Auto,6,Petrol,145,34.0,3.0
 X3,2015,25987,Semi-Auto,53700,Diesel,145,54.3,2.0
 2 Series,2018,41587,Semi-Auto,99,Petrol,145,38.2,3.0
 X1,2019,31174,Manual,2953,Petrol,145,51.4,1.5
 1 Series,2016,14949,Semi-Auto,46327,Diesel,0,78.5,1.5
 1 Series,2017,19499,Manual,32082,Diesel,145,70.6,1.5
 3 Series,2015,14299,Automatic,90018,Diesel,20,70.6,2.0
 1 Series,2018,15978,Manual,45228,Diesel,145,72.4,1.5
 1 Series,2016,19279,Semi-Auto,18095,Diesel,30,65.7,2.0
 1 Series,2016,16588,Manual,27759,Diesel,30,65.7,2.0
 1 Series,2013,9270,Manual,73919,Diesel,30,65.7,2.0
 4 Series,2019,32468,Semi-Auto,5866,Diesel,145,65.7,2.0
 5 Series,2019,34255,Semi-Auto,3623,Diesel,145,65.7,2.0
 1 Series,2016,16218,Manual,17550,Petrol,30,56.5,1.5
 1 Series,2019,30914,Semi-Auto,5939,Petrol,145,40.4,1.5
 3 Series,2019,32487,Manual,4850,Diesel,145,64.2,2.0
 2 Series,2019,28528,Semi-Auto,10086,Petrol,145,47.9,2.0
 X1,2013,16237,Manual,33584,Diesel,165,51.4,2.0
 3 Series,2016,19487,Manual,33201,Petrol,150,48.7,2.0
 X1,2016,23397,Semi-Auto,38565,Diesel,145,55.4,2.0
 2 Series,2018,22747,Semi-Auto,18970,Petrol,145,51.4,1.5
 5 Series,2015,22097,Semi-Auto,31322,Diesel,145,53.3,3.0
 3 Series,2015,21187,Semi-Auto,22867,Diesel,145,56.5,3.0
 3 Series,2019,31847,Semi-Auto,14897,Diesel,145,52.3,2.0
 2 Series,2020,28457,Semi-Auto,11,Petrol,145,50.4,1.5
 2 Series,2020,29874,Manual,10,Petrol,145,47.1,1.5
 4 Series,2020,35087,Semi-Auto,5,Diesel,145,65.7,2.0
 6 Series,2020,47905,Semi-Auto,6,Diesel,145,53.3,3.0
 5 Series,2020,35087,Semi-Auto,13,Petrol,145,50.4,2.0
 1 Series,2016,16887,Manual,22700,Diesel,20,72.4,1.5
 1 Series,2016,16887,Semi-Auto,25843,Petrol,30,55.5,1.5
 1 Series,2016,25077,Semi-Auto,32233,Petrol,200,39.8,3.0
 2 Series,2019,30524,Manual,1500,Petrol,145,42.8,1.5
 5 Series,2019,38974,Semi-Auto,1500,Petrol,145,50.4,2.0
 4 Series,2019,40274,Semi-Auto,2649,Petrol,145,41.5,3.0
 3 Series,2019,40885,Semi-Auto,4460,Petrol,145,40.9,2.0
 3 Series,2019,32487,Manual,4293,Diesel,145,64.2,2.0
 3 Series,2019,31187,Manual,5996,Diesel,145,67.3,2.0
 3 Series,2019,38285,Semi-Auto,4250,Diesel,145,53.3,2.0
 5 Series,2019,41438,Semi-Auto,15,Petrol,145,48.7,2.0
 4 Series,2019,31174,Semi-Auto,14,Petrol,145,45.6,2.0
 3 Series,2017,23387,Semi-Auto,28589,Diesel,145,62.8,2.0
 4 Series,2019,38974,Semi-Auto,1737,Diesel,145,53.3,3.0
 3 Series,2020,31187,Manual,18,Diesel,145,56.5,2.0
 3 Series,2019,36985,Semi-Auto,7350,Diesel,145,48.7,2.0
 5 Series,2019,34255,Semi-Auto,3753,Diesel,145,65.7,2.0
 5 Series,2019,34255,Semi-Auto,7106,Diesel,145,65.7,2.0
 X1,2019,33085,Semi-Auto,5269,Petrol,145,40.9,1.5
 4 Series,2016,20744,Manual,33805,Diesel,30,62.8,2.0
 1 Series,2018,19791,Manual,12102,Petrol,145,37.7,1.5
 3 Series,2019,31785,Manual,2323,Diesel,145,54.3,2.0
 3 Series,2019,31785,Manual,3340,Diesel,145,54.3,2.0
 5 Series,2020,47905,Semi-Auto,13,Hybrid,145,44.8,2.0
 X4,2019,49374,Semi-Auto,10797,Diesel,145,40.4,3.0
 M4,2019,63622,Semi-Auto,12,Petrol,145,32.5,3.0
 M4,2019,54528,Semi-Auto,12,Petrol,145,34.0,3.0
 X4,2019,46124,Semi-Auto,13142,Diesel,145,42.8,2.0
 5 Series,2019,38285,Semi-Auto,5325,Diesel,145,60.1,2.0
 3 Series,2019,38987,Semi-Auto,8235,Diesel,145,48.7,2.0
 3 Series,2019,36985,Semi-Auto,8349,Petrol,145,43.5,2.0
 4 Series,2019,32468,Semi-Auto,5022,Diesel,145,65.7,2.0
 4 Series,2019,32468,Semi-Auto,11736,Diesel,145,65.7,2.0
 5 Series,2020,41587,Semi-Auto,10,Petrol,145,50.4,2.0
 5 Series,2020,42705,Semi-Auto,9,Hybrid,145,47.9,2.0
 Z4,2020,46605,Semi-Auto,5,Petrol,145,37.2,2.0
 Z4,2020,43485,Semi-Auto,5,Petrol,145,38.7,2.0
 3 Series,2020,31837,Manual,5,Diesel,145,56.5,2.0
 2 Series,2020,29887,Manual,12,Diesel,145,60.1,2.0
 3 Series,2020,54587,Semi-Auto,9,Petrol,145,34.9,3.0
 X1,2019,32474,Manual,3730,Petrol,145,49.6,1.5
 X1,2019,37427,Semi-Auto,3740,Petrol,145,44.8,2.0
 2 Series,2019,28528,Semi-Auto,8377,Petrol,145,47.9,2.0
 4 Series,2019,32162,Semi-Auto,11,Petrol,145,48.7,2.0
 5 Series,2015,22087,Semi-Auto,34250,Diesel,30,62.8,2.0
 1 Series,2020,32474,Semi-Auto,5000,Petrol,145,42.8,1.5
 4 Series,2016,21749,Manual,17309,Diesel,30,62.8,2.0
 1 Series,2014,20754,Manual,30000,Petrol,305,35.3,3.0
 4 Series,2015,22704,Semi-Auto,40500,Diesel,150,55.4,3.0
 2 Series,2018,25012,Automatic,13077,Petrol,145,47.9,2.0
 X1,2017,19890,Manual,55426,Diesel,125,58.9,2.0
 3 Series,2018,24245,Semi-Auto,29751,Diesel,145,60.1,2.0
 X1,2013,11131,Manual,67932,Diesel,165,51.4,2.0
 4 Series,2014,19499,Semi-Auto,15056,Petrol,160,44.8,2.0
 1 Series,2017,19214,Manual,23552,Diesel,145,72.4,1.5
 M4,2019,59118,Semi-Auto,24,Petrol,145,34.0,3.0
 3 Series,2019,40885,Semi-Auto,4568,Petrol,145,41.5,2.0
 1 Series,2019,22035,Semi-Auto,12345,Diesel,145,74.3,2.0
 3 Series,2019,33475,Semi-Auto,12647,Diesel,145,52.3,2.0
 3 Series,2019,33475,Semi-Auto,10568,Diesel,145,52.3,2.0
 X5,2019,61035,Semi-Auto,7246,Diesel,145,37.7,3.0
 1 Series,2017,24024,Semi-Auto,14193,Petrol,145,54.3,1.5
 5 Series,2019,34255,Semi-Auto,5453,Diesel,145,65.7,2.0
 2 Series,2020,29185,Manual,10,Diesel,145,64.2,2.0
 3 Series,2020,38987,Semi-Auto,12,Diesel,145,49.6,2.0
 3 Series,2020,31005,Semi-Auto,15,Petrol,145,42.2,2.0
 Z4,2020,37687,Semi-Auto,5,Petrol,145,38.2,2.0
 4 Series,2020,48685,Semi-Auto,11,Diesel,145,47.9,3.0
 Z4,2020,40287,Semi-Auto,10,Petrol,145,38.7,2.0
 Z4,2020,40287,Semi-Auto,12,Petrol,145,38.7,2.0
 3 Series,2017,25864,Semi-Auto,11700,Diesel,145,64.2,2.0
 3 Series,2019,31174,Semi-Auto,4063,Diesel,145,62.8,2.0
 3 Series,2019,38987,Manual,10,Diesel,145,54.3,2.0
 2 Series,2019,27924,Semi-Auto,1850,Petrol,145,50.4,1.5
 M2,2019,62374,Semi-Auto,100,Petrol,145,29.1,3.0
 4 Series,2019,29224,Semi-Auto,4020,Diesel,145,60.1,2.0
 2 Series,2019,27274,Semi-Auto,4691,Diesel,145,47.1,2.0
 5 Series,2019,37687,Semi-Auto,5471,Petrol,145,48.7,2.0
 5 Series,2019,41444,Semi-Auto,4669,Diesel,145,60.1,3.0
 3 Series,2019,40885,Semi-Auto,4682,Petrol,145,40.9,2.0
 2 Series,2019,31168,Manual,10,Diesel,145,60.1,2.0
 2 Series,2019,31122,Semi-Auto,9,Diesel,145,62.8,2.0
 5 Series,2019,41438,Semi-Auto,12,Petrol,145,48.7,2.0
 2 Series,2017,25324,Semi-Auto,14612,Diesel,145,55.4,2.0
 1 Series,2016,21164,Semi-Auto,5796,Petrol,125,54.3,1.5
 4 Series,2019,35035,Semi-Auto,500,Diesel,145,65.7,2.0
 3 Series,2017,23374,Semi-Auto,13350,Petrol,145,51.4,2.0
 X2,2019,58474,Semi-Auto,500,Diesel,145,58.9,2.0
 4 Series,2019,33787,Semi-Auto,11,Diesel,145,58.9,2.0
 3 Series,2019,32487,Manual,4229,Diesel,145,64.2,2.0
 X1,2017,27625,Semi-Auto,17961,Petrol,165,44.8,2.0
 2 Series,2017,27300,Semi-Auto,29484,Petrol,145,39.8,3.0
 X3,2019,40300,Semi-Auto,6981,Petrol,145,30.4,2.0
 4 Series,2019,32500,Semi-Auto,8592,Diesel,145,65.7,2.0
 3 Series,2019,27170,Semi-Auto,30243,Petrol,145,48.7,2.0
 X3,2018,39000,Semi-Auto,71587,Diesel,145,54.3,2.0
 1 Series,2016,14625,Manual,35447,Diesel,20,68.9,2.0
 5 Series,2014,16758,Semi-Auto,72000,Diesel,125,57.6,2.0
 4 Series,2017,20788,Semi-Auto,37847,Diesel,150,65.7,2.0
 2 Series,2016,21054,Automatic,23594,Hybrid,0,141.2,1.5
 X1,2016,23374,Semi-Auto,39004,Petrol,160,44.8,2.0
 4 Series,2018,27288,Manual,11455,Petrol,150,46.3,2.0
 6 Series,2014,23128,Semi-Auto,45012,Diesel,165,49.6,3.0
 1 Series,2015,15224,Manual,40560,Diesel,125,57.6,2.0
 7 Series,2016,31194,Semi-Auto,23600,Petrol,200,41.5,3.0
 4 Series,2016,20345,Manual,34236,Petrol,160,46.3,2.0
 1 Series,2017,18716,Manual,9243,Petrol,145,52.3,1.5
 1 Series,2017,15145,Manual,29116,Diesel,145,83.1,1.5
 1 Series,2017,18746,Manual,17357,Diesel,20,70.6,1.5
 4 Series,2018,28574,Semi-Auto,10146,Diesel,145,65.7,2.0
 7 Series,2019,66274,Semi-Auto,7606,Diesel,145,44.8,3.0
 X1,2019,33468,Semi-Auto,4928,Diesel,145,60.1,2.0
 4 Series,2020,42835,Semi-Auto,10,Petrol,145,41.5,3.0
 4 Series,2020,36335,Semi-Auto,10,Petrol,145,45.6,2.0
 4 Series,2020,36335,Manual,10,Diesel,145,62.8,2.0
 4 Series,2020,35035,Semi-Auto,10,Petrol,145,48.7,2.0
 1 Series,2016,18179,Manual,15445,Petrol,125,52.3,1.5
 5 Series,2016,18564,Automatic,52889,Diesel,30,62.8,2.0
 3 Series,2016,16380,Manual,19800,Petrol,125,52.3,1.5
 3 Series,2015,17408,Manual,62354,Diesel,125,58.9,2.0
 X3,2017,31188,Semi-Auto,17205,Diesel,150,54.3,2.0
 3 Series,2015,14938,Manual,55700,Diesel,125,60.1,2.0
 X5,2019,61724,Semi-Auto,5209,Diesel,145,37.7,3.0
 5 Series,2015,16111,Semi-Auto,80582,Diesel,30,62.8,2.0
 i3,2016,25337,Automatic,8421,Hybrid,0,470.8,0.0
 2 Series,2015,17577,Semi-Auto,55001,Diesel,20,68.9,2.0
 1 Series,2017,19494,Manual,13472,Diesel,145,65.7,2.0
 3 Series,2018,25347,Semi-Auto,32723,Petrol,150,48.7,2.0
 4 Series,2018,30937,Semi-Auto,8781,Diesel,145,55.4,3.0
 2 Series,2019,25663,Manual,4500,Petrol,150,52.3,1.5
 1 Series,2017,26638,Manual,12000,Petrol,150,36.2,3.0
 1 Series,2016,24688,Semi-Auto,16279,Petrol,240,37.7,3.0
 1 Series,2015,17018,Manual,35000,Diesel,30,65.7,2.0
 1 Series,2018,18838,Semi-Auto,28542,Diesel,150,48.7,1.5
 X1,2018,28588,Semi-Auto,27713,Diesel,150,60.1,2.0
 7 Series,2014,19237,Semi-Auto,60697,Diesel,160,50.4,3.0
 3 Series,2016,21447,Semi-Auto,22489,Hybrid,0,148.7,2.0
 3 Series,2015,17937,Semi-Auto,59936,Diesel,125,58.9,2.0
 1 Series,2016,18454,Semi-Auto,38094,Diesel,30,65.7,2.0
 4 Series,2020,54852,Semi-Auto,101,Petrol,145,39.2,3.0
 5 Series,2016,22529,Semi-Auto,31570,Diesel,30,62.8,2.0
 1 Series,2016,17225,Manual,26625,Petrol,125,53.3,1.5
 2 Series,2016,23009,Semi-Auto,32746,Petrol,265,37.2,3.0
 4 Series,2020,47973,Semi-Auto,101,Diesel,145,58.9,2.0
 X2,2020,36763,Semi-Auto,101,Diesel,145,50.4,2.0
 X2,2020,39537,Semi-Auto,101,Petrol,145,39.2,2.0
 1 Series,2020,40321,Semi-Auto,101,Diesel,145,48.7,2.0
 M4,2020,66823,Semi-Auto,101,Petrol,145,34.0,3.0
 3 Series,2020,45705,Semi-Auto,101,Diesel,145,48.7,2.0
 3 Series,2020,47323,Semi-Auto,101,Petrol,145,40.4,2.0
 Z4,2020,49368,Semi-Auto,101,Petrol,145,38.7,2.0
 3 Series,2019,27300,Semi-Auto,10959,Diesel,145,64.2,2.0
 5 Series,2018,38350,Semi-Auto,9629,Diesel,145,56.5,3.0
 X5,2016,34476,Automatic,59000,Diesel,200,47.1,3.0
 3 Series,2018,25990,Semi-Auto,32456,Diesel,145,62.8,2.0
 2 Series,2017,27316,Semi-Auto,36367,Petrol,200,39.8,3.0
 2 Series,2017,28244,Semi-Auto,24442,Petrol,145,39.8,3.0
 1 Series,2016,17105,Semi-Auto,31218,Diesel,20,70.6,2.0
 5 Series,2015,19746,Semi-Auto,54636,Diesel,125,60.1,2.0
 1 Series,2016,16563,Manual,42500,Diesel,20,68.9,2.0
 3 Series,2016,25090,Semi-Auto,13500,Hybrid,0,134.5,2.0
 X3,2019,51988,Semi-Auto,1266,Diesel,145,54.3,2.0
 1 Series,2015,19037,Manual,31900,Diesel,30,62.8,2.0
 3 Series,2018,28028,Semi-Auto,36646,Diesel,145,53.3,3.0
 X3,2015,25347,Semi-Auto,30256,Diesel,145,54.3,2.0
 1 Series,2017,28337,Semi-Auto,12967,Petrol,200,39.8,3.0
 3 Series,2018,26647,Semi-Auto,19620,Petrol,145,48.7,2.0
 3 Series,2016,20147,Semi-Auto,13377,Petrol,125,51.4,2.0
 3 Series,2018,26387,Semi-Auto,26751,Petrol,145,48.7,2.0
 3 Series,2018,27297,Semi-Auto,14486,Petrol,150,48.7,2.0
 X4,2019,49400,Semi-Auto,15118,Petrol,150,26.9,3.0
 X5,2018,48750,Automatic,6836,Diesel,150,47.1,3.0
 4 Series,2016,23400,Automatic,15788,Diesel,30,65.7,2.0
 X5,2019,56875,Semi-Auto,10829,Diesel,145,37.7,3.0
 3 Series,2016,25864,Semi-Auto,26200,Diesel,165,51.4,3.0
 2 Series,2018,23137,Semi-Auto,9816,Petrol,150,38.2,2.0
 3 Series,2017,18974,Automatic,24624,Petrol,145,51.4,2.0
 3 Series,2019,36869,Semi-Auto,13547,Petrol,145,42.2,2.0
 2 Series,2019,35641,Semi-Auto,2171,Diesel,145,64.2,2.0
 5 Series,2017,29705,Semi-Auto,20951,Diesel,125,60.1,2.0
 1 Series,2017,21125,Semi-Auto,35332,Diesel,150,60.1,2.0
 5 Series,2019,53280,Semi-Auto,7998,Petrol,145,50.4,2.0
 X2,2019,37700,Semi-Auto,3351,Petrol,145,39.2,2.0
 2 Series,2019,27690,Manual,2455,Diesel,145,51.4,2.0
 X1,2019,40560,Semi-Auto,2517,Diesel,145,36.7,2.0
 Z4,2019,45357,Semi-Auto,156,Petrol,145,38.7,2.0
 X2,2019,43940,Semi-Auto,4291,Petrol,145,34.0,2.0
 2 Series,2019,28080,Manual,1455,Diesel,145,51.4,2.0
 3 Series,2019,32929,Semi-Auto,2307,Diesel,145,65.7,2.0
 3 Series,2016,18499,Manual,57736,Petrol,145,47.9,2.0
 X1,2019,40196,Manual,5234,Diesel,145,68.9,2.0
 4 Series,2018,26975,Semi-Auto,7261,Diesel,145,60.1,2.0
 X4,2019,50050,Semi-Auto,10802,Diesel,145,37.2,3.0
 7 Series,2019,63417,Semi-Auto,101,Diesel,145,41.5,3.0
 5 Series,2019,55445,Semi-Auto,101,Petrol,145,50.4,2.0
 3 Series,2016,29250,Semi-Auto,24079,Diesel,205,49.6,3.0
 3 Series,2015,19500,Semi-Auto,47773,Diesel,125,58.9,2.0
 4 Series,2019,31525,Automatic,5758,Diesel,145,65.7,2.0
 3 Series,2019,31200,Automatic,12473,Diesel,145,52.3,2.0
 X5,2019,69550,Automatic,6601,Diesel,145,33.6,3.0
 3 Series,2019,36205,Automatic,2965,Diesel,145,52.3,2.0
 3 Series,2018,29770,Semi-Auto,27800,Petrol,145,48.7,2.0
 4 Series,2019,33670,Semi-Auto,12202,Petrol,145,48.7,2.0
 5 Series,2019,55445,Semi-Auto,101,Petrol,145,50.4,2.0
 5 Series,2019,55120,Semi-Auto,101,Petrol,145,50.4,2.0
 7 Series,2019,65507,Semi-Auto,2218,Petrol,145,33.6,3.0
 7 Series,2019,60450,Semi-Auto,6249,Diesel,145,42.2,3.0
 3 Series,2019,30287,Semi-Auto,15221,Diesel,145,62.8,2.0
 X1,2016,19497,Manual,52422,Diesel,125,58.9,2.0
 X1,2017,27755,Automatic,17877,Diesel,145,60.1,2.0
 2 Series,2019,27950,Manual,6649,Petrol,145,42.2,1.5
 7 Series,2019,68770,Semi-Auto,2919,Diesel,145,41.5,3.0
 3 Series,2018,27816,Semi-Auto,5034,Diesel,145,62.8,2.0
 2 Series,2019,35088,Manual,103,Diesel,145,51.4,2.0
 2 Series,2019,36387,Semi-Auto,1614,Diesel,145,49.6,2.0
 2 Series,2019,36869,Semi-Auto,101,Petrol,145,50.4,2.0
 3 Series,2016,17287,Semi-Auto,62655,Diesel,30,64.2,2.0
 4 Series,2016,25277,Semi-Auto,55297,Diesel,160,50.4,3.0
 X1,2017,27625,Semi-Auto,17962,Petrol,165,44.8,2.0
 5 Series,2017,34450,Automatic,17766,Diesel,145,60.1,3.0
 2 Series,2018,24700,Semi-Auto,9641,Petrol,145,38.2,2.0
 3 Series,2019,34775,Semi-Auto,4327,Diesel,145,53.3,3.0
 3 Series,2018,25870,Semi-Auto,12030,Diesel,145,64.2,2.0
 3 Series,2017,18925,Semi-Auto,28487,Petrol,125,54.3,1.5
 X1,2016,21645,Semi-Auto,27843,Diesel,30,65.7,2.0
 3 Series,2019,49388,Semi-Auto,7447,Petrol,150,34.9,3.0
 X5,2017,44188,Automatic,32771,Diesel,145,47.1,3.0
 X4,2019,50050,Semi-Auto,12733,Diesel,150,37.2,3.0
 2 Series,2017,22088,Manual,20626,Diesel,30,62.8,2.0
 M3,2017,48868,Semi-Auto,15770,Petrol,305,34.0,3.0
 X7,2019,84565,Semi-Auto,3192,Diesel,145,33.6,3.0
 5 Series,2019,37440,Semi-Auto,5360,Diesel,145,65.7,2.0
 3 Series,2019,38324,Semi-Auto,2228,Diesel,145,52.3,2.0
 1 Series,2019,22074,Manual,12,Diesel,145,68.9,2.0
 4 Series,2019,32220,Semi-Auto,2924,Petrol,145,48.7,2.0
 4 Series,2016,24037,Semi-Auto,38692,Diesel,30,65.7,2.0
 3 Series,2018,25337,Semi-Auto,28816,Petrol,150,48.7,2.0
 3 Series,2019,34138,Semi-Auto,14612,Petrol,145,41.5,3.0
 X5,2016,40288,Automatic,14286,Diesel,200,47.1,3.0
 3 Series,2015,18890,Semi-Auto,41330,Diesel,125,61.4,2.0
 X5,2017,48750,Automatic,11261,Diesel,145,42.8,3.0
 2 Series,2017,23215,Automatic,28561,Hybrid,0,135.5,1.5
 7 Series,2016,38012,Semi-Auto,20619,Diesel,145,54.3,3.0
 1 Series,2017,25988,Manual,20302,Petrol,145,36.2,3.0
 3 Series,2019,35724,Manual,18,Diesel,145,54.3,2.0
 4 Series,2019,38792,Semi-Auto,6011,Diesel,145,60.1,2.0
 2 Series,2019,27924,Manual,3347,Diesel,145,61.4,2.0
 2 Series,2019,25974,Manual,1900,Petrol,145,42.8,1.5
 2 Series,2019,25974,Manual,10,Petrol,145,42.8,1.5
 X1,2019,33514,Semi-Auto,4224,Diesel,145,60.1,2.0
 3 Series,2019,35724,Manual,4398,Diesel,145,54.3,2.0
 2 Series,2020,28457,Semi-Auto,11,Petrol,150,50.4,1.5
 3 Series,2019,34447,Semi-Auto,17794,Diesel,145,48.7,2.0
 1 Series,2016,14938,Manual,36200,Diesel,0,83.1,1.5
 1 Series,2013,20788,Semi-Auto,50039,Petrol,235,37.7,3.0
 3 Series,2015,20788,Semi-Auto,48000,Diesel,150,53.3,3.0
 5 Series,2018,38988,Semi-Auto,12000,Diesel,150,60.1,3.0
 4 Series,2015,20788,Manual,28000,Petrol,165,44.8,2.0
 X3,2019,44187,Semi-Auto,3440,Diesel,150,54.3,2.0
 X3,2019,50687,Semi-Auto,5656,Diesel,150,36.7,3.0
 3 Series,2020,40222,Semi-Auto,1586,Diesel,150,50.4,2.0
 2 Series,2019,29887,Manual,8567,Diesel,150,51.4,2.0
 1 Series,2020,38935,Semi-Auto,3422,Diesel,150,48.7,2.0
 3 Series,2017,27287,Semi-Auto,6971,Diesel,125,60.1,2.0
 X1,2017,25987,Semi-Auto,18754,Diesel,150,65.7,2.0
 Z4,2020,44005,Semi-Auto,5,Petrol,150,38.7,2.0
 3 Series,2014,18187,Semi-Auto,29046,Diesel,30,62.8,2.0
 2 Series,2017,24687,Semi-Auto,31208,Diesel,150,65.7,2.0
 M4,2020,63635,Semi-Auto,17,Petrol,150,32.5,3.0
 5 Series,2020,35087,Semi-Auto,14,Petrol,150,50.4,2.0
 2 Series,2016,18837,Semi-Auto,40115,Diesel,30,64.2,2.0
 3 Series,2015,18187,Semi-Auto,45116,Petrol,150,47.9,2.0
 5 Series,2019,42887,Semi-Auto,4716,Diesel,150,53.3,3.0
 2 Series,2019,27092,Semi-Auto,6050,Petrol,150,50.4,1.5
 1 Series,2017,20085,Semi-Auto,19383,Diesel,150,72.4,1.5
 1 Series,2017,27287,Semi-Auto,25249,Diesel,150,61.4,2.0
 5 Series,2019,33137,Semi-Auto,5656,Petrol,150,50.4,2.0
 3 Series,2019,48737,Semi-Auto,9565,Petrol,150,34.9,3.0
 5 Series,2020,54761,Semi-Auto,101,Petrol,145,39.2,3.0
 X6,2016,36075,Semi-Auto,38680,Diesel,200,47.1,3.0
 X3,2019,40560,Semi-Auto,17173,Petrol,145,30.4,2.0
 4 Series,2019,45350,Semi-Auto,4883,Diesel,145,60.1,2.0
 1 Series,2019,42588,Semi-Auto,2690,Petrol,145,34.5,2.0
 4 Series,2019,29497,Semi-Auto,4940,Diesel,150,65.7,2.0
 4 Series,2019,29237,Semi-Auto,7949,Diesel,150,65.7,2.0
 X3,2020,42237,Semi-Auto,6565,Diesel,150,54.3,2.0
 2 Series,2018,24687,Semi-Auto,13600,Petrol,150,38.2,2.0
 3 Series,2017,26039,Semi-Auto,44751,Petrol,145,48.7,2.0
 4 Series,2017,26500,Semi-Auto,19221,Diesel,145,65.7,2.0
 3 Series,2018,27846,Semi-Auto,21328,Diesel,145,60.1,2.0
 4 Series,2016,25964,Semi-Auto,15705,Petrol,145,48.7,2.0
 4 Series,2018,27581,Semi-Auto,11685,Diesel,145,65.7,2.0
 3 Series,2019,26387,Manual,6018,Diesel,145,64.2,2.0
 4 Series,2019,41713,Semi-Auto,1678,Diesel,145,65.7,2.0
 X3,2019,45488,Semi-Auto,2549,Diesel,145,54.3,2.0
 3 Series,2016,21060,Semi-Auto,17252,Diesel,30,62.8,2.0
 X4,2020,64325,Semi-Auto,101,Diesel,145,37.2,3.0
 X4,2020,54475,Semi-Auto,101,Diesel,145,42.8,2.0
 1 Series,2020,35088,Semi-Auto,5,Petrol,145,40.4,1.5
 3 Series,2017,23388,Semi-Auto,48356,Diesel,30,64.2,2.0
 4 Series,2019,28587,Semi-Auto,9654,Diesel,150,65.7,2.0
 4 Series,2019,31837,Manual,9232,Petrol,150,42.8,2.0
 4 Series,2019,30537,Semi-Auto,8175,Diesel,150,65.7,2.0
 X2,2020,45487,Semi-Auto,10,Petrol,150,34.0,2.0
 Z4,2020,40287,Semi-Auto,100,Petrol,150,38.7,2.0
 3 Series,2020,37687,Semi-Auto,14,Diesel,150,50.4,2.0
 5 Series,2019,46592,Semi-Auto,11,Diesel,145,53.3,3.0
 4 Series,2015,22087,Semi-Auto,24450,Petrol,205,42.8,2.0
 5 Series,2018,40937,Semi-Auto,11798,Petrol,150,39.2,3.0
 3 Series,2015,22087,Semi-Auto,29706,Diesel,30,62.8,2.0
 1 Series,2017,19435,Manual,13971,Diesel,150,68.9,2.0
 X3,2017,29237,Semi-Auto,13697,Diesel,150,54.3,2.0
 2 Series,2016,19487,Semi-Auto,16685,Petrol,125,53.3,1.5
 2 Series,2017,19487,Manual,14643,Petrol,125,52.3,1.5
 X7,2020,101387,Semi-Auto,5656,Diesel,150,31.4,3.0
 X6,2020,88387,Semi-Auto,5656,Diesel,150,33.2,3.0
 X7,2019,101244,Semi-Auto,6506,Diesel,150,31.4,3.0
 5 Series,2020,36387,Semi-Auto,9,Petrol,150,36.2,2.0
 3 Series,2020,32487,Semi-Auto,22,Diesel,150,54.3,2.0
 2 Series,2020,28457,Semi-Auto,10,Petrol,150,50.4,1.5
 5 Series,2020,35087,Semi-Auto,6,Petrol,145,52.3,2.0
 3 Series,2017,22737,Semi-Auto,18138,Diesel,145,64.2,2.0
 M4,2016,39637,Semi-Auto,38422,Petrol,300,34.0,3.0
 X5,2017,50687,Automatic,19094,Diesel,150,42.8,3.0
 1 Series,2020,30537,Manual,6565,Diesel,150,53.3,2.0
 2 Series,2020,29887,Semi-Auto,11,Petrol,150,47.9,2.0
 X4,2019,47437,Semi-Auto,4068,Diesel,150,40.9,3.0
 1 Series,2019,31837,Semi-Auto,2036,Diesel,150,53.3,2.0
 3 Series,2020,32487,Semi-Auto,16,Diesel,150,54.3,2.0
 5 Series,2020,36387,Semi-Auto,9,Hybrid,150,49.6,2.0
 4 Series,2019,37687,Semi-Auto,5656,Diesel,150,50.4,3.0
 X4,2019,45487,Semi-Auto,5656,Diesel,150,42.8,2.0
 1 Series,2019,33137,Manual,10,Diesel,145,53.3,2.0
 5 Series,2019,34255,Semi-Auto,10312,Diesel,145,65.7,2.0
 1 Series,2019,38337,Semi-Auto,7656,Petrol,150,34.5,2.0
 3 Series,2020,40105,Semi-Auto,5656,Diesel,150,48.7,2.0
 2 Series,2019,32487,Semi-Auto,10,Petrol,145,50.4,2.0
 1 Series,2019,31785,Manual,10,Petrol,145,41.5,1.5
 X7,2020,83187,Semi-Auto,6137,Diesel,145,33.6,3.0
 Z4,2020,38987,Semi-Auto,4646,Petrol,145,38.7,2.0
 4 Series,2019,36257,Semi-Auto,2476,Petrol,145,48.7,2.0
 X2,2019,37037,Semi-Auto,2949,Diesel,145,61.4,2.0
 4 Series,2019,34437,Semi-Auto,1652,Petrol,145,45.6,2.0
 4 Series,2019,33605,Semi-Auto,2146,Diesel,145,65.7,2.0
 4 Series,2019,33605,Semi-Auto,1980,Diesel,145,65.7,2.0
 2 Series,2019,29445,Manual,100,Diesel,145,61.4,2.0
 5 Series,2018,29380,Semi-Auto,14102,Diesel,145,68.9,2.0
 X1,2016,18188,Manual,46424,Diesel,125,60.1,2.0
 3 Series,2019,31174,Semi-Auto,4628,Diesel,145,62.8,2.0
 5 Series,2020,38987,Semi-Auto,10,Petrol,145,50.4,2.0
 X2,2020,30485,Manual,15,Diesel,145,55.4,2.0
 4 Series,2020,33774,Manual,14,Petrol,145,46.3,2.0
 1 Series,2020,26637,Manual,6262,Petrol,145,44.1,1.5
 3 Series,2020,37687,Semi-Auto,5656,Diesel,145,52.3,2.0
 3 Series,2020,39637,Semi-Auto,6565,Diesel,145,50.4,2.0
 3 Series,2020,42627,Semi-Auto,5656,Diesel,145,47.9,3.0
 1 Series,2020,40287,Semi-Auto,5656,Petrol,145,34.5,2.0
 3 Series,2020,44187,Semi-Auto,5665,Petrol,145,40.4,2.0
 4 Series,2019,30485,Semi-Auto,6900,Diesel,145,65.7,2.0
 7 Series,2016,42887,Semi-Auto,21224,Petrol,300,35.3,4.4
 2 Series,2015,22439,Manual,25637,Petrol,300,34.9,3.0
 X4,2019,47775,Semi-Auto,15508,Diesel,145,40.9,3.0
 X1,2016,23010,Semi-Auto,37326,Diesel,125,57.6,2.0
 1 Series,2017,29888,Semi-Auto,15709,Petrol,145,39.8,3.0
 X4,2017,33787,Semi-Auto,25357,Diesel,200,47.9,3.0
 4 Series,2018,32240,Semi-Auto,29435,Diesel,145,49.6,3.0
 5 Series,2019,34255,Semi-Auto,4694,Diesel,145,65.7,2.0
 3 Series,2019,36985,Semi-Auto,9809,Petrol,145,43.5,2.0
 5 Series,2019,34255,Semi-Auto,6260,Diesel,145,65.7,2.0
 5 Series,2019,34255,Semi-Auto,9334,Diesel,145,65.7,2.0
 3 Series,2020,37687,Semi-Auto,4,Diesel,145,62.8,2.0
 3 Series,2019,31785,Manual,4725,Diesel,145,54.3,2.0
 3 Series,2019,35685,Semi-Auto,7827,Petrol,145,43.5,2.0
 7 Series,2019,64987,Semi-Auto,10478,Petrol,145,33.6,3.0
 X7,2020,102037,Semi-Auto,4919,Diesel,145,31.4,3.0
 5 Series,2019,34437,Semi-Auto,10656,Diesel,150,65.7,2.0
 5 Series,2019,31716,Semi-Auto,10423,Diesel,145,65.7,2.0
 4 Series,2019,37306,Semi-Auto,4927,Diesel,145,50.4,3.0
 X2,2019,38337,Semi-Auto,1155,Diesel,145,61.4,2.0
 1 Series,2019,38935,Semi-Auto,10,Diesel,145,48.7,2.0
 4 Series,2019,33085,Semi-Auto,1678,Petrol,145,48.7,2.0
 X7,2020,90987,Semi-Auto,5087,Diesel,145,33.6,3.0
 1 Series,2019,35737,Semi-Auto,2270,Diesel,145,51.4,2.0
 5 Series,2020,45305,Semi-Auto,16,Hybrid,145,44.8,2.0
 X2,2020,40287,Manual,6,Petrol,145,42.8,1.5
 3 Series,2020,30537,Manual,15,Diesel,145,58.9,2.0
 X3,2017,33787,Semi-Auto,26325,Diesel,200,47.1,3.0
 3 Series,2020,38987,Semi-Auto,9,Diesel,145,50.4,2.0
 3 Series,2020,31187,Manual,13,Diesel,145,56.5,2.0
 1 Series,2016,24566,Semi-Auto,32632,Petrol,200,39.8,3.0
 3 Series,2019,36396,Semi-Auto,16330,Diesel,145,49.6,3.0
 3 Series,2019,37046,Semi-Auto,9898,Diesel,145,49.6,3.0
 3 Series,2019,31976,Semi-Auto,5574,Petrol,145,48.7,2.0
 2 Series,2018,41952,Semi-Auto,103,Diesel,145,49.6,2.0
 X2,2019,42888,Semi-Auto,2899,Petrol,145,39.2,2.0
 2 Series,2019,29888,Manual,103,Petrol,145,44.1,1.5
 X2,2018,31889,Semi-Auto,25660,Diesel,145,61.4,2.0
 X1,2019,30546,Semi-Auto,105,Petrol,145,37.7,2.0
 2 Series,2019,29237,Manual,10,Petrol,145,52.3,1.5
 1 Series,2019,29237,Manual,10,Petrol,145,44.1,1.5
 1 Series,2019,36387,Semi-Auto,10,Diesel,145,51.4,2.0
 1 Series,2019,31187,Manual,10,Petrol,145,41.5,1.5
 X2,2019,34437,Semi-Auto,10,Petrol,145,38.7,2.0
 1 Series,2019,32487,Manual,10,Diesel,145,53.3,2.0
 1 Series,2016,28587,Semi-Auto,10,Diesel,20,68.9,1.5
 1 Series,2016,24687,Manual,10,Diesel,20,72.4,1.5
 3 Series,2019,38987,Semi-Auto,7460,Diesel,145,48.7,2.0
 3 Series,2019,36972,Semi-Auto,8788,Diesel,145,48.7,2.0
 5 Series,2020,42705,Semi-Auto,5,Hybrid,145,62.8,2.0
 X2,2020,34957,Manual,9,Diesel,145,53.3,2.0
 5 Series,2020,36387,Semi-Auto,8,Hybrid,145,52.3,2.0
 4 Series,2020,44057,Semi-Auto,9,Diesel,145,51.4,3.0
 5 Series,2017,31174,Semi-Auto,29539,Diesel,145,60.1,2.0
 3 Series,2019,39424,Semi-Auto,3392,Petrol,145,41.5,2.0
 Z4,2020,46605,Semi-Auto,5,Petrol,145,37.2,2.0
 3 Series,2020,29705,Semi-Auto,12,Petrol,145,43.5,2.0
 5 Series,2016,21190,Semi-Auto,21464,Diesel,20,68.9,2.0
 M4,2016,41431,Semi-Auto,21533,Petrol,300,34.0,3.0
 X6,2016,42640,Semi-Auto,26615,Diesel,200,44.8,3.0
 X5,2017,75387,Automatic,10,Diesel,145,42.8,3.0
 3 Series,2017,46787,Semi-Auto,112,Diesel,145,51.4,3.0
 1 Series,2020,28522,Manual,514,Petrol,145,44.1,1.5
 1 Series,2016,25337,Manual,10,Diesel,0,78.5,1.5
 4 Series,2018,33728,Semi-Auto,20011,Petrol,145,41.5,3.0
 3 Series,2018,29738,Semi-Auto,8973,Petrol,145,47.9,2.0
 2 Series,2019,28528,Semi-Auto,11687,Petrol,145,47.9,2.0
 2 Series,2019,29172,Manual,10,Petrol,145,52.3,1.5
 X1,2016,27098,Semi-Auto,17699,Petrol,160,44.8,2.0
 3 Series,2019,40807,Semi-Auto,5029,Petrol,145,40.9,2.0
 3 Series,2019,32487,Manual,4753,Diesel,145,64.2,2.0
 3 Series,2019,32435,Manual,3238,Diesel,145,64.2,2.0
 5 Series,2019,40274,Semi-Auto,9709,Diesel,145,56.5,3.0
 3 Series,2019,30927,Semi-Auto,8178,Petrol,145,47.9,2.0
 3 Series,2019,31174,Semi-Auto,2198,Petrol,145,47.9,2.0
 4 Series,2019,32468,Semi-Auto,9533,Diesel,145,65.7,2.0
 2 Series,2018,30043,Semi-Auto,19598,Petrol,145,39.8,3.0
 4 Series,2016,22685,Semi-Auto,27089,Diesel,30,65.7,2.0
 1 Series,2017,29237,Semi-Auto,23120,Petrol,145,39.8,3.0
 2 Series,2015,20800,Semi-Auto,29788,Diesel,30,64.2,2.0
 2 Series,2020,33924,Manual,101,Petrol,145,52.3,1.5
 1 Series,2019,23006,Manual,3312,Petrol,145,52.3,1.5
 X5,2017,66287,Automatic,10,Diesel,145,47.1,3.0
 1 Series,2017,31837,Manual,102,Diesel,145,65.7,2.0
 1 Series,2016,25337,Manual,10,Diesel,20,72.4,1.5
 1 Series,2016,25987,Manual,10,Petrol,125,53.3,1.5
 Z4,2020,43537,Semi-Auto,10,Petrol,145,38.7,2.0
 X1,2020,38285,Semi-Auto,10,Diesel,145,40.9,2.0
 X5,2017,67587,Automatic,10,Diesel,200,47.1,3.0
 4 Series,2017,21970,Automatic,19834,Diesel,145,65.7,2.0
 3 Series,2018,20306,Manual,19281,Diesel,145,60.1,2.0
 2 Series,2020,31818,Manual,117,Diesel,145,51.4,2.0
 2 Series,2020,30518,Semi-Auto,12,Petrol,145,50.4,1.5
 4 Series,2018,29172,Semi-Auto,13673,Petrol,145,48.7,2.0
 X1,2019,33085,Semi-Auto,5021,Petrol,145,40.9,1.5
 5 Series,2019,47938,Semi-Auto,10,Diesel,145,53.3,3.0
 5 Series,2019,34255,Semi-Auto,9062,Diesel,145,65.7,2.0
 1 Series,2016,27287,Manual,10,Diesel,20,68.9,2.0
 2 Series,2019,29835,Semi-Auto,11,Diesel,145,64.2,2.0
 2 Series,2019,31057,Semi-Auto,14,Diesel,145,62.8,2.0
 4 Series,2019,43537,Semi-Auto,10,Diesel,145,51.4,3.0
 5 Series,2019,46118,Semi-Auto,15,Diesel,145,53.3,3.0
 3 Series,2019,30908,Semi-Auto,2552,Petrol,145,47.9,2.0
 3 Series,2019,30908,Semi-Auto,2359,Petrol,145,47.9,2.0
 5 Series,2014,15987,Semi-Auto,52598,Diesel,30,62.8,2.0
 1 Series,2019,20794,Manual,5500,Diesel,145,68.9,2.0
 1 Series,2014,10725,Manual,67654,Diesel,0,74.3,1.6
 3 Series,2014,19362,Semi-Auto,36771,Diesel,125,57.6,3.0
 3 Series,2016,23400,Semi-Auto,29978,Diesel,160,51.4,3.0
 5 Series,2018,36374,Semi-Auto,29482,Diesel,145,53.3,3.0
 4 Series,2016,32474,Manual,10,Petrol,160,46.3,2.0
 4 Series,2017,54587,Automatic,10,Petrol,200,41.5,3.0
 X1,2017,33787,Manual,10,Diesel,20,68.9,2.0
 X1,2017,40274,Semi-Auto,10,Petrol,160,44.8,2.0
 1 Series,2017,25337,Manual,10,Petrol,125,53.3,1.5
 X6,2020,64968,Semi-Auto,2950,Diesel,150,34.9,3.0
 2 Series,2019,31168,Semi-Auto,3013,Diesel,150,64.2,2.0
 4 Series,2019,37668,Semi-Auto,3783,Diesel,150,49.6,3.0
 3 Series,2020,42218,Semi-Auto,12,Diesel,145,48.7,2.0
 5 Series,2020,42218,Semi-Auto,12,Hybrid,145,49.6,2.0
 3 Series,2020,43518,Semi-Auto,12,Diesel,145,48.7,2.0
 X6,2020,71468,Semi-Auto,1075,Petrol,150,26.4,3.0
 X2,2018,29211,Semi-Auto,10500,Diesel,145,61.4,2.0
 3 Series,2015,19497,Semi-Auto,81455,Diesel,200,49.6,3.0
 3 Series,2018,28597,Semi-Auto,17810,Diesel,145,60.1,2.0
 3 Series,2018,25347,Semi-Auto,17686,Diesel,145,64.2,2.0
 X2,2019,36387,Semi-Auto,10,Petrol,145,38.7,2.0
 X5,2017,72787,Automatic,10,Diesel,145,47.1,3.0
 2 Series,2017,28587,Manual,10,Diesel,145,64.2,2.0
 2 Series,2017,27287,Semi-Auto,10,Petrol,145,52.3,1.5
 3 Series,2019,34385,Manual,3055,Diesel,145,54.3,2.0
 3 Series,2019,34385,Manual,3093,Diesel,145,54.3,2.0
 X1,2017,26488,Semi-Auto,28005,Diesel,125,57.6,2.0
 1 Series,2016,27287,Manual,10,Diesel,20,68.9,2.0
 4 Series,2019,30485,Semi-Auto,11,Diesel,145,65.7,2.0
 5 Series,2019,46527,Semi-Auto,12,Diesel,145,53.3,3.0
 5 Series,2019,46527,Semi-Auto,12,Diesel,145,53.3,3.0
 X6,2020,75387,Semi-Auto,3955,Diesel,145,34.9,3.0
 X5,2020,63037,Semi-Auto,5656,Diesel,145,37.7,3.0
 1 Series,2017,27268,Semi-Auto,11932,Petrol,145,39.8,3.0
 3 Series,2019,40872,Semi-Auto,4675,Petrol,145,40.9,2.0
 3 Series,2019,31168,Semi-Auto,5749,Petrol,145,47.9,2.0
 X1,2019,32208,Manual,6786,Petrol,145,51.4,1.5
 X3,2019,42868,Semi-Auto,2715,Diesel,145,54.3,2.0
 5 Series,2020,35087,Semi-Auto,11,Petrol,145,52.3,2.0
 1 Series,2018,21158,Manual,12879,Petrol,145,53.3,1.5
 X2,2019,35458,Semi-Auto,5177,Diesel,145,48.7,2.0
 3 Series,2019,32208,Manual,3368,Diesel,145,64.2,2.0
 1 Series,2015,12649,Manual,26845,Diesel,0,78.5,1.5
 X1,2016,22633,Automatic,32123,Diesel,125,57.6,2.0
 X1,2016,22369,Automatic,42761,Diesel,145,55.4,2.0
 3 Series,2014,14300,Semi-Auto,69382,Diesel,125,57.6,3.0
 5 Series,2013,13048,Automatic,77262,Diesel,125,60.1,2.0
 2 Series,2018,21345,Manual,11198,Petrol,145,42.2,1.5
 3 Series,2019,32208,Manual,3758,Diesel,145,64.2,2.0
 3 Series,2019,31187,Manual,4026,Diesel,145,64.2,2.0
 3 Series,2019,40807,Semi-Auto,3097,Petrol,145,41.5,2.0
 X5,2019,58227,Semi-Auto,10776,Diesel,145,37.7,3.0
 1 Series,2019,37668,Semi-Auto,7110,Petrol,150,34.5,2.0
 3 Series,2019,33768,Semi-Auto,3119,Petrol,150,42.2,2.0
 X3,2019,50668,Semi-Auto,6436,Diesel,150,36.7,3.0
 3 Series,2019,36368,Semi-Auto,8856,Diesel,150,52.3,2.0
 X4,2019,46124,Semi-Auto,10395,Diesel,150,42.8,2.0
 2 Series,2020,31187,Semi-Auto,18,Diesel,150,49.6,2.0
 2 Series,2020,28457,Semi-Auto,12,Petrol,150,50.4,1.5
 4 Series,2020,33774,Semi-Auto,14,Diesel,145,65.7,2.0
 3 Series,2013,11960,Automatic,83944,Diesel,125,60.1,2.0
 3 Series,2019,40658,Semi-Auto,5494,Petrol,145,41.5,2.0
 3 Series,2019,31558,Semi-Auto,10361,Diesel,145,62.8,2.0
 4 Series,2019,32208,Semi-Auto,10535,Diesel,145,65.7,2.0
 5 Series,2019,34158,Semi-Auto,7585,Diesel,145,65.7,2.0
 5 Series,2019,43908,Semi-Auto,12900,Diesel,145,53.3,3.0
 5 Series,2019,37668,Semi-Auto,2013,Diesel,145,60.1,2.0
 X1,2019,37427,Semi-Auto,3911,Petrol,145,38.7,2.0
 4 Series,2020,33508,Semi-Auto,12,Diesel,150,65.7,2.0
 1 Series,2014,14268,Manual,38000,Diesel,30,65.7,2.0
 3 Series,2019,33735,Semi-Auto,3977,Petrol,145,43.5,2.0
 5 Series,2019,34255,Semi-Auto,8324,Diesel,145,65.7,2.0
 3 Series,2020,40287,Semi-Auto,3656,Diesel,150,50.4,2.0
 3 Series,2020,36387,Semi-Auto,6565,Petrol,150,42.2,2.0
 X2,2020,37037,Semi-Auto,6565,Diesel,150,58.9,2.0
 1 Series,2020,33085,Semi-Auto,6565,Diesel,150,51.4,2.0
 X1,2020,33137,Semi-Auto,5656,Diesel,150,47.9,2.0
 X2,2020,31187,Manual,15,Diesel,150,55.4,2.0
 X5,2020,63668,Semi-Auto,9998,Diesel,145,37.7,3.0
 2 Series,2020,34418,Semi-Auto,12,Diesel,145,51.4,2.0
 3 Series,2020,34437,Semi-Auto,14,Diesel,150,60.1,2.0
 3 Series,2019,38968,Manual,1254,Diesel,145,54.3,2.0
 3 Series,2019,35458,Manual,3377,Diesel,145,54.3,2.0
 2 Series,2019,28958,Manual,12,Petrol,145,42.2,1.5
 3 Series,2019,37408,Semi-Auto,5800,Diesel,145,52.3,2.0
 3 Series,2019,32208,Manual,3043,Diesel,145,64.2,2.0
 M4,2019,51058,Semi-Auto,8787,Petrol,145,34.0,3.0
 M4,2019,54958,Semi-Auto,9403,Petrol,145,32.5,3.0
 3 Series,2018,31818,Semi-Auto,10548,Petrol,145,46.3,2.0
 3 Series,2018,32227,Semi-Auto,12,Petrol,145,48.7,2.0
 3 Series,2018,35737,Semi-Auto,12,Diesel,145,57.7,2.0
 X1,2019,33085,Semi-Auto,6908,Petrol,145,40.9,1.5
 X3,2019,44772,Semi-Auto,11,Diesel,145,54.3,2.0
 X2,2020,29874,Semi-Auto,10,Petrol,145,43.5,1.5
 3 Series,2020,38987,Semi-Auto,9,Diesel,145,51.4,2.0
 X2,2020,44785,Semi-Auto,14,Petrol,145,34.0,2.0
 5 Series,2020,40885,Semi-Auto,8,Hybrid,145,60.1,2.0
 5 Series,2020,38935,Semi-Auto,6,Hybrid,145,49.6,2.0
 X3,2020,51987,Semi-Auto,4773,Diesel,150,48.7,3.0
 3 Series,2014,16218,Manual,51122,Diesel,30,62.8,2.0
 2 Series,2020,34437,Semi-Auto,10,Diesel,150,47.1,2.0
 4 Series,2018,28958,Semi-Auto,18243,Petrol,145,48.7,2.0
 2 Series,2019,30908,Manual,34,Diesel,145,60.1,2.0
 2 Series,2019,29608,Manual,10,Diesel,145,51.4,2.0
 5 Series,2019,40918,Semi-Auto,12,Petrol,145,48.7,2.0
 4 Series,2019,44168,Semi-Auto,11,Diesel,145,51.4,3.0
 4 Series,2019,31558,Semi-Auto,13,Petrol,145,45.6,2.0
 4 Series,2019,31558,Semi-Auto,12,Petrol,145,45.6,2.0
 4 Series,2019,31168,Semi-Auto,13,Petrol,145,45.6,2.0
 X2,2018,37687,Manual,12,Diesel,145,52.3,2.0
 X3,2018,51545,Semi-Auto,12,Diesel,145,54.3,2.0
 5 Series,2019,34255,Semi-Auto,14345,Diesel,145,65.7,2.0
 X1,2019,33799,Semi-Auto,4575,Diesel,145,60.1,2.0
 X1,2019,33799,Semi-Auto,2974,Diesel,145,60.1,2.0
 4 Series,2016,24018,Semi-Auto,10545,Diesel,30,65.7,2.0
 4 Series,2017,30518,Semi-Auto,29819,Diesel,145,50.4,3.0
 X4,2019,53008,Semi-Auto,5450,Petrol,145,26.9,3.0
 M4,2019,57135,Semi-Auto,19,Petrol,145,34.0,3.0
 3 Series,2019,31174,Semi-Auto,2760,Diesel,145,62.8,2.0
 1 Series,2019,23985,Semi-Auto,5882,Petrol,145,54.3,1.5
 X1,2019,33085,Semi-Auto,5863,Petrol,145,46.3,1.5
 5 Series,2014,17908,Semi-Auto,51716,Diesel,30,62.8,2.0
 2 Series,2019,28308,Semi-Auto,10570,Petrol,145,47.9,2.0
 5 Series,2015,23361,Semi-Auto,29060,Diesel,145,53.3,3.0
 2 Series,2019,28308,Semi-Auto,8878,Petrol,145,47.9,2.0
 X1,2018,28568,Semi-Auto,16719,Diesel,145,60.1,2.0
 X1,2017,27268,Semi-Auto,14063,Petrol,160,44.8,2.0
 3 Series,2020,38987,Semi-Auto,12,Petrol,150,41.5,2.0
 3 Series,2020,31187,Manual,5,Diesel,145,56.5,2.0
 5 Series,2020,57187,Semi-Auto,10,Petrol,145,39.2,3.0
 3 Series,2020,31005,Semi-Auto,23,Petrol,145,42.2,2.0
 X3,2019,61672,Semi-Auto,6570,Petrol,145,34.5,3.0
 3 Series,2015,21839,Semi-Auto,35365,Diesel,145,57.6,2.0
 3 Series,2015,17258,Manual,61062,Diesel,125,60.1,2.0
 3 Series,2017,27658,Semi-Auto,14714,Diesel,160,51.4,3.0
 3 Series,2015,18168,Manual,41655,Diesel,30,64.2,2.0
 X6,2016,38857,Semi-Auto,27838,Diesel,200,47.1,3.0
 1 Series,2018,23368,Manual,12800,Diesel,145,50.4,1.5
 3 Series,2020,31187,Manual,16,Diesel,145,56.5,2.0
 3 Series,2020,32305,Semi-Auto,10,Diesel,145,52.3,2.0
 4 Series,2014,21418,Semi-Auto,17500,Petrol,160,44.8,2.0
 X2,2020,40287,Semi-Auto,10,Petrol,145,42.8,1.5
 4 Series,2020,50687,Semi-Auto,9,Diesel,145,47.9,3.0
 5 Series,2020,48087,Semi-Auto,10,Diesel,145,60.1,3.0
 5 Series,2020,42705,Semi-Auto,12,Hybrid,145,62.8,2.0
 6 Series,2016,28568,Semi-Auto,28684,Diesel,160,51.4,3.0
 1 Series,2019,24699,Semi-Auto,12011,Diesel,145,65.7,2.0
 3 Series,2019,37635,Semi-Auto,5367,Diesel,145,52.3,2.0
 1 Series,2018,21808,Manual,10842,Diesel,145,65.7,2.0
 X5,2019,61035,Semi-Auto,8105,Diesel,145,37.7,3.0
 4 Series,2019,30875,Semi-Auto,9,Diesel,145,65.7,2.0
 4 Series,2018,28568,Semi-Auto,18165,Petrol,145,48.7,2.0
 5 Series,2019,36238,Semi-Auto,3905,Diesel,145,55.4,2.0
 3 Series,2015,26572,Semi-Auto,39000,Petrol,200,41.5,3.0
 7 Series,2019,62368,Semi-Auto,1075,Diesel,145,41.5,3.0
 5 Series,2019,36397,Semi-Auto,6865,Diesel,145,60.1,2.0
 1 Series,2019,25347,Semi-Auto,11602,Diesel,145,67.3,2.0
 3 Series,2017,20147,Semi-Auto,43678,Diesel,150,60.1,2.0
 3 Series,2015,21333,Automatic,35219,Diesel,145,56.5,3.0
 X6,2013,26663,Semi-Auto,63592,Diesel,325,36.7,3.0
 7 Series,2014,17680,Automatic,78094,Diesel,160,50.4,3.0
 2 Series,2017,18188,Manual,36045,Diesel,0,74.3,1.5
 1 Series,2014,15744,Semi-Auto,57617,Diesel,125,60.1,2.0
 3 Series,2016,19539,Semi-Auto,43482,Diesel,30,64.2,2.0
 3 Series,2017,16628,Manual,37676,Diesel,30,64.2,2.0
 5 Series,2018,34698,Automatic,28869,Petrol,145,37.7,3.0
 4 Series,2016,23399,Manual,30055,Diesel,145,55.4,2.0
 X1,2013,14294,Manual,26642,Petrol,200,40.9,2.0
 3 Series,2019,41444,Semi-Auto,5185,Diesel,145,44.1,3.0
 3 Series,2016,26624,Semi-Auto,22834,Diesel,160,51.4,3.0
 X5,2016,32474,Automatic,68854,Diesel,200,47.1,3.0
 3 Series,2013,13624,Manual,36494,Diesel,20,68.9,2.0
 3 Series,2017,25337,Semi-Auto,41816,Diesel,145,64.2,2.0
 X3,2018,44174,Semi-Auto,18327,Diesel,145,48.7,3.0
 X3,2019,38324,Automatic,7164,Diesel,145,56.5,2.0
 X3,2016,29874,Semi-Auto,46389,Diesel,145,54.3,2.0
 X1,2017,27274,Semi-Auto,16717,Diesel,145,60.1,2.0
 3 Series,2019,40287,Semi-Auto,1204,Diesel,145,49.6,2.0
 3 Series,2019,35724,Semi-Auto,11103,Diesel,145,52.3,2.0
 4 Series,2019,31525,Semi-Auto,110,Diesel,145,60.1,2.0
 2 Series,2019,25968,Semi-Auto,9503,Diesel,145,49.6,2.0
 5 Series,2019,33787,Semi-Auto,11114,Diesel,145,65.7,2.0
 3 Series,2016,16224,Manual,51379,Diesel,20,68.9,2.0
 X4,2019,54574,Semi-Auto,6747,Petrol,145,26.9,3.0
 4 Series,2019,35087,Semi-Auto,8722,Diesel,145,53.3,3.0
 2 Series,2019,25844,Automatic,8556,Diesel,145,52.3,2.0
 2 Series,2019,25974,Semi-Auto,11362,Petrol,145,40.9,1.5
 X1,2020,33774,Semi-Auto,19,Diesel,145,60.1,2.0
 Z4,2020,38974,Semi-Auto,10,Petrol,145,38.7,2.0
 1 Series,2019,27937,Automatic,7314,Diesel,145,65.7,2.0
 2 Series,2019,29224,Manual,6521,Diesel,145,60.1,2.0
 3 Series,2019,35724,Semi-Auto,5090,Petrol,145,45.6,2.0
 5 Series,2019,34424,Semi-Auto,8601,Petrol,145,50.4,2.0
 4 Series,2019,32474,Semi-Auto,6917,Diesel,145,65.7,2.0
 3 Series,2019,35087,Semi-Auto,7264,Diesel,145,48.7,2.0
 3 Series,2019,36257,Semi-Auto,1984,Diesel,145,48.7,2.0
 X1,2019,31915,Manual,3228,Petrol,145,51.4,1.5
 X5,2018,58487,Semi-Auto,5321,Diesel,145,36.7,3.0
 8 Series,2018,83174,Semi-Auto,3891,Petrol,145,26.9,4.4
 5 Series,2019,36114,Semi-Auto,12182,Diesel,145,65.7,2.0
 1 Series,2017,23777,Manual,21491,Petrol,260,36.2,3.0
 2 Series,2019,29887,Semi-Auto,682,Petrol,145,47.9,2.0
 1 Series,2020,27885,Manual,1905,Petrol,145,44.1,1.5
 X4,2019,54405,Automatic,5789,Petrol,145,26.9,3.0
 3 Series,2019,49374,Semi-Auto,3766,Petrol,145,34.9,3.0
 3 Series,2019,36374,Semi-Auto,5023,Petrol,145,45.6,2.0
 3 Series,2019,49374,Semi-Auto,5470,Petrol,145,34.9,3.0
 3 Series,2019,31785,Manual,3378,Diesel,145,64.2,2.0
 3 Series,2019,31785,Manual,2912,Diesel,145,64.2,2.0
 3 Series,2019,31187,Manual,4710,Diesel,145,54.3,2.0
 3 Series,2019,34372,Manual,102,Diesel,145,54.3,2.0
 X2,2019,32487,Semi-Auto,1702,Diesel,145,47.9,2.0
 X2,2019,34827,Manual,103,Diesel,145,53.3,2.0
 2 Series,2019,27287,Semi-Auto,1290,Petrol,145,50.4,1.5
 X3,2019,53885,Semi-Auto,5651,Diesel,145,36.7,3.0
 3 Series,2018,31057,Semi-Auto,17240,Diesel,145,51.4,3.0
 M4,2017,116987,Semi-Auto,1336,Petrol,145,33.2,3.0
 3 Series,2019,31785,Manual,3973,Diesel,145,64.2,2.0
 3 Series,2019,32474,Semi-Auto,6941,Petrol,145,42.2,2.0
 1 Series,2016,15574,Automatic,41081,Diesel,0,74.3,2.0
 X1,2019,31824,Semi-Auto,7895,Petrol,145,40.9,1.5
 1 Series,2016,20124,Automatic,28883,Diesel,20,67.3,2.0
 4 Series,2019,33774,Automatic,5577,Diesel,145,55.4,3.0
 1 Series,2019,25974,Automatic,11303,Diesel,145,48.7,2.0
 4 Series,2019,29185,Manual,115,Petrol,145,46.3,2.0
 4 Series,2019,31785,Semi-Auto,8128,Diesel,145,65.7,2.0
 2 Series,2018,21957,Semi-Auto,21688,Diesel,145,56.5,1.5
 2 Series,2019,30485,Semi-Auto,9683,Diesel,145,57.7,2.0
 7 Series,2019,68887,Semi-Auto,4884,Diesel,145,41.5,3.0
 X1,2019,31915,Manual,4957,Petrol,145,51.4,1.5
 5 Series,2019,45487,Semi-Auto,101,Diesel,145,53.3,3.0
 1 Series,2019,27138,Semi-Auto,4834,Diesel,145,67.3,2.0
 1 Series,2020,30485,Manual,1524,Petrol,145,44.1,1.5
 1 Series,2020,33657,Manual,1182,Diesel,145,53.3,2.0
 2 Series,2016,17524,Manual,16600,Diesel,20,68.9,2.0
 4 Series,2019,42744,Automatic,5000,Petrol,145,41.5,3.0
 3 Series,2019,32955,Semi-Auto,22095,Diesel,145,52.3,2.0
 3 Series,2019,44038,Semi-Auto,9389,Diesel,145,49.6,2.0
 2 Series,2019,28528,Semi-Auto,9408,Petrol,145,47.9,2.0
 1 Series,2019,23374,Manual,6756,Diesel,145,65.7,2.0
 1 Series,2019,24668,Manual,5650,Diesel,145,65.7,2.0
 1 Series,2019,25838,Semi-Auto,7044,Diesel,145,67.3,2.0
 1 Series,2019,25318,Manual,4168,Petrol,145,52.3,1.5
 1 Series,2019,24687,Manual,3423,Diesel,145,70.6,1.5
 1 Series,2020,30485,Manual,1054,Petrol,145,41.5,1.5
 X7,2019,101244,Semi-Auto,6506,Diesel,145,31.4,3.0
 4 Series,2020,40287,Semi-Auto,110,Petrol,145,41.5,3.0
 i8,2015,55757,Automatic,43102,Hybrid,0,134.5,1.5
 1 Series,2017,18174,Manual,19484,Diesel,145,72.4,1.5
 1 Series,2019,25968,Manual,5303,Diesel,145,65.7,2.0
 1 Series,2019,24278,Manual,3382,Diesel,145,70.6,1.5
 1 Series,2019,22724,Manual,5230,Diesel,145,68.9,2.0
 3 Series,2019,37674,Automatic,6129,Diesel,145,50.4,2.0
 1 Series,2016,18174,Semi-Auto,17533,Petrol,30,58.9,1.5
 2 Series,2019,28574,Manual,8494,Diesel,145,64.2,2.0
 X2,2018,25012,Manual,18440,Diesel,145,55.4,2.0
 3 Series,2014,18174,Manual,16376,Diesel,30,62.8,2.0
 5 Series,2019,44174,Automatic,6000,Diesel,145,53.3,3.0
 3 Series,2019,36374,Automatic,5000,Diesel,145,52.3,2.0
 7 Series,2016,46124,Automatic,8814,Petrol,300,35.3,4.4
 2 Series,2019,30524,Semi-Auto,112,Petrol,145,47.9,2.0
 5 Series,2019,41438,Semi-Auto,114,Petrol,145,48.7,2.0
 1 Series,2019,27138,Semi-Auto,5954,Diesel,145,67.3,2.0
 4 Series,2019,44057,Semi-Auto,10,Diesel,145,51.4,3.0
 4 Series,2019,44044,Automatic,11,Diesel,145,51.4,3.0
 4 Series,2019,31187,Semi-Auto,120,Diesel,145,60.1,2.0
 2 Series,2019,27924,Semi-Auto,11,Petrol,145,50.4,1.5
 X4,2019,46124,Semi-Auto,10755,Diesel,145,42.8,2.0
 3 Series,2019,32097,Semi-Auto,5246,Petrol,145,47.9,2.0
 3 Series,2019,31174,Semi-Auto,1051,Petrol,145,47.9,2.0
 3 Series,2019,31174,Semi-Auto,2480,Petrol,145,47.9,2.0
 2 Series,2017,21707,Automatic,27201,Diesel,145,64.2,2.0
 1 Series,2014,17937,Manual,50026,Petrol,305,35.3,3.0
 2 Series,2019,26975,Manual,110,Petrol,145,52.3,1.5
 2 Series,2019,26585,Manual,10,Petrol,145,42.8,1.5
 3 Series,2014,15207,Manual,21798,Diesel,20,68.9,2.0
 3 Series,2016,24697,Semi-Auto,33087,Diesel,160,51.4,3.0
 2 Series,2017,19497,Semi-Auto,38576,Diesel,145,68.9,1.5
 1 Series,2017,27947,Semi-Auto,18836,Petrol,150,39.8,3.0
 7 Series,2017,40297,Semi-Auto,22879,Petrol,205,40.4,3.0
 1 Series,2016,24047,Semi-Auto,38964,Petrol,205,39.8,3.0
 3 Series,2019,32497,Semi-Auto,11904,Diesel,145,60.1,2.0
 1 Series,2019,25997,Semi-Auto,7222,Petrol,150,47.9,2.0
 3 Series,2019,31785,Semi-Auto,8196,Diesel,145,62.8,2.0
 3 Series,2019,29887,Manual,1122,Diesel,145,60.1,2.0
 4 Series,2019,36387,Semi-Auto,9529,Diesel,145,60.1,2.0
 3 Series,2019,36985,Semi-Auto,1951,Diesel,145,52.3,2.0
 4 Series,2019,33137,Semi-Auto,3516,Petrol,145,48.7,2.0
 5 Series,2019,44057,Semi-Auto,2096,Diesel,145,53.3,3.0
 4 Series,2019,34385,Semi-Auto,2924,Petrol,145,48.7,2.0
 M4,2019,51987,Semi-Auto,7603,Petrol,145,32.5,3.0
 4 Series,2019,32468,Semi-Auto,11324,Diesel,145,65.7,2.0
 5 Series,2019,34827,Semi-Auto,10389,Diesel,145,65.7,2.0
 5 Series,2019,34255,Semi-Auto,11301,Diesel,145,65.7,2.0
 X1,2019,33085,Semi-Auto,7549,Petrol,145,40.9,1.5
 1 Series,2017,18194,Semi-Auto,39714,Diesel,145,67.3,2.0
 2 Series,2019,28067,Semi-Auto,10199,Petrol,145,47.9,2.0
 1 Series,2017,21424,Manual,21344,Diesel,145,62.8,2.0
 X1,2019,27924,Semi-Auto,7970,Petrol,145,46.3,1.5
 1 Series,2020,30485,Manual,2400,Petrol,145,44.1,1.5
 1 Series,2014,16888,Manual,71301,Petrol,300,35.3,3.0
 4 Series,2014,15588,Manual,50757,Petrol,165,46.3,2.0
 3 Series,2014,18135,Automatic,31098,Diesel,30,62.8,2.0
 5 Series,2019,30908,Semi-Auto,4447,Petrol,145,50.4,2.0
 1 Series,2019,24538,Semi-Auto,2406,Diesel,145,68.9,1.5
 X4,2018,57187,Semi-Auto,12,Diesel,145,42.8,2.0
 3 Series,2019,31772,Semi-Auto,12,Diesel,145,64.2,2.0
 3 Series,2019,31772,Semi-Auto,12,Diesel,145,60.1,2.0
 1 Series,2019,38727,Semi-Auto,12,Petrol,145,39.8,3.0
 1 Series,2019,38844,Semi-Auto,12,Petrol,145,39.8,3.0
 5 Series,2018,40287,Semi-Auto,12,Diesel,145,49.6,2.0
 1 Series,2019,20774,Manual,8359,Diesel,145,72.4,1.5
 2 Series,2019,38968,Semi-Auto,8027,Petrol,145,38.2,3.0
 4 Series,2019,30908,Manual,8293,Diesel,145,62.8,2.0
 5 Series,2019,41308,Semi-Auto,579,Diesel,145,60.1,2.0
 Z4,2019,45474,Semi-Auto,8004,Petrol,145,37.2,2.0
 5 Series,2019,34827,Semi-Auto,6110,Diesel,145,65.7,2.0
 X1,2018,28574,Semi-Auto,10708,Diesel,145,60.1,2.0
 3 Series,2020,42887,Semi-Auto,1125,Diesel,145,50.4,2.0
 7 Series,2019,63694,Semi-Auto,7315,Diesel,145,42.2,3.0
 3 Series,2019,35685,Semi-Auto,6038,Petrol,145,42.2,2.0
 X3,2019,44187,Semi-Auto,2538,Diesel,145,54.3,2.0
 3 Series,2019,22724,Semi-Auto,20671,Petrol,150,51.4,1.5
 3 Series,2019,22724,Semi-Auto,22539,Petrol,150,51.4,1.5
 3 Series,2019,28067,Semi-Auto,20000,Petrol,150,47.9,2.0
 3 Series,2019,28067,Semi-Auto,23000,Petrol,150,44.8,2.0
 1 Series,2020,30667,Manual,1104,Diesel,145,53.3,2.0
 X1,2017,26585,Semi-Auto,25725,Diesel,145,55.4,2.0
 M2,2019,58487,Semi-Auto,4358,Petrol,145,29.1,3.0
 3 Series,2019,31187,Semi-Auto,8389,Petrol,145,47.9,2.0
 3 Series,2016,18057,Semi-Auto,45252,Diesel,30,65.7,2.0
 X5,2019,61087,Semi-Auto,2754,Diesel,145,37.7,3.0
 4 Series,2019,31785,Semi-Auto,10831,Diesel,145,65.7,2.0
 M4,2015,35867,Manual,27489,Petrol,325,31.0,3.0
 2 Series,2014,15587,Semi-Auto,35000,Diesel,30,65.7,2.0
 X3,2017,22594,Semi-Auto,64648,Diesel,145,54.3,2.0
 2 Series,2018,26494,Semi-Auto,4172,Petrol,145,47.9,2.0
 3 Series,2019,28067,Semi-Auto,26000,Petrol,150,47.9,2.0
 3 Series,2019,28067,Semi-Auto,23000,Petrol,150,44.8,2.0
 3 Series,2019,28067,Semi-Auto,23000,Petrol,150,47.9,2.0
 3 Series,2019,28067,Semi-Auto,27000,Petrol,150,47.9,2.0
 4 Series,2019,25857,Semi-Auto,22000,Petrol,150,48.7,2.0
 4 Series,2018,26767,Semi-Auto,17000,Petrol,150,48.7,2.0
 3 Series,2019,34424,Semi-Auto,6012,Diesel,150,52.3,2.0
 3 Series,2019,33670,Semi-Auto,6486,Petrol,150,42.2,2.0
 X1,2013,13384,Semi-Auto,63993,Diesel,160,52.3,2.0
 4 Series,2015,20794,Automatic,47822,Diesel,30,65.7,2.0
 X1,2016,23397,Semi-Auto,34813,Diesel,145,55.4,2.0
 1 Series,2017,27947,Semi-Auto,25630,Petrol,145,39.8,3.0
 6 Series,2019,46774,Semi-Auto,8004,Diesel,145,47.9,3.0
 X3,2019,46774,Semi-Auto,8088,Diesel,145,54.3,2.0
 5 Series,2018,34086,Semi-Auto,19504,Diesel,145,46.3,2.0
 X5,2020,77991,Semi-Auto,500,Diesel,145,37.7,3.0
 2 Series,2020,37691,Semi-Auto,500,Diesel,145,67.3,2.0
 X2,2020,38991,Semi-Auto,500,Petrol,145,38.7,2.0
 1 Series,2019,27274,Manual,2985,Petrol,150,44.1,1.5
 1 Series,2019,27274,Manual,6553,Petrol,150,44.1,1.5
 2 Series,2017,16770,Manual,47301,Diesel,20,74.3,1.5
 X1,2017,18980,Manual,39460,Diesel,150,68.9,2.0
 X1,2017,18980,Manual,41334,Diesel,20,68.9,2.0
 X3,2019,38974,Semi-Auto,6231,Diesel,145,54.3,2.0
 1 Series,2019,20722,Manual,7913,Petrol,145,53.3,1.5
 4 Series,2019,40924,Semi-Auto,7217,Diesel,145,47.9,3.0
 1 Series,2015,21438,Manual,27411,Petrol,305,35.3,3.0
 X2,2019,39910,Semi-Auto,14352,Petrol,150,34.0,2.0
 3 Series,2017,27299,Semi-Auto,27500,Diesel,145,56.5,3.0
 2 Series,2020,42891,Semi-Auto,500,Diesel,145,47.1,2.0
 X3,2020,51991,Semi-Auto,500,Diesel,145,54.3,2.0
 X4,2020,63691,Semi-Auto,500,Petrol,145,26.9,3.0
 Z4,2020,44191,Semi-Auto,603,Petrol,145,38.7,2.0
 2 Series,2019,26585,Semi-Auto,3422,Diesel,145,65.7,2.0
 3 Series,2019,29224,Manual,5567,Diesel,145,56.5,2.0
 3 Series,2019,31818,Semi-Auto,12991,Diesel,145,48.7,2.0
 7 Series,2019,67587,Semi-Auto,4279,Diesel,145,41.5,3.0
 X7,2019,88387,Semi-Auto,6331,Petrol,145,24.8,3.0
 4 Series,2019,32422,Semi-Auto,112,Petrol,145,45.6,2.0
 2 Series,2019,31174,Manual,110,Diesel,145,60.1,2.0
 3 Series,2013,14859,Semi-Auto,36578,Petrol,160,44.8,2.0
 1 Series,2016,24697,Manual,13857,Petrol,260,36.2,3.0
 3 Series,2019,37697,Manual,7441,Diesel,150,54.3,2.0
 3 Series,2018,23397,Semi-Auto,54762,Petrol,150,48.7,2.0
 X1,2016,25997,Semi-Auto,11927,Diesel,150,55.4,2.0
 3 Series,2019,22724,Semi-Auto,20410,Petrol,150,48.7,2.0
 4 Series,2018,23374,Semi-Auto,27120,Petrol,150,48.7,2.0
 4 Series,2017,30277,Semi-Auto,28893,Diesel,145,50.4,3.0
 5 Series,2020,48091,Semi-Auto,500,Hybrid,145,49.6,2.0
 5 Series,2016,24253,Semi-Auto,25695,Diesel,160,51.4,3.0
 X5,2016,38441,Automatic,33541,Diesel,200,47.1,3.0
 3 Series,2016,26508,Semi-Auto,27547,Diesel,150,53.3,3.0
 5 Series,2017,29159,Semi-Auto,11333,Diesel,150,65.7,2.0
 X1,2017,25182,Semi-Auto,21293,Diesel,150,60.1,2.0
 4 Series,2019,31707,Semi-Auto,6018,Petrol,145,45.6,2.0
 3 Series,2018,28743,Semi-Auto,26309,Diesel,145,51.4,3.0
 4 Series,2019,34047,Semi-Auto,7350,Petrol,145,48.7,2.0
 1 Series,2017,27287,Semi-Auto,17774,Petrol,200,39.8,3.0
 1 Series,2016,23257,Manual,26193,Petrol,260,36.2,3.0
 4 Series,2017,30888,Semi-Auto,17329,Diesel,160,50.4,3.0
 2 Series,2019,29380,Semi-Auto,3574,Diesel,145,48.7,2.0
 1 Series,2019,31850,Manual,4064,Diesel,145,57.7,1.5
 3 Series,2015,20203,Semi-Auto,79978,Diesel,160,51.4,3.0
 5 Series,2019,44850,Semi-Auto,1007,Hybrid,135,156.9,2.0
 1 Series,2018,19878,Semi-Auto,19062,Diesel,150,44.1,2.0
 1 Series,2016,16563,Manual,23114,Diesel,20,68.9,2.0
 1 Series,2016,19488,Semi-Auto,17236,Diesel,20,68.9,1.5
 5 Series,2019,41925,Semi-Auto,1400,Hybrid,135,156.9,2.0
 1 Series,2017,24012,Semi-Auto,8500,Petrol,150,47.9,2.0
 3 Series,2017,28977,Semi-Auto,19462,Diesel,145,56.5,3.0
 X7,2019,96382,Semi-Auto,3300,Diesel,145,33.6,3.0
 2 Series,2019,24044,Semi-Auto,4568,Diesel,145,52.3,2.0
 4 Series,2017,29887,Semi-Auto,29607,Diesel,160,50.4,3.0
 1 Series,2019,34307,Semi-Auto,3667,Petrol,145,40.4,1.5
 2 Series,2019,30277,Semi-Auto,2801,Petrol,145,47.9,2.0
 4 Series,2019,40288,Semi-Auto,4762,Petrol,145,41.5,3.0
 X3,2019,44174,Semi-Auto,1962,Diesel,150,54.3,2.0
 4 Series,2019,31837,Semi-Auto,7604,Diesel,150,65.7,2.0
 4 Series,2019,33137,Semi-Auto,6782,Petrol,150,48.7,2.0
 4 Series,2019,35477,Semi-Auto,4476,Diesel,145,58.9,2.0
 X1,2019,40287,Semi-Auto,7250,Diesel,145,36.7,2.0
 X2,2019,36387,Semi-Auto,4362,Petrol,145,39.2,2.0
 4 Series,2018,26767,Semi-Auto,30000,Petrol,150,48.7,2.0
 4 Series,2018,26767,Semi-Auto,16500,Petrol,150,48.7,2.0
 4 Series,2018,26767,Semi-Auto,17000,Petrol,150,48.7,2.0
 X4,2019,49387,Semi-Auto,9168,Diesel,150,40.9,3.0
 X4,2019,46787,Semi-Auto,3098,Diesel,150,42.8,2.0
 i8,2018,84474,Automatic,4477,Hybrid,135,141.2,1.5
 M4,2015,38337,Semi-Auto,37724,Petrol,325,32.5,3.0
 4 Series,2019,41574,Automatic,10,Petrol,145,45.6,2.0
 3 Series,2019,33774,Semi-Auto,3317,Diesel,145,52.3,2.0
 X5,2019,66300,Semi-Auto,3536,Petrol,145,27.2,3.0
 M4,2019,59800,Semi-Auto,1501,Petrol,145,32.5,3.0
 5 Series,2019,37427,Semi-Auto,5432,Diesel,145,60.1,2.0
 5 Series,2019,34320,Semi-Auto,4237,Petrol,145,50.4,2.0
 7 Series,2019,68237,Semi-Auto,3200,Diesel,145,44.1,3.0
 8 Series,2019,77727,Semi-Auto,1600,Petrol,145,33.2,3.0
 X1,2015,22478,Semi-Auto,29135,Diesel,125,57.6,2.0
 3 Series,2015,16337,Automatic,24619,Diesel,20,74.3,2.0
 3 Series,2017,20098,Semi-Auto,24628,Petrol,145,47.9,2.0
 1 Series,2016,24636,Semi-Auto,38478,Petrol,200,39.8,3.0
 5 Series,2014,13351,Automatic,71302,Diesel,30,62.8,2.0
 3 Series,2015,12743,Manual,61887,Diesel,30,62.8,2.0
 2 Series,2018,21251,Manual,11141,Petrol,145,42.2,1.5
 3 Series,2016,22747,Semi-Auto,28897,Diesel,145,54.3,3.0
 X5,2016,36374,Automatic,31664,Diesel,160,50.4,2.0
 X4,2017,34438,Semi-Auto,30485,Diesel,150,47.9,3.0
 4 Series,2016,22542,Semi-Auto,33011,Diesel,30,65.7,2.0
 3 Series,2019,45799,Semi-Auto,4602,Hybrid,135,8.8,2.0
 X6,2018,49374,Semi-Auto,11188,Diesel,150,40.9,3.0
 X3,2019,54574,Semi-Auto,6501,Diesel,150,36.7,3.0
 3 Series,2019,38974,Semi-Auto,8127,Diesel,145,48.7,2.0
 5 Series,2019,40274,Automatic,3718,Diesel,145,62.8,2.0
 X5,2019,64974,Automatic,3951,Diesel,145,37.7,3.0
 X1,2019,33124,Semi-Auto,5163,Petrol,145,39.2,2.0
 X2,2019,37674,Automatic,1325,Petrol,145,39.2,2.0
 5 Series,2019,40274,Semi-Auto,2420,Hybrid,135,156.9,2.0
 5 Series,2019,40274,Semi-Auto,2215,Hybrid,135,156.9,2.0
 4 Series,2016,25324,Semi-Auto,52783,Petrol,235,38.2,3.0
 X1,2016,23374,Semi-Auto,28322,Diesel,125,57.6,2.0
 1 Series,2016,19487,Manual,10937,Diesel,30,65.7,2.0
 X1,2017,27288,Semi-Auto,25839,Petrol,160,44.8,2.0
 1 Series,2016,25077,Semi-Auto,21132,Petrol,235,37.7,3.0
 2 Series,2016,20397,Semi-Auto,18586,Petrol,125,51.4,1.5
 X3,2019,42458,Semi-Auto,6962,Diesel,145,48.7,3.0
 M4,2015,38996,Semi-Auto,20100,Petrol,300,34.0,3.0
 1 Series,2019,27274,Manual,4630,Petrol,145,44.1,1.5
 2 Series,2019,28574,Automatic,6258,Hybrid,135,148.7,1.5
 1 Series,2019,23374,Semi-Auto,10672,Diesel,145,74.3,2.0
 X3,2015,25974,Semi-Auto,37790,Diesel,150,54.3,2.0
 7 Series,2019,62374,Semi-Auto,12038,Diesel,150,44.1,3.0
 X3,2019,42874,Semi-Auto,1961,Diesel,150,54.3,2.0
 5 Series,2019,40924,Semi-Auto,4659,Diesel,150,60.1,3.0
 X1,2013,16484,Manual,32543,Petrol,200,40.9,2.0
 1 Series,2016,21424,Semi-Auto,20308,Petrol,145,47.9,1.6
 X1,2019,36374,Semi-Auto,5845,Diesel,145,50.4,2.0
 3 Series,2019,38324,Manual,2802,Diesel,145,54.3,2.0
 5 Series,2017,31824,Semi-Auto,26971,Diesel,145,62.8,2.0
 2 Series,2020,27274,Manual,10,Petrol,145,52.3,1.5
 1 Series,2016,18824,Semi-Auto,37529,Diesel,20,68.9,1.5
 X4,2019,48074,Semi-Auto,2740,Diesel,145,42.8,2.0
 5 Series,2019,40937,Semi-Auto,2019,Petrol,150,48.7,2.0
 3 Series,2019,35724,Semi-Auto,9155,Petrol,145,41.5,2.0
 X1,2019,34437,Semi-Auto,9113,Diesel,145,50.4,2.0
 3 Series,2020,41574,Semi-Auto,10,Diesel,145,50.4,2.0
 X5,2019,74074,Semi-Auto,11449,Diesel,145,33.6,3.0
 M2,2019,59774,Semi-Auto,1287,Petrol,145,29.1,3.0
 X2,2019,41574,Semi-Auto,1151,Diesel,145,50.4,2.0
 6 Series,2019,44174,Semi-Auto,10813,Diesel,145,53.3,3.0
 3 Series,2019,35724,Semi-Auto,6113,Petrol,145,42.2,2.0
 X3,2019,47437,Automatic,5277,Diesel,145,48.7,3.0
 X5,2019,62374,Automatic,8548,Diesel,145,37.7,3.0
 1 Series,2019,25324,Automatic,6993,Diesel,145,67.3,2.0
 X5,2019,61074,Automatic,5073,Diesel,145,37.7,3.0
 4 Series,2019,30524,Automatic,5738,Diesel,145,65.7,2.0
 X5,2019,61074,Semi-Auto,8371,Diesel,145,37.7,3.0
 1 Series,2019,27287,Automatic,7990,Diesel,145,65.7,2.0
 4 Series,2019,33787,Automatic,6519,Diesel,145,58.9,2.0
 3 Series,2016,18525,Manual,27779,Diesel,30,64.2,2.0
 3 Series,2016,22941,Automatic,20793,Diesel,145,56.5,3.0
 3 Series,2015,24579,Automatic,27649,Petrol,260,36.7,3.0
 X1,2018,28531,Automatic,7283,Petrol,145,39.2,2.0
 Z4,2020,42237,Semi-Auto,10,Petrol,145,37.2,2.0
 X2,2020,32487,Semi-Auto,10,Diesel,145,47.9,2.0
 2 Series,2020,27274,Semi-Auto,10,Petrol,145,50.4,1.5
 2 Series,2020,27274,Semi-Auto,10,Petrol,145,50.4,1.5
 1 Series,2018,23374,Manual,8067,Petrol,145,52.3,1.5
 1 Series,2017,20137,Semi-Auto,28646,Diesel,145,68.9,2.0
 5 Series,2017,33774,Semi-Auto,15856,Petrol,200,39.2,3.0
 X1,2017,27274,Semi-Auto,21330,Petrol,160,44.8,2.0
 4 Series,2015,23374,Semi-Auto,35255,Petrol,160,44.1,2.0
 1 Series,2017,24024,Manual,39201,Petrol,150,36.2,3.0
 X1,2019,34424,Semi-Auto,3737,Petrol,150,48.7,2.0
 4 Series,2019,30524,Semi-Auto,7107,Petrol,150,48.7,2.0
 X1,2017,27274,Semi-Auto,31630,Diesel,150,55.4,2.0
 X6,2015,35074,Semi-Auto,51447,Diesel,205,47.1,3.0
 4 Series,2018,32487,Semi-Auto,16790,Diesel,150,60.1,2.0
 3 Series,2017,21697,Manual,14348,Petrol,150,48.7,2.0
 1 Series,2013,11687,Manual,37233,Petrol,150,49.6,1.6
 4 Series,2018,24436,Manual,9788,Diesel,145,62.8,2.0
 4 Series,2018,24696,Manual,8269,Diesel,145,62.8,2.0
 4 Series,2014,15431,Semi-Auto,77209,Diesel,125,60.1,2.0
 5 Series,2014,18317,Semi-Auto,62890,Diesel,160,51.4,3.0
 1 Series,2016,12858,Manual,49811,Diesel,0,83.1,1.5
 6 Series,2020,49374,Semi-Auto,11,Diesel,145,53.3,3.0
 3 Series,2019,35737,Semi-Auto,13994,Petrol,145,42.2,2.0
 3 Series,2015,20774,Semi-Auto,30569,Diesel,30,62.8,2.0
 X1,2019,36374,Semi-Auto,3782,Petrol,145,48.7,2.0
 X1,2016,23643,Automatic,21225,Diesel,125,57.6,2.0
 X6,2019,76024,Semi-Auto,2018,Petrol,145,26.4,3.0
 X5,2014,31174,Automatic,51252,Diesel,200,45.6,3.0
 6 Series,2020,44837,Semi-Auto,5,Petrol,145,42.8,2.0
 3 Series,2016,18174,Semi-Auto,40146,Petrol,145,47.9,2.0
 1 Series,2019,27274,Manual,3483,Petrol,145,44.1,1.5
 3 Series,2019,35074,Semi-Auto,5966,Diesel,145,52.3,2.0
 3 Series,2019,31824,Semi-Auto,5776,Diesel,145,55.4,2.0
 X2,2019,37037,Semi-Auto,4161,Diesel,145,58.9,2.0
 X1,2019,34424,Semi-Auto,2372,Petrol,150,48.7,2.0
 X2,2019,36374,Semi-Auto,3690,Petrol,150,39.2,2.0
 X1,2016,20995,Semi-Auto,36956,Diesel,30,65.7,2.0
 1 Series,2018,22088,Manual,27500,Diesel,150,62.8,2.0
 X1,2016,19488,Manual,21242,Diesel,20,68.9,2.0
 X1,2017,29238,Semi-Auto,16578,Diesel,150,57.6,2.0
 5 Series,2017,31422,Semi-Auto,10131,Diesel,125,60.1,2.0
 3 Series,2017,21958,Manual,17907,Petrol,150,43.5,2.0
 2 Series,2020,27274,Semi-Auto,9,Petrol,150,50.4,1.5
 3 Series,2020,42185,Semi-Auto,104,Petrol,150,40.4,2.0
 1 Series,2019,42887,Semi-Auto,3883,Petrol,145,34.5,2.0
 5 Series,2019,45487,Semi-Auto,3425,Diesel,145,60.1,2.0
 3 Series,2016,19396,Automatic,59695,Diesel,145,56.5,3.0
 3 Series,2016,17169,Automatic,32672,Petrol,125,51.4,1.5
 3 Series,2017,23023,Automatic,45646,Diesel,145,56.5,3.0
 X1,2018,30303,Automatic,12857,Diesel,145,60.1,2.0
 5 Series,2018,33085,Automatic,19486,Hybrid,135,156.9,2.0
 4 Series,2015,21468,Semi-Auto,33802,Diesel,30,65.7,2.0
 1 Series,2016,17619,Manual,17787,Petrol,125,52.3,1.5
 X4,2019,49374,Semi-Auto,1852,Diesel,145,40.4,3.0
 5 Series,2020,45292,Semi-Auto,105,Hybrid,145,44.8,2.0
 X4,2019,46124,Semi-Auto,7414,Diesel,145,42.8,2.0
 5 Series,2015,24694,Semi-Auto,15804,Diesel,160,50.4,3.0
 X1,2016,22354,Manual,18960,Diesel,125,60.1,2.0
 3 Series,2017,20794,Automatic,24624,Petrol,145,51.4,2.0
 3 Series,2015,21255,Semi-Auto,21000,Petrol,160,43.5,2.0
 2 Series,2017,20735,Semi-Auto,29000,Diesel,125,57.6,2.0
 3 Series,2017,20794,Semi-Auto,34700,Diesel,150,64.2,2.0
 4 Series,2016,22138,Automatic,35444,Diesel,30,65.7,2.0
 4 Series,2018,23764,Manual,17024,Petrol,145,46.3,2.0
 3 Series,2016,23504,Automatic,22186,Petrol,200,43.5,2.0
 1 Series,2017,24297,Automatic,26140,Diesel,145,61.4,2.0
 X4,2019,53287,Semi-Auto,10,Diesel,145,40.9,3.0
 X3,2019,45487,Automatic,10,Diesel,145,54.3,2.0
 X3,2019,49387,Semi-Auto,3934,Diesel,145,54.3,2.0
 3 Series,2019,51974,Semi-Auto,3007,Petrol,150,34.9,3.0
 3 Series,2017,19487,Manual,18452,Diesel,30,67.3,2.0
 2 Series,2017,18187,Semi-Auto,18847,Petrol,150,55.4,1.5
 X3,2020,55887,Semi-Auto,6235,Diesel,150,36.7,3.0
 1 Series,2020,37687,Semi-Auto,1129,Diesel,150,51.4,2.0
 5 Series,2019,35087,Semi-Auto,13929,Diesel,150,65.7,2.0
 X5,2019,67587,Semi-Auto,102,Diesel,150,37.7,3.0
 X5,2019,71494,Semi-Auto,102,Diesel,150,37.7,3.0
 2 Series,2020,31187,Semi-Auto,105,Diesel,145,47.1,2.0
 Z4,2020,38987,Semi-Auto,11,Petrol,145,38.7,2.0
 3 Series,2020,37687,Semi-Auto,14,Diesel,145,50.4,2.0
 5 Series,2020,36374,Semi-Auto,105,Hybrid,145,52.3,2.0
 5 Series,2020,37687,Semi-Auto,103,Petrol,145,50.4,2.0
 3 Series,2018,24050,Semi-Auto,30749,Diesel,145,60.1,2.0
 1 Series,2018,19141,Manual,24676,Diesel,145,62.8,2.0
 i3,2016,21427,Automatic,43695,Hybrid,0,470.8,0.0
 2 Series,2014,23397,Semi-Auto,17787,Petrol,260,37.2,3.0
 3 Series,2019,38997,Semi-Auto,8421,Diesel,150,52.3,2.0
 4 Series,2019,31837,Automatic,4469,Petrol,145,48.7,2.0
 2 Series,2019,25337,Manual,5512,Petrol,145,42.8,1.5
 2 Series,2019,24024,Manual,10250,Petrol,145,42.2,1.5
 4 Series,2018,28574,Semi-Auto,10030,Diesel,145,65.7,2.0
 2 Series,2020,27274,Semi-Auto,13,Petrol,145,50.4,1.5
 M4,2019,64974,Semi-Auto,934,Petrol,150,34.0,3.0
 1 Series,2016,24687,Semi-Auto,11538,Petrol,200,39.8,3.0
 3 Series,2019,32487,Manual,3271,Diesel,145,64.2,2.0
 X5,2019,64987,Semi-Auto,102,Diesel,150,37.7,3.0
 2 Series,2015,20774,Semi-Auto,38403,Diesel,125,58.9,2.0
 3 Series,2020,32487,Manual,101,Diesel,150,56.5,2.0
 5 Series,2020,44005,Semi-Auto,103,Hybrid,150,44.8,2.0
 3 Series,2015,20787,Semi-Auto,46486,Petrol,150,48.7,2.0
 X2,2020,45487,Semi-Auto,103,Petrol,150,34.0,2.0
 Z4,2020,45487,Semi-Auto,101,Petrol,150,37.2,2.0
 4 Series,2016,20787,Semi-Auto,39024,Diesel,30,65.7,2.0
 4 Series,2018,28405,Semi-Auto,29101,Diesel,145,65.7,2.0
 1 Series,2019,28587,Manual,1834,Diesel,145,56.5,2.0
 2 Series,2017,22685,Manual,22661,Diesel,150,62.8,1.5
 X3,2019,46787,Semi-Auto,21767,Petrol,150,34.5,3.0
 1 Series,2020,31187,Manual,3399,Diesel,150,53.3,2.0
 5 Series,2020,36387,Semi-Auto,105,Hybrid,145,49.6,2.0
 3 Series,2020,31187,Manual,105,Diesel,145,56.5,2.0
 4 Series,2020,31837,Semi-Auto,105,Diesel,145,65.7,2.0
 5 Series,2020,37687,Semi-Auto,103,Hybrid,145,62.8,2.0
 3 Series,2019,37375,Semi-Auto,3858,Diesel,145,52.3,2.0
 5 Series,2014,16894,Semi-Auto,38094,Diesel,30,62.8,2.0
 X1,2016,19487,Manual,31915,Diesel,20,68.9,2.0
 4 Series,2015,20514,Manual,33636,Diesel,145,55.4,2.0
 5 Series,2020,35087,Semi-Auto,104,Petrol,145,50.4,2.0
 5 Series,2019,34827,Semi-Auto,9535,Diesel,145,65.7,2.0
 4 Series,2015,22074,Semi-Auto,27142,Diesel,30,65.7,2.0
 1 Series,2016,16887,Manual,37179,Diesel,30,65.7,2.0
 X2,2020,33787,Semi-Auto,101,Petrol,145,40.4,2.0
 3 Series,2020,40937,Semi-Auto,105,Diesel,145,51.4,2.0
 M4,2020,62335,Semi-Auto,105,Petrol,145,32.5,3.0
 1 Series,2019,30914,Semi-Auto,5831,Petrol,145,40.4,1.5
 3 Series,2020,29887,Manual,101,Diesel,145,58.9,2.0
 Z4,2020,40287,Semi-Auto,105,Petrol,145,38.7,2.0
 X2,2020,34385,Semi-Auto,2095,Petrol,145,40.4,2.0
 4 Series,2019,31194,Semi-Auto,2129,Petrol,145,45.6,2.0
 M4,2019,55230,Semi-Auto,5486,Petrol,145,34.0,3.0
 6 Series,2016,34554,Semi-Auto,15668,Petrol,260,35.8,3.0
 X5,2019,66287,Semi-Auto,4729,Diesel,145,37.7,3.0
 4 Series,2018,29172,Semi-Auto,18501,Petrol,145,48.7,2.0
 3 Series,2019,31174,Semi-Auto,6251,Diesel,145,62.8,2.0
 4 Series,2019,30875,Semi-Auto,2791,Petrol,145,45.6,2.0
 2 Series,2020,31187,Semi-Auto,1743,Petrol,150,50.4,1.5
 X2,2020,31187,Semi-Auto,1576,Petrol,150,38.7,2.0
 3 Series,2019,35685,Manual,2039,Diesel,145,54.3,2.0
 3 Series,2019,37687,Manual,104,Diesel,145,54.3,2.0
 X1,2019,35737,Manual,105,Diesel,145,40.4,2.0
 Z4,2020,40287,Semi-Auto,101,Petrol,145,38.7,2.0
 X4,2020,59787,Semi-Auto,7724,Diesel,145,37.2,3.0
 3 Series,2020,49387,Semi-Auto,5875,Diesel,145,45.6,3.0
 X6,2020,72657,Semi-Auto,3340,Diesel,145,34.9,3.0
 4 Series,2019,32487,Semi-Auto,102,Diesel,145,65.7,2.0
 2 Series,2019,27235,Semi-Auto,11757,Petrol,145,47.9,2.0
 1 Series,2019,20787,Manual,10069,Diesel,145,72.4,1.5
 X2,2018,30485,Semi-Auto,11594,Diesel,145,58.9,2.0
 5 Series,2017,29887,Semi-Auto,15985,Diesel,150,65.7,2.0
 1 Series,2017,28574,Semi-Auto,16718,Petrol,150,39.8,3.0
 X3,2020,49387,Semi-Auto,6992,Diesel,150,54.3,2.0
 X6,2017,42887,Semi-Auto,19311,Diesel,150,47.1,3.0
 M2,2020,58494,Semi-Auto,101,Petrol,150,29.1,3.0
 3 Series,2019,32435,Automatic,1241,Diesel,145,62.8,2.0
 X5,2019,58338,Automatic,11918,Diesel,145,37.7,3.0
 3 Series,2019,37635,Semi-Auto,4416,Diesel,145,52.3,2.0
 3 Series,2019,32487,Manual,4697,Diesel,145,64.2,2.0
 X3,2018,38974,Semi-Auto,5458,Diesel,145,56.5,2.0
 M4,2019,63622,Semi-Auto,13,Petrol,145,32.5,3.0
 8 Series,2020,77987,Semi-Auto,5490,Petrol,145,31.7,3.0
 Z4,2020,44005,Semi-Auto,103,Petrol,145,37.2,2.0
 X2,2020,32305,Semi-Auto,101,Diesel,145,52.3,2.0
 5 Series,2020,35087,Semi-Auto,102,Petrol,145,52.3,2.0
 5 Series,2020,38987,Semi-Auto,103,Hybrid,145,60.1,2.0
 3 Series,2019,32032,Semi-Auto,5627,Petrol,145,47.9,2.0
 5 Series,2019,34255,Semi-Auto,8351,Diesel,145,65.7,2.0
 5 Series,2019,34255,Semi-Auto,6360,Diesel,145,65.7,2.0
 5 Series,2019,34255,Semi-Auto,12241,Diesel,145,65.7,2.0
 4 Series,2019,32468,Semi-Auto,7670,Diesel,145,65.7,2.0
 X2,2019,32357,Semi-Auto,3616,Diesel,145,61.4,2.0
 X3,2016,32435,Semi-Auto,30205,Diesel,200,47.1,3.0
 5 Series,2020,50687,Semi-Auto,105,Diesel,145,53.3,3.0
 X2,2019,31168,Semi-Auto,9872,Diesel,145,61.4,2.0
 X6,2018,49127,Semi-Auto,16334,Diesel,145,40.9,3.0
 2 Series,2020,29887,Semi-Auto,13,Petrol,145,47.9,2.0
 4 Series,2020,33774,Semi-Auto,101,Diesel,145,65.7,2.0
 X1,2019,37427,Semi-Auto,5628,Petrol,145,44.8,2.0
 3 Series,2019,31174,Semi-Auto,1989,Petrol,145,47.9,2.0
 5 Series,2019,34242,Semi-Auto,5441,Diesel,145,65.7,2.0
 3 Series,2019,36985,Semi-Auto,8114,Diesel,145,48.7,2.0
 5 Series,2019,34255,Semi-Auto,7460,Diesel,145,65.7,2.0
 X1,2019,37427,Semi-Auto,5559,Petrol,145,44.8,2.0
 5 Series,2017,25987,Semi-Auto,36779,Diesel,145,62.8,2.0
 3 Series,2017,31187,Semi-Auto,18224,Diesel,145,53.3,3.0
 X2,2019,32208,Semi-Auto,103,Petrol,145,39.2,2.0
 3 Series,2019,40885,Semi-Auto,2804,Diesel,145,52.3,2.0
 3 Series,2019,42887,Semi-Auto,4327,Diesel,145,49.6,2.0
 5 Series,2020,44187,Semi-Auto,3704,Hybrid,145,49.6,2.0
 3 Series,2020,55887,Semi-Auto,3698,Diesel,145,43.5,3.0
 4 Series,2018,28574,Semi-Auto,17503,Petrol,145,48.7,2.0
 X1,2019,35035,Semi-Auto,4269,Diesel,145,60.1,2.0
 2 Series,2019,30537,Semi-Auto,19,Diesel,145,49.6,2.0
 5 Series,2019,40885,Automatic,13,Petrol,145,48.7,2.0
 5 Series,2019,44135,Automatic,12,Diesel,145,53.3,3.0
 M4,2019,54528,Semi-Auto,102,Petrol,145,34.0,3.0
 X5,2020,68887,Semi-Auto,5899,Diesel,145,37.7,3.0
 X1,2016,23387,Semi-Auto,26656,Diesel,125,57.6,2.0
 X5,2013,23387,Automatic,53102,Diesel,300,38.2,3.0
 3 Series,2019,40885,Semi-Auto,3965,Petrol,145,40.9,2.0
 X3,2013,15886,Semi-Auto,73312,Diesel,160,50.4,2.0
 3 Series,2018,24697,Semi-Auto,35722,Diesel,150,62.8,2.0
 1 Series,2019,20147,Manual,9391,Petrol,145,38.7,1.5
 1 Series,2018,22097,Manual,11784,Diesel,145,49.6,2.0
 1 Series,2019,22747,Manual,11211,Diesel,150,70.6,1.5
 3 Series,2019,26191,Automatic,4393,Petrol,145,48.7,2.0
 5 Series,2015,16835,Semi-Auto,54386,Diesel,30,62.8,2.0
 3 Series,2015,20794,Automatic,33003,Diesel,145,56.5,3.0
 4 Series,2017,25090,Semi-Auto,22945,Petrol,145,48.7,2.0
 4 Series,2019,35074,Automatic,17,Diesel,145,55.4,3.0
 X6,2016,38974,Automatic,38494,Diesel,200,47.1,3.0
 X3,2019,40014,Automatic,4464,Diesel,145,54.3,2.0
 3 Series,2019,50674,Semi-Auto,4025,Diesel,150,43.5,3.0
 Z4,2015,23387,Manual,18089,Petrol,205,41.5,2.0
 2 Series,2019,31824,Semi-Auto,8950,Diesel,145,57.7,2.0
 4 Series,2018,32474,Semi-Auto,32785,Petrol,145,41.5,3.0
 X1,2019,36257,Semi-Auto,4884,Petrol,145,44.8,2.0
 X1,2019,36257,Semi-Auto,5490,Petrol,145,44.8,2.0
 X5,2019,74074,Semi-Auto,9192,Diesel,145,33.6,3.0
 1 Series,2014,18187,Semi-Auto,20402,Diesel,30,64.2,2.0
 X5,2017,42887,Automatic,31500,Diesel,145,47.1,3.0
 6 Series,2020,44837,Semi-Auto,6,Petrol,145,42.8,2.0
 3 Series,2019,35074,Semi-Auto,10405,Diesel,150,52.3,2.0
 8 Series,2020,74087,Semi-Auto,3242,Petrol,150,33.6,3.0
 X3,2019,53287,Semi-Auto,9330,Diesel,150,36.7,3.0
 X4,2019,48074,Semi-Auto,2294,Diesel,150,40.9,3.0
 4 Series,2019,40274,Semi-Auto,8215,Diesel,150,50.4,3.0
 4 Series,2019,39637,Semi-Auto,4984,Diesel,150,49.6,3.0
 4 Series,2019,30537,Semi-Auto,7041,Diesel,150,60.1,2.0
 X3,2019,45474,Semi-Auto,5253,Diesel,150,54.3,2.0
 X2,2019,37414,Semi-Auto,5321,Diesel,150,50.4,2.0
 1 Series,2018,31187,Semi-Auto,4664,Petrol,150,39.8,3.0
 X4,2019,47437,Semi-Auto,8432,Diesel,150,42.8,2.0
 1 Series,2019,25974,Manual,15,Diesel,145,72.4,1.5
 1 Series,2019,27274,Manual,15,Diesel,145,68.9,2.0
 2 Series,2019,31837,Semi-Auto,9531,Diesel,150,64.2,2.0
 4 Series,2019,31837,Semi-Auto,4954,Diesel,150,65.7,2.0
 4 Series,2019,37674,Semi-Auto,3169,Diesel,150,53.3,3.0
 3 Series,2019,41587,Semi-Auto,6313,Petrol,150,41.5,2.0
 4 Series,2019,33267,Semi-Auto,8268,Diesel,150,60.1,2.0
 X1,2019,33787,Semi-Auto,7164,Diesel,150,60.1,2.0
 X1,2019,34424,Semi-Auto,9385,Petrol,145,48.7,2.0
 X1,2019,34437,Semi-Auto,8785,Diesel,145,50.4,2.0
 X5,2019,63687,Semi-Auto,6046,Petrol,145,27.2,3.0
 M4,2019,53937,Automatic,123,Petrol,145,34.0,3.0
 2 Series,2019,29874,Automatic,15,Petrol,145,53.3,1.5
 4 Series,2019,32474,Semi-Auto,1652,Diesel,145,65.7,2.0
 M4,2015,38987,Semi-Auto,26637,Petrol,300,34.0,3.0
 5 Series,2019,42874,Automatic,9509,Diesel,145,53.3,3.0
 3 Series,2019,49257,Semi-Auto,4713,Petrol,145,34.9,3.0
 X2,2020,35074,Semi-Auto,2501,Petrol,150,38.7,2.0
 X3,2019,45474,Semi-Auto,5014,Diesel,150,54.3,2.0
 1 Series,2019,31824,Semi-Auto,8026,Diesel,145,53.3,2.0
 5 Series,2016,20787,Semi-Auto,31200,Diesel,20,68.9,2.0
 X1,2019,36387,Semi-Auto,4292,Petrol,145,48.7,2.0
 5 Series,2015,20787,Semi-Auto,29952,Diesel,30,62.8,2.0
 X3,2019,44174,Semi-Auto,5427,Diesel,145,54.3,2.0
 X2,2020,33774,Semi-Auto,23,Diesel,145,61.4,2.0
 Z4,2020,38337,Semi-Auto,13,Petrol,145,38.7,2.0
 1 Series,2014,16237,Semi-Auto,9024,Petrol,125,50.4,1.6
 X1,2016,26637,Automatic,30715,Diesel,125,57.6,2.0
 X5,2019,59774,Semi-Auto,9617,Diesel,145,37.7,3.0
 5 Series,2018,30277,Semi-Auto,26715,Diesel,150,68.9,2.0
 1 Series,2017,28574,Semi-Auto,24965,Petrol,150,39.8,3.0
 4 Series,2019,30524,Semi-Auto,18980,Diesel,150,58.9,2.0
 3 Series,2017,31187,Semi-Auto,40010,Diesel,150,49.6,3.0
 X3,2019,53274,Semi-Auto,3082,Diesel,150,36.7,3.0
 1 Series,2019,38337,Semi-Auto,3069,Petrol,150,34.5,2.0
 1 Series,2016,21437,Semi-Auto,27402,Petrol,150,47.9,2.0
 3 Series,2019,50024,Automatic,4816,Diesel,145,43.5,3.0
 8 Series,2019,76687,Automatic,3948,Petrol,145,33.2,3.0
 X2,2019,35074,Semi-Auto,4484,Petrol,145,39.2,2.0
 X2,2019,37687,Semi-Auto,2714,Petrol,145,39.2,2.0
 3 Series,2019,41574,Automatic,123,Petrol,145,41.5,2.0
 2 Series,2019,39624,Automatic,123,Petrol,145,38.2,3.0
 4 Series,2016,30524,Automatic,27214,Petrol,200,41.5,3.0
 1 Series,2019,24622,Semi-Auto,7632,Diesel,145,68.9,1.5
 4 Series,2019,30537,Semi-Auto,6567,Petrol,145,48.7,2.0
 3 Series,2019,33124,Semi-Auto,9309,Diesel,145,57.7,2.0
 3 Series,2017,20137,Manual,22723,Petrol,150,48.7,2.0
 1 Series,2019,24674,Manual,8328,Diesel,145,65.7,2.0
 1 Series,2019,35724,Semi-Auto,1178,Diesel,145,51.4,2.0
 3 Series,2019,33670,Semi-Auto,8010,Petrol,145,45.6,2.0
 X1,2019,36114,Semi-Auto,5490,Petrol,145,38.7,2.0
 2 Series,2019,29887,Automatic,8452,Diesel,145,61.4,2.0
 2 Series,2019,26637,Semi-Auto,8171,Diesel,145,51.4,2.0
 2 Series,2019,26897,Semi-Auto,8841,Diesel,145,51.4,2.0
 2 Series,2019,26637,Semi-Auto,3578,Diesel,145,51.4,2.0
 3 Series,2019,32487,Semi-Auto,4990,Diesel,145,62.8,2.0
 2 Series,2019,25714,Semi-Auto,12320,Petrol,145,40.9,1.5
 2 Series,2019,25987,Semi-Auto,7891,Diesel,145,65.7,2.0
 2 Series,2019,30537,Automatic,7561,Petrol,145,47.9,2.0
 X1,2019,38974,Automatic,11919,Diesel,145,60.1,2.0
 1 Series,2019,24024,Manual,10302,Diesel,145,70.6,1.5
 1 Series,2019,27274,Manual,6215,Petrol,145,44.1,1.5
 2 Series,2020,27274,Semi-Auto,11,Petrol,145,50.4,1.5
 1 Series,2019,25974,Semi-Auto,12166,Diesel,145,67.3,2.0
 3 Series,2017,24037,Semi-Auto,32500,Diesel,150,64.2,2.0
 3 Series,2016,24037,Semi-Auto,15634,Diesel,125,57.6,2.0
 2 Series,2018,24024,Manual,3580,Petrol,145,52.3,1.5
 5 Series,2019,40274,Semi-Auto,4003,Diesel,145,55.4,2.0
 4 Series,2016,24687,Automatic,17944,Diesel,30,65.7,2.0
 4 Series,2018,24687,Automatic,28970,Petrol,145,45.6,2.0
 5 Series,2017,29897,Automatic,14459,Diesel,145,65.7,2.0
 1 Series,2019,20774,Manual,4968,Petrol,145,53.3,1.5
 3 Series,2019,35074,Semi-Auto,6506,Diesel,145,52.3,2.0
 X5,2019,94887,Semi-Auto,4799,Hybrid,140,188.3,3.0
 X5,2014,35087,Automatic,37563,Diesel,205,47.1,3.0
 6 Series,2015,26637,Semi-Auto,46659,Diesel,160,49.6,3.0
 5 Series,2017,31811,Semi-Auto,15335,Diesel,145,65.7,2.0
 X3,2019,39247,Semi-Auto,20792,Petrol,145,30.4,2.0
 2 Series,2016,26911,Semi-Auto,27749,Petrol,200,39.8,3.0
 3 Series,2018,25997,Semi-Auto,59348,Diesel,150,57.6,2.0
 1 Series,2017,27297,Semi-Auto,15010,Petrol,145,39.8,3.0
 1 Series,2017,25798,Semi-Auto,20000,Petrol,205,39.8,3.0
 X1,2016,25349,Automatic,12389,Diesel,125,57.6,2.0
 X2,2019,41340,Semi-Auto,2188,Petrol,150,34.9,2.0
 X1,2017,30784,Semi-Auto,6147,Diesel,145,60.1,2.0
 5 Series,2019,34840,Semi-Auto,3979,Diesel,145,65.7,2.0
 X1,2019,33787,Semi-Auto,4357,Diesel,145,60.1,2.0
 8 Series,2019,76622,Semi-Auto,1135,Diesel,145,40.4,3.0
 1 Series,2016,15580,Manual,22054,Diesel,20,72.4,1.5
 X5,2016,36120,Automatic,49092,Diesel,200,47.1,3.0
 5 Series,2016,26507,Semi-Auto,11454,Diesel,160,51.4,3.0
 4 Series,2018,27840,Semi-Auto,14299,Petrol,145,48.7,2.0
 1 Series,2016,18551,Manual,40358,Diesel,30,65.7,2.0
 X3,2019,40547,Semi-Auto,14594,Petrol,145,30.4,2.0
 X1,2019,34697,Semi-Auto,8140,Petrol,145,35.3,2.0
 3 Series,2019,49374,Semi-Auto,2459,Petrol,145,34.9,3.0
 3 Series,2019,34424,Manual,2236,Diesel,145,54.3,2.0
 2 Series,2019,27274,Semi-Auto,6235,Petrol,145,50.4,1.5
 7 Series,2019,68510,Semi-Auto,706,Diesel,145,44.1,3.0
 1 Series,2019,31837,Manual,7645,Petrol,145,41.5,1.5
 1 Series,2019,28587,Manual,7734,Petrol,145,41.5,1.5
 2 Series,2019,23387,Semi-Auto,9401,Diesel,145,56.5,1.5
 X2,2019,32227,Semi-Auto,10058,Diesel,145,52.3,2.0
 2 Series,2020,45468,Semi-Auto,5,Diesel,145,48.7,2.0
 3 Series,2019,35724,Semi-Auto,3910,Petrol,145,42.2,2.0
 3 Series,2019,33670,Semi-Auto,6930,Petrol,145,42.2,2.0
 4 Series,2019,28561,Automatic,9846,Diesel,145,65.7,2.0
 3 Series,2019,37024,Automatic,6178,Petrol,145,41.5,2.0
 1 Series,2019,25337,Manual,7990,Diesel,145,65.7,2.0
 3 Series,2017,24674,Semi-Auto,26284,Diesel,145,62.8,2.0
 X2,2019,31174,Automatic,6351,Diesel,145,61.4,2.0
 3 Series,2019,34444,Semi-Auto,10922,Petrol,145,41.5,2.0
 1 Series,2015,17472,Semi-Auto,66471,Petrol,145,47.9,1.6
 2 Series,2017,25974,Automatic,25154,Petrol,200,39.8,3.0
 3 Series,2019,34424,Semi-Auto,5983,Petrol,145,47.9,2.0
 X4,2019,54574,Automatic,5769,Diesel,145,37.2,3.0
 3 Series,2019,27586,Semi-Auto,19494,Petrol,145,48.7,2.0
 X6,2019,80464,Semi-Auto,1629,Diesel,145,34.9,3.0
 X2,2020,52254,Semi-Auto,103,Petrol,145,34.0,2.0
 3 Series,2020,58500,Semi-Auto,2500,Petrol,145,33.6,3.0
 X5,2019,79408,Semi-Auto,2151,Diesel,145,33.6,3.0
 X7,2019,84500,Semi-Auto,3670,Diesel,145,33.6,3.0
 5 Series,2019,36400,Semi-Auto,3102,Petrol,145,50.4,2.0
 M4,2016,40287,Semi-Auto,27523,Petrol,300,34.0,3.0
 X1,2017,29003,Semi-Auto,17905,Diesel,145,57.6,2.0
 2 Series,2017,21437,Semi-Auto,7910,Petrol,145,53.3,1.5
 3 Series,2019,34424,Semi-Auto,4117,Petrol,145,47.9,2.0
 1 Series,2019,25974,Manual,2568,Petrol,145,52.3,1.5
 X1,2019,33657,Semi-Auto,5385,Petrol,145,35.3,2.0
 X2,2019,36374,Semi-Auto,2055,Petrol,145,39.2,2.0
 2 Series,2016,25714,Semi-Auto,14041,Petrol,160,45.6,2.0
 X2,2019,27924,Automatic,7141,Petrol,145,40.4,2.0
 3 Series,2019,49374,Semi-Auto,4873,Petrol,145,34.9,3.0
 1 Series,2016,18070,Manual,21291,Diesel,30,65.7,2.0
 1 Series,2017,20794,Semi-Auto,19000,Diesel,20,68.9,1.5
 X3,2016,28015,Semi-Auto,42255,Diesel,200,47.9,3.0
 4 Series,2017,25996,Semi-Auto,15333,Petrol,160,45.6,2.0
 1 Series,2017,29237,Semi-Auto,15985,Petrol,145,39.8,3.0
 4 Series,2019,29887,Semi-Auto,9420,Petrol,145,48.7,2.0
 5 Series,2017,30537,Semi-Auto,24927,Diesel,145,53.3,3.0
 X3,2016,26904,Semi-Auto,44414,Diesel,145,54.3,2.0
 4 Series,2016,31837,Semi-Auto,8814,Diesel,160,50.4,3.0
 1 Series,2014,14294,Semi-Auto,75500,Petrol,160,44.8,2.0
 2 Series,2016,18194,Manual,37648,Diesel,30,64.2,2.0
 3 Series,2016,16894,Manual,41500,Petrol,145,48.7,2.0
 4 Series,2016,20144,Manual,36800,Petrol,160,46.3,2.0
 1 Series,2016,12864,Manual,61800,Diesel,20,72.4,1.5
 3 Series,2016,15067,Automatic,86500,Diesel,20,70.6,2.0
 1 Series,2013,8314,Manual,93000,Diesel,0,74.3,1.6
 2 Series,2019,27268,Semi-Auto,5466,Petrol,145,39.2,1.5
 1 Series,2017,19887,Manual,23205,Diesel,30,65.7,2.0
 3 Series,2016,20797,Semi-Auto,46649,Hybrid,0,134.5,2.0
 2 Series,2016,13221,Manual,32015,Diesel,20,74.3,1.5
 M4,2017,45357,Semi-Auto,32329,Petrol,145,34.0,3.0
 2 Series,2016,18486,Semi-Auto,3866,Diesel,20,72.4,1.5
 1 Series,2015,17538,Semi-Auto,38436,Diesel,125,60.1,2.0
 3 Series,2015,13637,Manual,77963,Diesel,30,65.7,2.0
 3 Series,2014,16485,Semi-Auto,54931,Diesel,125,60.1,2.0
 1 Series,2013,13508,Manual,31144,Petrol,150,50.4,1.6
 5 Series,2017,30544,Semi-Auto,8213,Diesel,150,62.8,2.0
 1 Series,2016,22087,Manual,24618,Petrol,300,35.3,3.0
 X3,2016,27105,Automatic,44950,Diesel,200,47.1,3.0
 1 Series,2015,22452,Semi-Auto,37873,Petrol,235,37.7,3.0
 3 Series,2013,14664,Semi-Auto,29496,Petrol,200,43.5,2.0
 1 Series,2014,11748,Manual,40175,Diesel,30,65.7,2.0
 X1,2013,12311,Manual,40812,Diesel,160,51.4,2.0
 2 Series,2019,31785,Manual,1391,Diesel,145,60.1,2.0
 4 Series,2019,37674,Automatic,5685,Diesel,145,52.3,3.0
 X3,2016,26637,Semi-Auto,34306,Diesel,145,54.3,2.0
 5 Series,2018,32494,Semi-Auto,5823,Diesel,145,49.6,2.0
 2 Series,2016,19487,Manual,24488,Petrol,125,53.3,1.5
 2 Series,2017,30537,Semi-Auto,7918,Petrol,145,39.8,3.0
 1 Series,2017,17757,Manual,30641,Diesel,20,70.6,1.5
 4 Series,2016,22744,Automatic,20685,Diesel,30,65.7,2.0
 4 Series,2016,21568,Semi-Auto,46500,Diesel,160,52.3,3.0
 2 Series,2015,11298,Manual,70067,Diesel,20,68.9,2.0
 6 Series,2013,21632,Semi-Auto,54483,Diesel,160,51.4,3.0
 5 Series,2016,19799,Automatic,59058,Diesel,160,51.4,3.0
 X1,2016,19548,Manual,29890,Diesel,125,60.1,2.0
 3 Series,2018,23725,Semi-Auto,26173,Diesel,145,60.1,2.0
 3 Series,2016,16770,Automatic,42666,Diesel,0,74.3,2.0
 2 Series,2020,32474,Manual,25,Petrol,145,52.3,1.5
 2 Series,2020,31577,Manual,103,Petrol,145,52.3,1.5
 3 Series,2019,38935,Semi-Auto,104,Diesel,145,52.3,2.0
 2 Series,2019,28574,Automatic,3935,Diesel,145,68.9,2.0
 2 Series,2019,29887,Automatic,2766,Petrol,145,50.4,2.0
 X1,2019,31168,Manual,6907,Diesel,145,68.9,2.0
 X1,2019,35724,Automatic,5241,Diesel,145,50.4,2.0
 2 Series,2019,28568,Manual,3513,Petrol,145,52.3,1.5
 3 Series,2015,11306,Manual,73785,Diesel,30,61.4,2.0
 3 Series,2015,18194,Semi-Auto,37798,Diesel,30,64.2,2.0
 1 Series,2016,24375,Semi-Auto,21105,Petrol,235,37.7,3.0
 1 Series,2018,21704,Manual,7948,Diesel,145,65.7,2.0
 X3,2016,26117,Semi-Auto,45734,Diesel,145,54.3,2.0
 3 Series,2016,18187,Manual,37550,Diesel,30,62.8,2.0
 1 Series,2016,18837,Manual,25863,Petrol,125,52.3,1.5
 1 Series,2017,20787,Manual,30800,Diesel,145,62.8,2.0
 X5,2015,34964,Automatic,35228,Diesel,160,50.4,2.0
 4 Series,2019,30668,Semi-Auto,6100,Petrol,145,45.6,2.0
 3 Series,2016,22608,Semi-Auto,54584,Diesel,160,51.4,3.0
 3 Series,2019,31064,Semi-Auto,38231,Diesel,145,52.3,2.0
 3 Series,2019,32364,Semi-Auto,21656,Diesel,145,52.3,2.0
 4 Series,2018,28464,Semi-Auto,34384,Diesel,145,55.4,3.0
 2 Series,2017,23264,Semi-Auto,15500,Petrol,150,48.7,2.0
 i3,2015,18570,Automatic,65800,Hybrid,0,470.8,0.0
 3 Series,2015,24674,Semi-Auto,26762,Diesel,165,51.4,3.0
 3 Series,2020,34424,Semi-Auto,13,Petrol,150,42.2,2.0
 3 Series,2018,24674,Semi-Auto,1600,Petrol,150,51.4,2.0
 2 Series,2018,32884,Semi-Auto,9500,Petrol,145,39.8,3.0
 2 Series,2020,27274,Semi-Auto,10,Petrol,145,50.4,1.5
 5 Series,2019,37687,Semi-Auto,5000,Petrol,145,48.7,2.0
 X5,2013,26182,Automatic,63583,Diesel,200,45.6,3.0
 X1,2018,29116,Semi-Auto,2570,Petrol,145,37.7,2.0
 X1,2016,22439,Manual,29863,Diesel,125,58.9,2.0
 2 Series,2015,160493,Semi-Auto,33419,Diesel,20,68.9,2.0
 3 Series,2019,34999,Semi-Auto,3853,Petrol,145,41.5,2.0
 3 Series,2016,19189,Automatic,14209,Diesel,0,74.3,2.0
 5 Series,2016,18974,Semi-Auto,41695,Diesel,30,62.8,2.0
 3 Series,2019,32364,Semi-Auto,21730,Diesel,145,52.3,2.0
 3 Series,2017,15597,Manual,70067,Diesel,145,68.9,2.0
 3 Series,2017,27687,Semi-Auto,25533,Petrol,145,48.7,2.0
 2 Series,2016,18197,Manual,16260,Diesel,20,68.9,1.5
 1 Series,2017,27947,Semi-Auto,26072,Petrol,200,39.8,3.0
 4 Series,2019,28597,Semi-Auto,15856,Diesel,145,65.7,2.0
 4 Series,2018,26647,Semi-Auto,22866,Petrol,145,48.7,2.0
 2 Series,2015,22747,Semi-Auto,41896,Petrol,260,37.2,3.0
 1 Series,2014,14297,Manual,61500,Diesel,30,62.8,2.0
 2 Series,2018,23387,Semi-Auto,10600,Petrol,150,38.2,2.0
 5 Series,2019,31187,Semi-Auto,9165,Petrol,145,50.4,2.0
 2 Series,2017,22099,Semi-Auto,29000,Diesel,145,60.1,2.0
 X1,2017,23657,Semi-Auto,23380,Diesel,125,60.1,2.0
 M4,2020,77994,Semi-Auto,5,Petrol,145,34.0,3.0
 3 Series,2020,48094,Manual,103,Diesel,145,54.3,2.0
 i8,2017,68244,Automatic,17580,Hybrid,0,134.5,1.5
 5 Series,2019,39637,Semi-Auto,4754,Hybrid,140,156.9,2.0
 X6,2016,38324,Semi-Auto,24864,Diesel,205,47.1,3.0
 1 Series,2019,21437,Manual,9010,Diesel,150,72.4,1.5
 X2,2019,32487,Manual,6764,Diesel,150,48.7,2.0
 3 Series,2019,33514,Semi-Auto,68945,Petrol,150,45.6,2.0
 4 Series,2017,24505,Automatic,26498,Diesel,145,65.7,2.0
 Z4,2013,17732,Semi-Auto,26356,Petrol,200,41.5,2.0
 1 Series,2016,15588,Manual,22842,Diesel,20,68.9,2.0
 2 Series,2019,27274,Manual,101,Petrol,145,52.3,1.5
 2 Series,2019,27274,Manual,101,Petrol,145,52.3,1.5
 4 Series,2019,40274,Automatic,500,Petrol,145,41.5,3.0
 4 Series,2019,46774,Automatic,101,Diesel,145,50.4,3.0
 1 Series,2017,18716,Manual,9243,Petrol,145,52.3,1.5
 1 Series,2017,16952,Manual,20506,Diesel,145,68.9,2.0
 1 Series,2019,25994,Semi-Auto,4371,Diesel,150,67.3,2.0
 2 Series,2019,31844,Manual,7107,Diesel,150,60.1,2.0
 1 Series,2017,18844,Semi-Auto,20031,Petrol,30,58.9,1.5
 X3,2019,39514,Semi-Auto,13563,Petrol,145,30.4,2.0
 4 Series,2019,42627,Semi-Auto,8464,Diesel,145,50.4,3.0
 4 Series,2019,38987,Semi-Auto,5496,Petrol,145,45.6,2.0
 X1,2019,33800,Semi-Auto,3085,Petrol,145,40.9,1.5
 X5,2019,63622,Semi-Auto,4544,Diesel,145,37.7,3.0
 4 Series,2016,24159,Semi-Auto,30158,Diesel,125,60.1,2.0
 X7,2019,97474,Automatic,7901,Diesel,145,31.4,3.0
 5 Series,2017,37674,Semi-Auto,26478,Petrol,145,39.2,3.0
 3 Series,2019,40274,Semi-Auto,1500,Petrol,145,40.9,2.0
 2 Series,2019,25974,Manual,102,Petrol,145,52.3,1.5
 X2,2019,33774,Automatic,5062,Diesel,145,61.4,2.0
 X2,2019,31824,Semi-Auto,2772,Petrol,145,38.7,2.0
 1 Series,2017,28574,Semi-Auto,12869,Petrol,145,39.8,3.0
 1 Series,2019,27014,Automatic,8245,Diesel,145,65.7,2.0
 4 Series,2019,40944,Semi-Auto,4919,Diesel,150,51.4,3.0
 3 Series,2019,36784,Manual,2179,Diesel,150,54.3,2.0
 3 Series,2019,36368,Manual,3367,Diesel,150,54.3,2.0
 2 Series,2019,31194,Semi-Auto,2279,Diesel,150,65.7,2.0
 1 Series,2017,24694,Semi-Auto,17108,Diesel,145,61.4,2.0
 4 Series,2020,33791,Semi-Auto,1705,Diesel,145,65.7,2.0
 2 Series,2019,27274,Manual,1000,Petrol,145,52.3,1.5
 2 Series,2019,27274,Manual,1000,Petrol,145,52.3,1.5
 2 Series,2019,27274,Manual,1000,Petrol,145,52.3,1.5
 3 Series,2019,41574,Automatic,4084,Diesel,145,49.6,2.0
 M4,2019,56524,Semi-Auto,152,Petrol,145,34.0,3.0
 M2,2019,56524,Automatic,2689,Petrol,145,29.1,3.0
 3 Series,2019,42874,Automatic,1000,Diesel,145,47.9,3.0
 X3,2019,53274,Automatic,7439,Diesel,145,36.7,3.0
 3 Series,2019,33124,Automatic,4080,Petrol,145,43.5,2.0
 1 Series,2019,31174,Manual,2672,Petrol,145,41.5,1.5
 3 Series,2019,37674,Semi-Auto,6093,Diesel,150,48.7,2.0
 5 Series,2019,36374,Semi-Auto,5502,Diesel,150,62.8,2.0
 X3,2019,44174,Semi-Auto,6779,Diesel,150,54.3,2.0
 3 Series,2019,33774,Semi-Auto,6382,Petrol,150,42.2,2.0
 2 Series,2019,25974,Semi-Auto,8406,Petrol,150,40.9,1.5
 3 Series,2019,32474,Semi-Auto,9122,Petrol,150,42.2,2.0
 5 Series,2019,33774,Semi-Auto,5951,Petrol,150,50.4,2.0
 3 Series,2019,31824,Semi-Auto,14444,Petrol,145,47.9,2.0
 1 Series,2019,27924,Semi-Auto,8364,Petrol,145,47.9,2.0
 2 Series,2019,27274,Manual,1000,Petrol,145,52.3,1.5
 3 Series,2017,22074,Semi-Auto,39462,Hybrid,0,148.7,2.0
 2 Series,2018,25974,Semi-Auto,28000,Petrol,145,47.9,2.0
 4 Series,2016,24674,Manual,29614,Diesel,125,57.6,2.0
 3 Series,2017,29874,Semi-Auto,12600,Diesel,160,51.4,3.0
 6 Series,2015,25974,Semi-Auto,65185,Diesel,160,49.6,3.0
 5 Series,2018,31174,Semi-Auto,24866,Diesel,145,49.6,2.0
 3 Series,2019,40274,Automatic,1000,Diesel,145,50.4,2.0
 5 Series,2019,43550,Semi-Auto,3215,Diesel,145,60.1,2.0
 5 Series,2019,38324,Semi-Auto,1500,Petrol,145,50.4,2.0
 2 Series,2019,28574,Manual,101,Petrol,145,52.3,1.5
 Z4,2019,38974,Semi-Auto,1817,Petrol,145,38.7,2.0
 2 Series,2019,25324,Manual,152,Petrol,145,42.8,1.5
 5 Series,2019,48074,Automatic,3622,Diesel,145,53.3,3.0
 4 Series,2019,34424,Automatic,3146,Diesel,145,58.9,2.0
 2 Series,2019,28574,Automatic,4481,Diesel,145,67.3,2.0
 4 Series,2019,31824,Automatic,4429,Diesel,145,65.7,2.0
 3 Series,2019,33774,Semi-Auto,5084,Diesel,150,52.3,2.0
 X4,2018,33774,Semi-Auto,21694,Diesel,150,54.3,2.0
 X3,2019,41574,Semi-Auto,9305,Diesel,150,54.3,2.0
 X5,2019,67574,Semi-Auto,4484,Diesel,150,33.6,3.0
 3 Series,2019,33774,Semi-Auto,9666,Diesel,150,52.3,2.0
 3 Series,2019,34424,Semi-Auto,6018,Diesel,150,52.3,2.0
 1 Series,2019,29874,Semi-Auto,7729,Petrol,150,40.4,1.5
 5 Series,2018,36374,Semi-Auto,5100,Diesel,150,46.3,2.0
 2 Series,2019,27274,Semi-Auto,7532,Petrol,145,50.4,2.0
 2 Series,2019,28574,Semi-Auto,13844,Petrol,145,50.4,2.0
 3 Series,2019,29874,Semi-Auto,11571,Diesel,145,54.3,2.0
 X3,2019,41574,Semi-Auto,4609,Diesel,145,54.3,2.0
 2 Series,2019,27274,Manual,1000,Petrol,145,52.3,1.5
 3 Series,2018,24686,Automatic,23850,Diesel,145,60.1,2.0
 4 Series,2017,26636,Automatic,14393,Petrol,145,48.7,2.0
 3 Series,2018,23394,Semi-Auto,15588,Petrol,145,48.7,2.0
 4 Series,2016,22880,Automatic,20444,Diesel,30,65.7,2.0
 3 Series,2017,24349,Semi-Auto,23618,Diesel,145,62.8,2.0
 2 Series,2019,29224,Automatic,7107,Diesel,145,49.6,2.0
 2 Series,2019,28574,Automatic,7995,Diesel,145,65.7,2.0
 X5,2019,62374,Semi-Auto,11813,Diesel,145,37.7,3.0
 1 Series,2019,24024,Automatic,10164,Diesel,145,68.9,1.5
 3 Series,2019,27274,Semi-Auto,18000,Diesel,150,64.2,2.0
 1 Series,2017,18174,Manual,38120,Diesel,30,65.7,2.0
 1 Series,2018,31174,Semi-Auto,10812,Petrol,150,32.5,3.0
 1 Series,2016,19474,Semi-Auto,28000,Diesel,20,68.9,1.5
 X1,2014,12389,Manual,47262,Diesel,165,51.4,2.0
 X1,2016,28938,Semi-Auto,4622,Petrol,165,44.8,2.0
 2 Series,2015,14277,Manual,70000,Petrol,125,53.3,1.5
 5 Series,2019,34320,Semi-Auto,3457,Petrol,145,50.4,2.0
 X1,2019,31837,Manual,3728,Petrol,145,51.4,1.5
 1 Series,2018,18199,Manual,22492,Petrol,145,53.3,1.5
 3 Series,2016,15594,Semi-Auto,70486,Diesel,20,74.3,2.0
 X4,2017,31850,Semi-Auto,22768,Diesel,145,54.3,2.0
 3 Series,2015,16835,Manual,52338,Diesel,30,64.2,2.0
 3 Series,2017,25344,Semi-Auto,17735,Petrol,150,48.7,2.0
 1 Series,2019,23136,Manual,12266,Diesel,150,65.7,2.0
 3 Series,2018,24688,Semi-Auto,21941,Diesel,150,64.2,2.0
 3 Series,2016,19234,Automatic,42229,Diesel,20,74.3,2.0
 3 Series,2017,17544,Semi-Auto,44247,Diesel,145,67.3,2.0
 X1,2018,27274,Semi-Auto,29757,Diesel,150,60.1,2.0
 3 Series,2018,32474,Semi-Auto,6900,Diesel,150,51.4,3.0
 2 Series,2019,28574,Semi-Auto,8000,Diesel,150,65.7,2.0
 5 Series,2019,45474,Semi-Auto,9430,Diesel,150,53.3,3.0
 X5,2019,64974,Semi-Auto,9173,Diesel,150,37.7,3.0
 1 Series,2019,41591,Semi-Auto,6000,Petrol,145,34.5,2.0
 1 Series,2019,39160,Semi-Auto,7500,Petrol,145,34.5,2.0
 2 Series,2019,33137,Semi-Auto,7466,Diesel,145,65.7,2.0
 M4,2016,42878,Automatic,33113,Petrol,300,34.0,3.0
 4 Series,2015,18720,Automatic,63034,Diesel,30,65.7,2.0
 X1,2016,18460,Manual,51101,Diesel,125,60.1,2.0
 1 Series,2016,14537,Manual,22499,Petrol,125,53.3,1.5
 3 Series,2017,24570,Semi-Auto,28943,Hybrid,135,134.5,2.0
 4 Series,2016,23920,Automatic,17944,Diesel,30,65.7,2.0
 4 Series,2017,24688,Semi-Auto,31438,Diesel,145,58.9,2.0
 X1,2017,24700,Semi-Auto,33814,Diesel,145,57.7,2.0
 2 Series,2019,32500,Semi-Auto,1061,Diesel,145,48.7,2.0
 2 Series,2019,27937,Semi-Auto,3630,Diesel,145,51.4,2.0
 2 Series,2019,32825,Semi-Auto,2640,Diesel,145,48.7,2.0
 4 Series,2019,32461,Semi-Auto,101,Petrol,145,45.6,2.0
 X2,2019,35737,Semi-Auto,6036,Diesel,145,58.9,2.0
 3 Series,2019,36127,Semi-Auto,103,Petrol,145,42.2,2.0
 3 Series,2019,36127,Semi-Auto,103,Petrol,145,42.2,2.0
 X3,2019,40820,Semi-Auto,13191,Petrol,145,30.4,2.0
 X3,2019,40300,Semi-Auto,18720,Petrol,145,30.4,2.0
 X3,2019,40950,Semi-Auto,8438,Petrol,145,30.4,2.0
 3 Series,2018,33788,Semi-Auto,22620,Petrol,150,41.5,3.0
 X3,2019,41340,Semi-Auto,6724,Petrol,150,30.4,2.0
 5 Series,2019,32631,Semi-Auto,24143,Diesel,150,65.7,2.0
 3 Series,2018,25448,Manual,26841,Diesel,150,64.2,2.0
 4 Series,2019,35087,Semi-Auto,6188,Diesel,145,65.7,2.0
 4 Series,2019,49387,Semi-Auto,590,Diesel,145,47.9,3.0
 5 Series,2019,39637,Semi-Auto,5687,Hybrid,135,156.9,2.0
 X1,2019,33267,Semi-Auto,5354,Diesel,145,36.7,2.0
 X2,2019,34996,Semi-Auto,5060,Petrol,145,38.7,2.0
 M4,2019,54587,Semi-Auto,1348,Petrol,145,34.0,3.0
 X1,2013,11687,Manual,63000,Diesel,160,51.4,2.0
 4 Series,2020,49400,Semi-Auto,101,Diesel,150,49.6,3.0
 4 Series,2020,39524,Semi-Auto,2882,Petrol,145,41.5,3.0
 3 Series,2018,26000,Semi-Auto,28596,Diesel,145,62.8,2.0
 5 Series,2014,19227,Automatic,19503,Diesel,160,51.4,3.0
 X1,2013,12194,Manual,47485,Diesel,160,51.4,2.0
 4 Series,2017,24687,Automatic,23163,Diesel,30,65.7,2.0
 3 Series,2015,10647,Manual,92230,Diesel,30,65.7,2.0
 3 Series,2014,19878,Semi-Auto,54859,Diesel,160,52.3,3.0
 3 Series,2014,14916,Manual,53211,Diesel,30,61.4,2.0
 X3,2018,38164,Semi-Auto,12726,Diesel,150,54.3,2.0
 X1,2015,14483,Semi-Auto,64865,Diesel,165,52.3,2.0
 2 Series,2019,30225,Semi-Auto,4627,Diesel,145,48.7,2.0
 2 Series,2019,30225,Semi-Auto,4949,Diesel,145,48.7,2.0
 4 Series,2014,23075,Semi-Auto,39801,Diesel,160,50.4,3.0
 X3,2019,40300,Semi-Auto,17355,Petrol,145,30.4,2.0
 X7,2019,83720,Semi-Auto,3003,Diesel,145,33.6,3.0
 7 Series,2016,33475,Semi-Auto,34820,Diesel,145,54.3,3.0
 X1,2013,11687,Manual,63000,Diesel,160,51.4,2.0
 4 Series,2017,26785,Semi-Auto,13191,Diesel,145,65.7,2.0
 3 Series,2018,24862,Semi-Auto,23369,Diesel,145,64.2,2.0
 3 Series,2017,24851,Semi-Auto,51260,Diesel,150,53.3,3.0
 X4,2015,25987,Semi-Auto,60059,Diesel,150,54.3,2.0
 4 Series,2018,28588,Manual,11648,Petrol,150,43.5,2.0
 5 Series,2016,18915,Automatic,56320,Diesel,30,62.8,2.0
 3 Series,2017,22035,Semi-Auto,34110,Diesel,145,62.8,2.0
 5 Series,2015,23179,Semi-Auto,33910,Diesel,160,51.4,3.0
 3 Series,2017,30420,Automatic,17630,Diesel,145,49.6,3.0
 3 Series,2015,19409,Automatic,33330,Diesel,125,60.1,2.0
 3 Series,2016,23007,Semi-Auto,36764,Diesel,145,54.3,3.0
 X1,2017,25347,Semi-Auto,21346,Diesel,145,55.4,2.0
 5 Series,2020,46150,Semi-Auto,101,Diesel,145,53.3,3.0
 4 Series,2017,24700,Manual,19202,Diesel,145,60.1,2.0
 X5,2017,46111,Automatic,47717,Diesel,235,42.8,3.0
 2 Series,2015,18356,Semi-Auto,29599,Petrol,145,50.4,2.0
 1 Series,2019,31152,Manual,6317,Petrol,145,41.5,1.5
 7 Series,2019,66950,Semi-Auto,561,Diesel,145,42.2,3.0
 1 Series,2017,20774,Manual,17000,Diesel,145,65.7,2.0
 3 Series,2016,19474,Semi-Auto,41492,Diesel,30,67.3,2.0
 2 Series,2017,18174,Semi-Auto,27483,Petrol,30,55.4,1.5
 5 Series,2019,34645,Semi-Auto,9440,Diesel,145,65.7,2.0
 5 Series,2019,34645,Semi-Auto,7902,Diesel,145,65.7,2.0
 3 Series,2017,22283,Semi-Auto,30171,Diesel,145,64.2,2.0
 X3,2015,26638,Semi-Auto,51111,Diesel,205,47.1,3.0
 6 Series,2017,29888,Semi-Auto,23451,Diesel,200,49.6,3.0
 4 Series,2020,40954,Semi-Auto,1418,Diesel,145,50.4,3.0
 5 Series,2017,24700,Semi-Auto,48457,Diesel,145,68.9,2.0
 4 Series,2019,37024,Semi-Auto,7384,Diesel,145,51.4,3.0
 2 Series,2019,28574,Manual,9326,Diesel,145,60.1,2.0
 2 Series,2020,27924,Semi-Auto,10,Diesel,145,53.3,2.0
 X1,2019,29185,Manual,5455,Petrol,150,39.8,1.5
 4 Series,2017,22737,Semi-Auto,35519,Diesel,30,65.7,2.0
 M4,2016,38987,Semi-Auto,30241,Petrol,300,34.0,3.0
 3 Series,2019,35035,Semi-Auto,4320,Petrol,145,42.2,2.0
 X3,2018,40950,Semi-Auto,35332,Petrol,145,34.5,3.0
 M4,2016,42897,Semi-Auto,23212,Petrol,300,34.0,3.0
 X1,2017,17550,Manual,50435,Diesel,20,68.9,2.0
 X5,2017,48747,Automatic,24498,Petrol,145,29.1,4.4
 3 Series,2017,27297,Automatic,16678,Diesel,145,56.5,3.0
 2 Series,2017,21447,Semi-Auto,2210,Petrol,150,55.4,1.5
 3 Series,2017,16897,Semi-Auto,62576,Diesel,20,70.6,2.0
 2 Series,2016,11047,Manual,83850,Diesel,0,74.3,1.5
 2 Series,2018,25974,Semi-Auto,9933,Petrol,145,38.2,2.0
 2 Series,2019,29874,Semi-Auto,2083,Petrol,145,50.4,2.0
 2 Series,2019,30914,Semi-Auto,1223,Diesel,145,49.6,2.0
 1 Series,2019,28574,Manual,2841,Petrol,145,44.1,1.5
 X2,2019,37050,Semi-Auto,2370,Diesel,145,48.7,2.0
 X5,2019,66274,Automatic,5720,Diesel,145,37.7,3.0
 1 Series,2019,26572,Semi-Auto,9908,Petrol,150,47.9,2.0
 1 Series,2019,23972,Manual,6088,Petrol,150,52.3,1.5
 3 Series,2019,35672,Semi-Auto,4665,Diesel,150,52.3,2.0
 7 Series,2019,58474,Semi-Auto,10135,Petrol,150,34.5,3.0
 3 Series,2019,36972,Semi-Auto,2212,Diesel,150,48.7,2.0
 8 Series,2019,70174,Semi-Auto,2395,Petrol,145,33.2,3.0
 X1,2020,37622,Semi-Auto,1550,Diesel,145,53.3,2.0
 4 Series,2019,31525,Semi-Auto,10125,Diesel,145,58.9,2.0
 3 Series,2018,28340,Semi-Auto,7673,Petrol,145,48.7,2.0
 X2,2019,37375,Semi-Auto,1914,Petrol,145,39.8,2.0
 5 Series,2018,29237,Semi-Auto,10799,Diesel,145,72.4,2.0
 3 Series,2019,38025,Semi-Auto,8190,Diesel,145,48.7,2.0
 3 Series,2019,27820,Semi-Auto,16086,Petrol,145,48.7,2.0
 3 Series,2019,30524,Semi-Auto,4394,Diesel,150,53.3,2.0
 2 Series,2020,28535,Semi-Auto,15,Petrol,150,50.4,2.0
 2 Series,2020,26624,Semi-Auto,10,Petrol,150,42.2,1.5
 4 Series,2019,33072,Semi-Auto,101,Diesel,145,65.7,2.0
 2 Series,2019,28535,Semi-Auto,101,Diesel,145,67.3,2.0
 X3,2019,47372,Semi-Auto,105,Diesel,145,54.3,2.0
 3 Series,2017,25974,Semi-Auto,15762,Diesel,145,53.3,3.0
 2 Series,2019,23374,Manual,7168,Petrol,145,52.3,1.5
 1 Series,2016,16874,Manual,27696,Diesel,30,65.7,2.0
 3 Series,2019,26572,Semi-Auto,6108,Petrol,145,51.4,1.5
 1 Series,2019,23374,Manual,5869,Diesel,145,70.6,1.5
 4 Series,2019,31005,Semi-Auto,7937,Diesel,145,65.7,2.0
 3 Series,2019,36322,Semi-Auto,6865,Diesel,145,52.3,2.0
 1 Series,2019,23972,Semi-Auto,4512,Diesel,145,68.9,1.5
 3 Series,2019,33722,Semi-Auto,5915,Diesel,145,53.3,2.0
 3 Series,2019,38272,Semi-Auto,7983,Diesel,145,48.7,2.0
 X5,2019,60372,Semi-Auto,1486,Diesel,145,37.7,3.0
 Z4,2019,36335,Semi-Auto,8998,Petrol,145,38.7,2.0
 X3,2019,39624,Automatic,5822,Petrol,145,30.4,2.0
 2 Series,2017,20797,Manual,15926,Diesel,150,62.8,1.5
 X3,2018,38347,Semi-Auto,23206,Diesel,150,48.7,3.0
 4 Series,2019,35724,Semi-Auto,101,Diesel,145,55.4,3.0
 i8,2019,84175,Automatic,2799,Hybrid,135,141.2,1.5
 8 Series,2019,76700,Semi-Auto,5923,Diesel,150,39.8,3.0
 M2,2019,55056,Semi-Auto,1797,Petrol,145,29.1,3.0
 i3,2017,24050,Automatic,36429,Hybrid,0,470.8,0.0
 4 Series,2016,22829,Semi-Auto,46435,Diesel,145,55.4,3.0
 2 Series,2018,23075,Semi-Auto,16712,Diesel,145,62.8,2.0
 M4,2018,46475,Semi-Auto,8326,Petrol,145,34.0,3.0
 X7,2019,85800,Semi-Auto,2881,Diesel,145,33.6,3.0
 X1,2016,25347,Semi-Auto,21249,Diesel,145,55.4,2.0
 X1,2015,22097,Semi-Auto,25649,Diesel,125,57.6,2.0
 3 Series,2016,24307,Semi-Auto,21500,Diesel,145,54.3,3.0
 1 Series,2016,25737,Semi-Auto,24485,Petrol,200,39.8,3.0
 X3,2016,28337,Semi-Auto,29512,Diesel,145,54.3,2.0
 2 Series,2019,28574,Semi-Auto,4170,Petrol,145,50.4,2.0
 1 Series,2019,27274,Manual,4092,Petrol,145,44.1,1.5
 X3,2019,41574,Semi-Auto,4647,Diesel,145,54.3,2.0
 1 Series,2019,24674,Semi-Auto,17950,Diesel,150,67.3,2.0
 X1,2018,29614,Semi-Auto,10147,Diesel,150,60.1,2.0
 1 Series,2017,26624,Semi-Auto,34218,Petrol,205,39.8,3.0
 4 Series,2016,30914,Semi-Auto,24441,Diesel,165,50.4,3.0
 X1,2017,27924,Semi-Auto,11857,Diesel,150,55.4,2.0
 1 Series,2017,18187,Manual,34249,Petrol,150,53.3,1.5
 1 Series,2017,20137,Manual,32811,Diesel,150,65.7,2.0
 X1,2019,37024,Semi-Auto,1805,Diesel,145,52.3,2.0
 4 Series,2019,30472,Semi-Auto,23,Diesel,145,65.7,2.0
 5 Series,2019,35672,Semi-Auto,5682,Diesel,145,62.8,2.0
 5 Series,2019,35672,Semi-Auto,9131,Diesel,145,62.8,2.0
 X3,2019,51324,Semi-Auto,6012,Petrol,145,34.5,3.0
 5 Series,2017,24687,Semi-Auto,46796,Diesel,145,62.8,2.0
 1 Series,2018,25792,Semi-Auto,32151,Diesel,145,61.4,2.0
 2 Series,2018,32422,Semi-Auto,5577,Petrol,145,32.5,3.0
 M4,2019,58474,Semi-Auto,9244,Petrol,145,32.5,3.0
 1 Series,2015,16874,Manual,47863,Diesel,30,62.8,2.0
 4 Series,2019,40924,Automatic,6822,Diesel,145,50.4,3.0
 M4,2020,64974,Semi-Auto,1000,Petrol,145,34.0,3.0
 X2,2020,42874,Semi-Auto,1500,Diesel,145,61.4,2.0
 4 Series,2020,45474,Semi-Auto,1000,Petrol,145,48.7,2.0
 1 Series,2019,25324,Manual,4707,Diesel,145,65.7,2.0
 1 Series,2018,22724,Manual,13455,Petrol,145,52.3,1.5
 Z4,2015,20774,Semi-Auto,39887,Petrol,200,41.5,2.0
 2 Series,2019,28574,Semi-Auto,1000,Petrol,145,50.4,1.5
 X2,2020,48724,Semi-Auto,1000,Petrol,145,34.0,2.0
 4 Series,2016,23374,Semi-Auto,32863,Petrol,160,46.3,2.0
 X3,2019,71474,Semi-Auto,1525,Petrol,145,24.8,3.0
 3 Series,2019,33124,Semi-Auto,5673,Diesel,145,57.7,2.0
 1 Series,2019,27014,Automatic,8936,Diesel,145,65.7,2.0
 2 Series,2019,28574,Semi-Auto,4887,Diesel,145,65.7,2.0
 2 Series,2015,20774,Semi-Auto,41532,Diesel,125,61.4,2.0
 X3,2019,43524,Automatic,8345,Diesel,145,54.3,2.0
 4 Series,2019,33774,Semi-Auto,2946,Diesel,145,65.7,2.0
 2 Series,2019,27274,Manual,1000,Petrol,145,52.3,1.5
 2 Series,2019,27274,Manual,1000,Petrol,145,52.3,1.5
 2 Series,2019,27274,Manual,1000,Petrol,145,52.3,1.5
 2 Series,2019,27274,Manual,1000,Petrol,145,52.3,1.5
 2 Series,2019,27274,Manual,1000,Petrol,145,52.3,1.5
 3 Series,2019,35074,Semi-Auto,9554,Diesel,145,56.5,3.0
 1 Series,2017,29224,Semi-Auto,24552,Petrol,145,39.8,3.0
 1 Series,2017,20774,Manual,22022,Petrol,145,47.1,2.0
 5 Series,2019,33774,Semi-Auto,9630,Petrol,145,50.4,2.0
 2 Series,2019,28574,Semi-Auto,5547,Petrol,145,50.4,2.0
 5 Series,2019,42224,Semi-Auto,5612,Diesel,145,60.1,3.0
 3 Series,2019,33774,Manual,3512,Diesel,145,54.3,2.0
 2 Series,2019,25974,Manual,3459,Petrol,145,42.2,1.5
 X2,2019,32474,Manual,3189,Diesel,145,48.7,2.0
 X5,2019,64974,Automatic,4076,Diesel,145,37.7,3.0
 3 Series,2019,33774,Manual,4903,Diesel,145,54.3,2.0
 1 Series,2019,37674,Automatic,3855,Diesel,145,48.7,2.0
 3 Series,2019,43641,Automatic,4253,Diesel,145,47.9,3.0
 2 Series,2019,27274,Semi-Auto,7153,Petrol,145,50.4,1.5
 X5,2019,64974,Automatic,3080,Diesel,145,37.7,3.0
 3 Series,2019,43654,Automatic,2856,Diesel,145,47.9,3.0
 3 Series,2019,43524,Automatic,1000,Diesel,145,50.4,2.0
 2 Series,2019,32474,Semi-Auto,2290,Petrol,145,47.9,2.0
 1 Series,2019,29224,Manual,100,Petrol,145,44.1,1.5
 4 Series,2019,37674,Automatic,6558,Diesel,145,53.3,3.0
 1 Series,2019,22724,Semi-Auto,3583,Petrol,145,55.5,1.5
 2 Series,2018,22724,Manual,13107,Petrol,145,52.3,1.5
 X6,2018,47424,Automatic,9135,Diesel,145,47.1,3.0
 X5,2019,64974,Automatic,4810,Diesel,145,37.7,3.0
 M4,2019,53274,Semi-Auto,4786,Petrol,145,34.0,3.0
 3 Series,2019,37697,Semi-Auto,5568,Petrol,150,42.2,2.0
 X3,2017,28597,Semi-Auto,35734,Diesel,150,54.3,2.0
 X1,2017,24694,Semi-Auto,29647,Diesel,145,57.7,2.0
 X5,2019,66274,Semi-Auto,13863,Diesel,145,37.7,3.0
 X5,2019,64974,Automatic,6277,Diesel,145,37.7,3.0
 3 Series,2017,24414,Semi-Auto,42359,Diesel,150,64.2,2.0
 X5,2019,64974,Semi-Auto,5881,Diesel,150,37.7,3.0
 3 Series,2018,24687,Semi-Auto,17282,Diesel,150,64.2,2.0
 M5,2019,81874,Semi-Auto,3256,Petrol,145,26.9,4.4
 2 Series,2019,36374,Semi-Auto,4859,Diesel,145,64.2,2.0
 4 Series,2019,45084,Automatic,3428,Diesel,145,49.6,3.0
 5 Series,2019,42614,Automatic,3774,Diesel,145,65.7,2.0
 5 Series,2019,40274,Automatic,2386,Diesel,145,65.7,2.0
 3 Series,2019,31174,Semi-Auto,1000,Diesel,145,62.8,2.0
 X5,2019,64974,Automatic,3981,Diesel,145,37.7,3.0
 2 Series,2019,25974,Semi-Auto,3602,Diesel,145,52.3,2.0
 X1,2019,32084,Manual,1000,Diesel,145,68.9,2.0
 X5,2020,80574,Semi-Auto,3968,Diesel,145,33.6,3.0
 Z4,2020,41574,Semi-Auto,1000,Petrol,145,38.7,2.0
 X1,2019,31174,Manual,4649,Diesel,145,68.9,2.0
 X1,2019,38324,Automatic,4523,Diesel,145,36.7,2.0
 X1,2019,37414,Manual,1000,Diesel,145,48.7,2.0
 X5,2019,64974,Semi-Auto,8143,Diesel,150,37.7,3.0
 2 Series,2019,27014,Manual,2896,Petrol,150,52.3,1.5
 2 Series,2019,27274,Semi-Auto,3334,Petrol,145,50.4,1.5
 8 Series,2019,72774,Automatic,10000,Diesel,145,40.4,3.0
 1 Series,2018,19474,Semi-Auto,22368,Petrol,145,55.5,1.5
 X3,2015,24674,Semi-Auto,33122,Diesel,205,47.9,3.0
 1 Series,2019,33774,Semi-Auto,100,Diesel,145,51.4,2.0
 X3,2018,49114,Semi-Auto,16509,Petrol,150,34.5,3.0
 3 Series,2015,17238,Automatic,69820,Petrol,145,48.7,2.0
 5 Series,2016,18811,Semi-Auto,51030,Diesel,30,62.8,2.0
 1 Series,2018,18849,Manual,19947,Petrol,145,53.3,1.5
 3 Series,2016,19499,Automatic,70054,Hybrid,0,148.7,2.0
 X1,2014,16899,Automatic,41200,Diesel,160,52.3,2.0
 5 Series,2017,31199,Automatic,28628,Diesel,145,65.7,2.0
 2 Series,2017,24699,Semi-Auto,25244,Diesel,145,65.7,2.0
 7 Series,2017,38999,Automatic,36500,Diesel,145,57.6,3.0
 1 Series,2018,20149,Manual,20814,Petrol,145,53.3,1.5
 4 Series,2017,23713,Automatic,29322,Diesel,145,60.1,2.0
 2 Series,2019,27014,Semi-Auto,105,Petrol,145,50.4,1.5
 5 Series,2019,38792,Semi-Auto,101,Diesel,145,62.8,2.0
 5 Series,2019,40924,Semi-Auto,105,Petrol,145,48.7,2.0
 3 Series,2019,40274,Semi-Auto,105,Diesel,145,52.3,2.0
 X1,2016,24434,Manual,12370,Diesel,125,58.9,2.0
 X5,2019,69934,Semi-Auto,4792,Diesel,145,37.7,3.0
 X2,2019,48094,Semi-Auto,6523,Petrol,145,34.0,2.0
 3 Series,2019,35672,Semi-Auto,1700,Diesel,145,52.3,2.0
 4 Series,2019,35022,Semi-Auto,101,Diesel,145,65.7,2.0
 3 Series,2019,39624,Semi-Auto,4609,Diesel,145,49.6,2.0
 X3,2019,47372,Semi-Auto,105,Diesel,145,54.3,2.0
 X2,2019,33592,Semi-Auto,105,Diesel,145,50.4,2.0
 2 Series,2019,23374,Manual,1501,Diesel,145,55.4,2.0
 2 Series,2020,34444,Semi-Auto,10,Petrol,145,40.9,1.5
 3 Series,2020,48094,Semi-Auto,1523,Diesel,145,50.4,2.0
 X1,2017,25994,Semi-Auto,40779,Diesel,145,55.4,2.0
 5 Series,2016,23394,Semi-Auto,19154,Petrol,145,47.1,2.0
 X1,2019,32142,Manual,20,Petrol,145,52.3,1.5
 3 Series,2019,38994,Semi-Auto,1798,Petrol,145,42.2,2.0
 X1,2019,37694,Automatic,4237,Diesel,145,36.7,2.0
 3 Series,2019,46794,Automatic,3306,Diesel,145,49.6,2.0
 2 Series,2019,32494,Automatic,29,Diesel,145,51.4,2.0
 1 Series,2019,31194,Semi-Auto,1527,Petrol,145,43.5,1.5
 5 Series,2013,14014,Semi-Auto,84842,Diesel,145,55.4,2.0
 1 Series,2015,14157,Semi-Auto,39157,Diesel,20,72.4,1.5
 3 Series,2018,25344,Manual,30815,Diesel,145,64.2,2.0
 Z4,2019,42894,Automatic,11,Petrol,145,38.7,2.0
 4 Series,2019,36322,Automatic,7102,Diesel,145,58.9,2.0
 X1,2019,42244,Automatic,6,Diesel,145,52.3,2.0
 X1,2019,37694,Semi-Auto,202,Diesel,150,60.1,2.0
 X3,2019,41594,Semi-Auto,4899,Petrol,145,30.4,2.0
 5 Series,2019,39001,Semi-Auto,13000,Hybrid,140,156.9,2.0
 X3,2017,33801,Semi-Auto,21000,Diesel,145,54.3,2.0
 3 Series,2013,14301,Manual,61000,Diesel,125,58.9,2.0
 3 Series,2016,20411,Semi-Auto,59737,Diesel,145,53.3,3.0
 3 Series,2015,18201,Semi-Auto,44237,Diesel,125,57.6,2.0
 1 Series,2013,11699,Manual,31128,Diesel,30,62.8,2.0
 2 Series,2020,42894,Semi-Auto,10,Petrol,145,36.2,2.0
 3 Series,2019,38994,Automatic,5611,Diesel,145,52.3,2.0
 5 Series,2016,19435,Automatic,49650,Diesel,30,62.8,2.0
 5 Series,2016,21203,Semi-Auto,47640,Diesel,160,51.4,3.0
 2 Series,2016,17290,Semi-Auto,45030,Diesel,30,67.3,2.0
 3 Series,2017,24297,Automatic,40097,Diesel,145,64.2,2.0
 4 Series,2017,29900,Automatic,13940,Diesel,145,49.6,3.0
 3 Series,2017,26442,Semi-Auto,34390,Diesel,160,51.4,3.0
 4 Series,2017,22646,Semi-Auto,47470,Diesel,125,60.1,2.0
 4 Series,2016,17017,Semi-Auto,59907,Diesel,30,65.7,2.0
 6 Series,2015,25987,Semi-Auto,40500,Diesel,165,49.6,3.0
 3 Series,2015,15587,Manual,78053,Petrol,160,44.8,2.0
 3 Series,2016,16244,Semi-Auto,63162,Diesel,0,74.3,2.0
 X5,2016,31118,Automatic,74141,Diesel,200,47.1,3.0
 3 Series,2017,23843,Semi-Auto,51260,Diesel,150,53.3,3.0
 3 Series,2016,22811,Automatic,13969,Hybrid,0,134.5,2.0
 1 Series,2015,15237,Manual,40057,Diesel,30,65.7,2.0
 1 Series,2017,20796,Automatic,21285,Diesel,30,65.7,2.0
 2 Series,2018,23778,Semi-Auto,10028,Petrol,145,47.9,2.0
 X5,2017,42888,Automatic,16893,Diesel,145,47.1,3.0
 1 Series,2015,11245,Manual,75638,Petrol,145,50.4,1.6
 1 Series,2015,12975,Manual,71119,Diesel,30,62.8,2.0
 1 Series,2013,15263,Semi-Auto,57000,Diesel,125,60.1,2.0
 3 Series,2016,20138,Semi-Auto,42328,Diesel,30,62.8,2.0
 X6,2019,68894,Semi-Auto,3455,Diesel,150,34.9,3.0
 5 Series,2019,33085,Automatic,11525,Petrol,145,50.4,2.0
 2 Series,2016,19344,Manual,29370,Petrol,125,53.3,1.5
 3 Series,2016,22243,Semi-Auto,16923,Diesel,125,60.1,2.0
 5 Series,2016,15977,Manual,65747,Diesel,125,58.9,2.0
 3 Series,2014,20397,Semi-Auto,45212,Diesel,150,54.3,3.0
 5 Series,2015,18200,Semi-Auto,52281,Diesel,30,62.8,2.0
 X3,2018,35094,Semi-Auto,15000,Petrol,145,30.4,2.0
 1 Series,2018,18844,Manual,24000,Petrol,145,53.3,1.5
 i3,2017,25344,Automatic,17338,Hybrid,135,470.8,0.0
 X1,2019,33794,Manual,1501,Petrol,150,51.4,1.5
 3 Series,2020,40294,Semi-Auto,3872,Petrol,150,42.2,2.0
 M4,2019,70194,Semi-Auto,3452,Petrol,150,34.0,3.0
 3 Series,2019,38987,Manual,16,Diesel,150,54.3,2.0
 2 Series,2016,19494,Semi-Auto,12662,Petrol,125,50.4,2.0
 1 Series,2018,32494,Semi-Auto,12386,Petrol,150,39.8,3.0
 2 Series,2016,24694,Semi-Auto,29707,Petrol,205,43.5,2.0
 X3,2015,22097,Semi-Auto,71194,Diesel,150,54.3,2.0
 i3,2015,22725,Automatic,9886,Hybrid,0,470.8,0.0
 3 Series,2013,14574,Semi-Auto,88400,Diesel,125,58.9,2.0
 3 Series,2015,22738,Semi-Auto,44700,Petrol,265,37.2,3.0
 X3,2019,41392,Semi-Auto,5687,Diesel,145,54.3,2.0
 1 Series,2019,31122,Manual,101,Petrol,145,41.5,1.5
 5 Series,2019,37245,Semi-Auto,105,Diesel,145,60.1,2.0
 2 Series,2020,29874,Semi-Auto,1550,Petrol,145,38.7,1.5
 X5,2020,67444,Semi-Auto,1501,Diesel,145,37.7,3.0
 3 Series,2020,42822,Semi-Auto,1550,Diesel,145,50.4,2.0
 X3,2017,27924,Semi-Auto,34824,Diesel,145,54.3,2.0
 2 Series,2019,25961,Manual,5076,Petrol,145,52.3,1.5
 1 Series,2016,13021,Manual,45919,Petrol,125,53.3,1.5
 3 Series,2014,16012,Automatic,49998,Diesel,145,57.6,2.0
 X3,2014,17355,Automatic,60850,Diesel,160,50.4,2.0
 1 Series,2016,17494,Automatic,36670,Diesel,20,68.9,1.5
 1 Series,2017,25038,Semi-Auto,29997,Petrol,200,39.8,3.0
 3 Series,2013,10388,Manual,75000,Diesel,20,68.9,2.0
 3 Series,2014,11688,Semi-Auto,81641,Diesel,20,68.9,2.0
 3 Series,2014,18058,Semi-Auto,28173,Diesel,125,58.9,2.0
 3 Series,2017,23374,Semi-Auto,32181,Diesel,150,57.6,2.0
 4 Series,2015,21424,Automatic,31935,Diesel,30,65.7,2.0
 3 Series,2019,37024,Semi-Auto,3838,Diesel,150,48.7,2.0
 1 Series,2017,23004,Automatic,4632,Petrol,145,54.3,1.5
 X3,2019,46794,Semi-Auto,5904,Petrol,145,30.4,2.0
 X3,2019,46794,Semi-Auto,3986,Petrol,145,30.4,2.0
 X3,2019,45494,Automatic,6123,Diesel,145,54.3,2.0
 3 Series,2019,39644,Automatic,8,Diesel,145,50.4,2.0
 X1,2019,35074,Semi-Auto,6744,Petrol,150,39.2,2.0
 X5,2019,77974,Semi-Auto,9257,Diesel,150,33.6,3.0
 3 Series,2017,29224,Semi-Auto,31421,Diesel,150,53.3,3.0
 2 Series,2017,24278,Automatic,13475,Diesel,145,62.8,2.0
 1 Series,2013,14294,Semi-Auto,32514,Diesel,30,64.2,2.0
 X1,2015,22094,Automatic,33184,Diesel,125,60.1,2.0
 3 Series,2017,17934,Manual,15467,Petrol,145,48.7,2.0
 1 Series,2015,15925,Manual,34473,Petrol,125,52.3,1.5
 1 Series,2016,15458,Manual,42964,Diesel,20,70.6,1.5
 2 Series,2019,29894,Automatic,1247,Diesel,145,68.9,2.0
 1 Series,2019,38994,Semi-Auto,4628,Petrol,145,34.5,2.0
 2 Series,2016,19494,Automatic,59634,Diesel,145,55.4,2.0
 X1,2016,20794,Manual,46907,Diesel,125,58.9,2.0
 X7,2020,84494,Semi-Auto,3452,Diesel,150,33.6,3.0
 X1,2019,37694,Semi-Auto,4524,Petrol,150,40.9,1.5
 X1,2019,38994,Semi-Auto,2701,Petrol,150,39.8,2.0
 X5,2019,61094,Semi-Auto,5187,Diesel,145,37.7,3.0
 3 Series,2017,23394,Manual,20438,Diesel,30,64.2,2.0
 5 Series,2016,25344,Semi-Auto,74836,Diesel,200,47.9,3.0
 X1,2019,36394,Semi-Auto,4663,Petrol,145,37.7,1.5
 1 Series,2015,16894,Semi-Auto,19022,Petrol,30,58.9,1.5
 2 Series,2016,21444,Semi-Auto,23604,Petrol,30,55.4,1.5
 3 Series,2016,23394,Semi-Auto,70538,Diesel,160,51.4,3.0
 5 Series,2016,23394,Semi-Auto,52511,Diesel,125,60.1,2.0
 5 Series,2018,32497,Semi-Auto,21756,Diesel,150,60.1,2.0
 X1,2018,25737,Semi-Auto,5666,Petrol,150,46.3,1.5
 1 Series,2018,24307,Semi-Auto,9312,Diesel,150,65.7,2.0
 4 Series,2017,24674,Semi-Auto,31250,Diesel,150,65.7,2.0
 4 Series,2018,35074,Semi-Auto,11612,Petrol,150,41.5,3.0
 1 Series,2018,22724,Manual,20376,Petrol,150,52.3,1.5
 1 Series,2017,24674,Semi-Auto,42660,Petrol,150,39.8,3.0
 4 Series,2018,35074,Semi-Auto,6173,Petrol,150,41.5,3.0
 1 Series,2016,16874,Manual,18229,Petrol,125,53.3,1.5
 2 Series,2016,18824,Semi-Auto,19821,Diesel,30,64.2,2.0
 2 Series,2019,28574,Semi-Auto,7594,Diesel,150,51.4,2.0
 2 Series,2019,27274,Semi-Auto,7494,Petrol,150,50.4,2.0
 5 Series,2019,37674,Semi-Auto,3445,Diesel,150,60.1,2.0
 X3,2019,44174,Semi-Auto,9067,Diesel,150,54.3,2.0
 4 Series,2019,32162,Semi-Auto,101,Diesel,145,60.1,2.0
 4 Series,2019,35724,Semi-Auto,6196,Diesel,145,50.4,3.0
 3 Series,2019,33761,Semi-Auto,1501,Diesel,145,52.3,2.0
 2 Series,2017,17287,Semi-Auto,24536,Diesel,20,68.9,2.0
 3 Series,2013,10787,Manual,63636,Diesel,20,68.9,2.0
 2 Series,2018,22747,Semi-Auto,22480,Petrol,145,50.4,1.5
 1 Series,2017,26387,Semi-Auto,31934,Petrol,200,39.8,3.0
 2 Series,2017,20797,Semi-Auto,32377,Diesel,145,65.7,2.0
 3 Series,2014,15597,Semi-Auto,59752,Petrol,205,43.5,2.0
 2 Series,2017,22744,Semi-Auto,35128,Diesel,150,55.4,2.0
 1 Series,2019,24024,Manual,5501,Diesel,150,70.6,1.5
 X5,2019,61074,Semi-Auto,2062,Diesel,150,37.7,3.0
 4 Series,2019,33774,Semi-Auto,4963,Petrol,150,45.6,2.0
 1 Series,2019,29874,Semi-Auto,5166,Petrol,150,40.4,1.5
 4 Series,2019,29874,Semi-Auto,8672,Diesel,150,65.7,2.0
 5 Series,2019,36374,Semi-Auto,5171,Diesel,150,65.7,2.0
 5 Series,2017,35074,Semi-Auto,24891,Diesel,145,53.3,3.0
 5 Series,2018,31174,Semi-Auto,19203,Diesel,145,65.7,2.0
 3 Series,2018,31174,Semi-Auto,11717,Diesel,145,57.7,2.0
 1 Series,2019,21424,Manual,1501,Diesel,145,68.9,2.0
 1 Series,2019,21372,Manual,1501,Diesel,145,72.4,1.5
 3 Series,2019,35672,Semi-Auto,15639,Diesel,145,52.3,2.0
 1 Series,2019,21372,Manual,13461,Diesel,145,72.4,1.5
 1 Series,2019,21294,Manual,101,Petrol,145,53.3,1.5
 4 Series,2019,32461,Semi-Auto,101,Petrol,145,45.6,2.0
 1 Series,2020,32344,Manual,1550,Diesel,145,53.3,2.0
 6 Series,2017,36172,Semi-Auto,20643,Diesel,145,51.4,3.0
 2 Series,2016,22744,Manual,31000,Petrol,260,36.2,3.0
 7 Series,2019,49399,Semi-Auto,19423,Diesel,150,54.3,3.0
 2 Series,2019,28574,Semi-Auto,5936,Petrol,145,50.4,2.0
 2 Series,2019,28574,Semi-Auto,7315,Petrol,145,50.4,2.0
 2 Series,2014,12324,Manual,46498,Diesel,20,68.9,2.0
 2 Series,2019,29224,Semi-Auto,1000,Petrol,150,50.4,1.5
 5 Series,2019,42874,Semi-Auto,8188,Diesel,150,51.4,3.0
 5 Series,2019,33774,Semi-Auto,5389,Petrol,150,36.2,2.0
 5 Series,2019,41574,Automatic,1980,Petrol,145,48.7,2.0
 X5,2016,35744,Automatic,57908,Hybrid,0,85.6,2.0
 i3,2015,20147,Automatic,33931,Hybrid,0,470.8,0.0
 6 Series,2015,27687,Automatic,25757,Diesel,160,49.6,3.0
 5 Series,2017,29897,Semi-Auto,27395,Diesel,145,60.1,2.0
 5 Series,2015,20797,Semi-Auto,44436,Diesel,145,53.3,3.0
 7 Series,2014,27947,Semi-Auto,24528,Petrol,300,32.8,4.4
 X3,2019,45474,Semi-Auto,2311,Diesel,145,54.3,2.0
 3 Series,2014,14924,Manual,60301,Diesel,30,61.4,2.0
 5 Series,2015,22074,Semi-Auto,36257,Diesel,145,53.3,3.0
 X1,2019,32474,Semi-Auto,5218,Petrol,145,35.3,2.0
 X1,2019,30810,Semi-Auto,5756,Diesel,145,60.1,2.0
 X2,2019,35100,Semi-Auto,4724,Diesel,145,58.9,2.0
 1 Series,2019,38974,Automatic,3768,Diesel,145,48.7,2.0
 5 Series,2019,47424,Automatic,6552,Diesel,145,53.3,3.0
 4 Series,2019,35074,Automatic,101,Petrol,145,48.7,2.0
 5 Series,2019,40274,Automatic,102,Petrol,145,50.4,2.0
 5 Series,2019,42874,Automatic,101,Petrol,145,50.4,2.0
 M4,2019,54574,Semi-Auto,101,Petrol,145,34.0,3.0
 M4,2019,54574,Semi-Auto,101,Petrol,145,34.0,3.0
 M4,2019,54574,Semi-Auto,101,Petrol,145,34.0,3.0
 X4,2019,53274,Automatic,2526,Petrol,145,26.9,3.0
 X3,2019,62374,Automatic,5801,Diesel,145,48.7,3.0
 X5,2019,63674,Semi-Auto,9591,Diesel,145,37.7,3.0
 4 Series,2019,40924,Automatic,5757,Diesel,145,47.9,3.0
 M3,2018,49388,Manual,18311,Petrol,150,32.1,3.0
 X3,2017,30267,Semi-Auto,30505,Diesel,145,54.3,2.0
 X5,2019,58240,Semi-Auto,12587,Diesel,145,37.7,3.0
 5 Series,2017,27846,Semi-Auto,31569,Diesel,145,65.7,2.0
 2 Series,2019,25974,Manual,5701,Diesel,145,64.2,2.0
 3 Series,2018,29874,Semi-Auto,18286,Diesel,145,56.5,3.0
 5 Series,2017,31824,Semi-Auto,49329,Diesel,145,60.1,3.0
 2 Series,2019,27274,Manual,1000,Petrol,145,52.3,1.5
 2 Series,2019,27274,Manual,1000,Petrol,145,52.3,1.5
 2 Series,2019,27274,Manual,1000,Petrol,145,52.3,1.5
 5 Series,2019,35737,Semi-Auto,7000,Petrol,145,50.4,2.0
 Z4,2020,66040,Semi-Auto,1142,Petrol,145,33.2,3.0
 3 Series,2019,36920,Semi-Auto,7954,Diesel,145,49.6,3.0
 i8,2014,56546,Automatic,41237,Hybrid,0,134.5,1.5
 M5,2019,84500,Semi-Auto,4800,Petrol,145,26.9,4.4
 1 Series,2016,17238,Manual,20702,Diesel,30,65.7,2.0
 X1,2019,32500,Manual,110,Diesel,145,60.1,2.0
 3 Series,2015,18967,Semi-Auto,71902,Diesel,125,57.6,2.0
 4 Series,2019,40924,Automatic,6035,Diesel,145,50.4,3.0
 1 Series,2019,27924,Semi-Auto,8151,Petrol,145,47.9,2.0
 1 Series,2016,17914,Manual,29993,Diesel,20,70.6,1.5
 3 Series,2019,32474,Automatic,7249,Petrol,145,46.3,2.0
 4 Series,2019,36374,Semi-Auto,8523,Diesel,145,50.4,3.0
 2 Series,2019,28184,Semi-Auto,8994,Petrol,145,47.9,2.0
 3 Series,2019,37323,Semi-Auto,4568,Diesel,145,52.3,2.0
 X3,2019,72800,Semi-Auto,4187,Petrol,145,24.8,3.0
 X5,2014,30624,Automatic,58577,Diesel,200,45.6,3.0
 X4,2019,44200,Semi-Auto,8515,Diesel,145,42.8,2.0
 3 Series,2019,32500,Semi-Auto,19470,Diesel,145,51.4,3.0
 1 Series,2019,50122,Semi-Auto,2195,Petrol,145,34.5,2.0
 1 Series,2019,35770,Semi-Auto,3260,Petrol,145,42.8,1.5
 X4,2019,51935,Semi-Auto,5491,Petrol,145,26.9,3.0
 1 Series,2018,20328,Manual,18021,Petrol,145,37.7,1.5
 5 Series,2019,57447,Semi-Auto,6187,Petrol,145,37.7,3.0
 M3,2015,38988,Semi-Auto,41500,Petrol,305,34.0,3.0
 1 Series,2019,28574,Manual,2921,Petrol,145,44.1,1.5
 1 Series,2019,28574,Manual,2630,Petrol,145,44.1,1.5
 X3,2019,44174,Semi-Auto,7861,Diesel,145,54.3,2.0
 3 Series,2018,33124,Semi-Auto,14951,Petrol,145,41.5,3.0
 1 Series,2016,16323,Manual,39726,Diesel,20,72.4,1.5
 5 Series,2015,25579,Semi-Auto,37749,Diesel,160,49.6,3.0
 3 Series,2017,24661,Semi-Auto,35269,Diesel,145,56.5,3.0
 1 Series,2019,27924,Semi-Auto,7796,Petrol,145,47.9,2.0
 3 Series,2019,33124,Automatic,9839,Diesel,145,57.7,2.0
 3 Series,2019,37674,Semi-Auto,7851,Petrol,145,42.2,2.0
 4 Series,2016,25974,Semi-Auto,17117,Diesel,160,52.3,3.0
 7 Series,2020,75374,Semi-Auto,3301,Diesel,145,41.5,3.0
 5 Series,2020,44174,Semi-Auto,1175,Diesel,145,62.8,2.0
 5 Series,2019,49374,Automatic,5265,Diesel,145,51.4,3.0
 3 Series,2018,28346,Semi-Auto,28013,Diesel,145,53.3,3.0
 1 Series,2019,27937,Semi-Auto,7801,Petrol,145,47.9,2.0
 X5,2019,62335,Semi-Auto,1080,Petrol,145,27.2,3.0
 X3,2020,66814,Semi-Auto,171,Diesel,145,48.7,3.0
 3 Series,2020,57161,Semi-Auto,1381,Petrol,145,41.5,2.0
 X4,2019,51324,Automatic,3201,Diesel,145,40.4,3.0
 3 Series,2018,25720,Semi-Auto,30187,Diesel,145,62.8,2.0
 X5,2016,34463,Automatic,66246,Diesel,200,47.1,3.0
 X3,2017,32488,Semi-Auto,27125,Diesel,150,54.3,2.0
 3 Series,2016,16888,Manual,37594,Diesel,30,62.8,2.0
 5 Series,2015,17862,Semi-Auto,56753,Diesel,30,62.8,2.0
 4 Series,2020,33089,Semi-Auto,2540,Diesel,145,65.7,2.0
 4 Series,2017,27228,Semi-Auto,34764,Diesel,145,52.3,3.0
 4 Series,2019,30524,Automatic,6771,Petrol,145,48.7,2.0
 1 Series,2019,29874,Manual,3744,Petrol,145,44.1,1.5
 3 Series,2020,42874,Semi-Auto,1001,Diesel,145,50.4,2.0
 3 Series,2020,42874,Semi-Auto,1000,Diesel,145,50.4,2.0
 3 Series,2020,42874,Semi-Auto,1000,Diesel,145,50.4,2.0
 2 Series,2017,29874,Semi-Auto,18688,Petrol,145,39.8,3.0
 2 Series,2016,19474,Semi-Auto,43774,Diesel,30,64.2,2.0
 X5,2019,65624,Automatic,6215,Diesel,145,37.7,3.0
 X6,2019,53274,Automatic,4155,Diesel,145,44.8,3.0
 2 Series,2019,28574,Automatic,2728,Petrol,145,50.4,2.0
 3 Series,2019,42874,Automatic,2561,Diesel,145,49.6,2.0
 2 Series,2019,45435,Manual,3254,Diesel,145,54.3,1.5
 4 Series,2019,31824,Automatic,3106,Diesel,145,65.7,2.0
 X3,2019,40105,Semi-Auto,14260,Petrol,145,30.4,2.0
 1 Series,2017,18365,Manual,43655,Diesel,20,68.9,2.0
 5 Series,2017,27170,Semi-Auto,40910,Diesel,145,65.7,2.0
 5 Series,2017,29504,Semi-Auto,14563,Diesel,145,65.7,2.0
 1 Series,2017,17570,Manual,49335,Diesel,145,68.9,2.0
 5 Series,2016,25181,Semi-Auto,47937,Diesel,160,51.4,3.0
 1 Series,2016,18286,Manual,19023,Diesel,20,68.9,2.0
 5 Series,2018,31980,Semi-Auto,20000,Diesel,150,68.9,2.0
 M4,2017,38988,Semi-Auto,60584,Petrol,150,34.0,3.0
 1 Series,2018,30538,Manual,12139,Petrol,150,36.2,3.0
 3 Series,2020,57616,Semi-Auto,160,Diesel,145,49.6,2.0
 5 Series,2020,71298,Semi-Auto,450,Diesel,145,60.1,3.0
 5 Series,2019,32487,Semi-Auto,6486,Diesel,145,62.8,2.0
 X1,2017,27235,Semi-Auto,31834,Petrol,160,44.8,2.0
 M4,2019,59800,Semi-Auto,1921,Petrol,145,32.5,3.0
 2 Series,2015,24688,Semi-Auto,57003,Petrol,260,37.2,3.0
 1 Series,2017,28340,Semi-Auto,16166,Petrol,145,39.8,3.0
 5 Series,2019,40288,Semi-Auto,2435,Hybrid,135,156.9,2.0
 1 Series,2017,22094,Semi-Auto,23426,Petrol,145,47.9,2.0
 1 Series,2015,21444,Semi-Auto,22886,Diesel,125,61.4,2.0
 3 Series,2019,35099,Semi-Auto,9000,Diesel,145,52.3,2.0
 3 Series,2015,21189,Manual,24331,Petrol,200,41.5,2.0
 4 Series,2016,25999,Semi-Auto,8147,Diesel,30,65.7,2.0
 6 Series,2016,29250,Semi-Auto,39950,Diesel,205,49.6,3.0
 1 Series,2019,23374,Manual,7103,Diesel,145,70.6,1.5
 2 Series,2019,29835,Semi-Auto,3660,Diesel,145,61.4,2.0
 3 Series,2019,31824,Semi-Auto,298,Diesel,145,53.3,2.0
 1 Series,2019,25025,Semi-Auto,5298,Diesel,145,67.3,2.0
 3 Series,2016,20788,Semi-Auto,53331,Diesel,30,64.2,2.0
 X4,2019,47970,Semi-Auto,12855,Diesel,145,40.4,3.0
 X5,2019,66625,Semi-Auto,3658,Diesel,145,37.7,3.0
 X6,2016,57408,Semi-Auto,25684,Petrol,570,25.4,4.4
 1 Series,2018,29016,Semi-Auto,21341,Petrol,145,32.5,3.0
 3 Series,2017,35737,Semi-Auto,25632,Diesel,145,49.6,3.0
 4 Series,2017,25988,Semi-Auto,32351,Diesel,160,52.3,3.0
 2 Series,2015,24882,Semi-Auto,12117,Petrol,260,35.8,3.0
 2 Series,2016,21125,Semi-Auto,37014,Diesel,125,57.6,2.0
 M4,2018,45488,Semi-Auto,17923,Petrol,145,34.0,3.0
 3 Series,2017,22100,Semi-Auto,22639,Petrol,150,48.7,2.0
 2 Series,2018,25994,Semi-Auto,26101,Diesel,150,60.1,2.0
 M4,2018,72788,Semi-Auto,4000,Petrol,145,33.6,3.0
 X5,2019,76700,Semi-Auto,3276,Diesel,145,33.6,3.0
 4 Series,2019,37700,Semi-Auto,2963,Diesel,145,60.1,2.0
 8 Series,2019,71488,Semi-Auto,8966,Petrol,145,33.6,3.0
 4 Series,2018,35100,Semi-Auto,14519,Diesel,145,50.4,3.0
 M2,2019,49387,Semi-Auto,19548,Petrol,145,29.1,3.0
 1 Series,2016,14949,Manual,25000,Diesel,20,70.6,1.5
 4 Series,2015,22744,Semi-Auto,12836,Diesel,30,65.7,2.0
 X5,2016,35094,Automatic,46126,Diesel,200,47.1,3.0
 2 Series,2018,22744,Automatic,10526,Petrol,145,40.9,1.5
 X3,2016,27288,Semi-Auto,28737,Diesel,150,54.3,2.0
 5 Series,2015,20787,Semi-Auto,17324,Diesel,30,62.8,2.0
 3 Series,2018,27794,Semi-Auto,6641,Petrol,145,48.7,2.0
 2 Series,2019,25935,Semi-Auto,8973,Diesel,145,49.6,2.0
 X3,2017,36374,Semi-Auto,14130,Diesel,150,48.7,3.0
 4 Series,2016,22854,Semi-Auto,29387,Petrol,165,44.8,2.0
 1 Series,2017,20137,Semi-Auto,57796,Diesel,150,67.3,2.0
 1 Series,2017,19864,Manual,10191,Diesel,150,68.9,2.0
 7 Series,2019,50674,Semi-Auto,11126,Diesel,150,58.9,3.0
 X2,2019,35035,Semi-Auto,7989,Petrol,150,39.2,2.0
 M4,2019,59722,Semi-Auto,3447,Petrol,145,34.0,3.0
 1 Series,2018,22464,Semi-Auto,20033,Diesel,145,67.3,2.0
 X2,2019,28600,Manual,4931,Petrol,145,41.5,1.5
 2 Series,2019,31967,Semi-Auto,3300,Diesel,145,48.7,2.0
 5 Series,2019,37453,Semi-Auto,5211,Diesel,145,65.7,2.0
 3 Series,2019,32500,Semi-Auto,3932,Diesel,145,62.8,2.0
 2 Series,2020,37252,Manual,3297,Petrol,145,52.3,1.5
 X2,2020,44668,Semi-Auto,835,Petrol,145,38.7,2.0
 X1,2020,45552,Semi-Auto,562,Diesel,145,60.1,2.0
 3 Series,2013,16224,Semi-Auto,37603,Diesel,30,62.8,2.0
 2 Series,2019,24024,Semi-Auto,5356,Petrol,145,42.2,1.5
 3 Series,2019,31174,Manual,2926,Diesel,145,56.5,2.0
 1 Series,2017,17784,Manual,24780,Petrol,145,53.3,1.5
 X3,2014,25532,Semi-Auto,80078,Diesel,200,47.1,3.0
 2 Series,2018,24428,Semi-Auto,11984,Petrol,145,48.7,2.0
 i8,2019,84175,Automatic,2277,Hybrid,140,141.2,1.5
 1 Series,2019,29822,Semi-Auto,1320,Petrol,150,40.4,1.5
 4 Series,2019,32461,Semi-Auto,4415,Petrol,145,45.6,2.0
 1 Series,2019,25025,Semi-Auto,6173,Diesel,145,67.3,2.0
 Z4,2019,50505,Semi-Auto,1561,Petrol,150,33.2,3.0
 X2,2019,35022,Semi-Auto,6055,Diesel,150,58.9,2.0
 X2,2018,29900,Semi-Auto,10342,Petrol,145,39.2,2.0
 1 Series,2017,22094,Automatic,13552,Diesel,145,68.9,1.5
 1 Series,2016,15574,Manual,49629,Petrol,125,53.3,1.5
 3 Series,2019,36322,Semi-Auto,4916,Petrol,145,45.6,2.0
 1 Series,2019,23972,Semi-Auto,7561,Diesel,145,47.9,1.5
 5 Series,2020,34385,Semi-Auto,25,Diesel,145,65.7,2.0
 X1,2019,33774,Semi-Auto,8083,Diesel,145,60.1,2.0
 4 Series,2019,37661,Semi-Auto,11075,Diesel,145,50.4,3.0
 5 Series,2019,36894,Semi-Auto,6,Diesel,145,65.7,2.0
 3 Series,2019,33722,Semi-Auto,7726,Diesel,145,53.3,2.0
 X2,2019,38974,Semi-Auto,9882,Petrol,145,34.0,2.0
 3 Series,2017,22737,Semi-Auto,29009,Diesel,150,64.2,2.0
 X5,2014,31824,Automatic,66088,Diesel,205,47.1,3.0
 3 Series,2018,22477,Semi-Auto,8988,Diesel,150,68.9,2.0
 3 Series,2018,31564,Semi-Auto,20606,Petrol,150,46.3,2.0
 2 Series,2017,20124,Manual,23430,Petrol,150,55.4,1.5
 X2,2019,35022,Semi-Auto,6659,Diesel,150,58.9,2.0
 5 Series,2019,36075,Semi-Auto,500,Hybrid,145,49.6,2.0
 5 Series,2019,32474,Semi-Auto,5196,Diesel,145,65.7,2.0
 X3,2019,41522,Semi-Auto,4238,Petrol,145,30.4,2.0
 3 Series,2020,37674,Semi-Auto,892,Petrol,145,42.2,2.0
 X3,2020,44772,Semi-Auto,105,Diesel,145,54.3,2.0
 X2,2020,34905,Semi-Auto,105,Diesel,145,50.4,2.0
 3 Series,2019,42822,Semi-Auto,7258,Diesel,145,49.6,2.0
 3 Series,2015,23387,Semi-Auto,31835,Diesel,145,56.5,3.0
 1 Series,2017,25584,Semi-Auto,15385,Diesel,145,61.4,2.0
 5 Series,2015,28414,Semi-Auto,44183,Diesel,160,49.6,3.0
 5 Series,2017,37596,Semi-Auto,22158,Diesel,145,51.4,3.0
 X5,2019,61088,Semi-Auto,7260,Diesel,145,37.7,3.0
 X5,2019,61088,Semi-Auto,8778,Diesel,145,37.7,3.0
 1 Series,2019,38974,Semi-Auto,5369,Petrol,150,34.5,2.0
 2 Series,2018,24557,Semi-Auto,13472,Petrol,145,50.4,1.5
 2 Series,2016,18197,Manual,18807,Diesel,20,74.3,1.5
 2 Series,2018,22097,Semi-Auto,9511,Petrol,150,50.4,2.0
 X5,2019,61672,Semi-Auto,9415,Diesel,145,37.7,3.0
 3 Series,2019,39845,Automatic,7491,Petrol,145,41.5,2.0
 X3,2019,44772,Semi-Auto,105,Diesel,145,54.3,2.0
 3 Series,2013,13013,Semi-Auto,58916,Diesel,30,65.7,2.0
 3 Series,2014,14912,Manual,24904,Petrol,165,44.8,2.0
 1 Series,2017,27947,Manual,16273,Petrol,145,36.2,3.0
 3 Series,2017,17287,Semi-Auto,60406,Diesel,145,74.3,2.0
 3 Series,2017,17287,Semi-Auto,75418,Diesel,0,74.3,2.0
 1 Series,2017,25737,Semi-Auto,35403,Petrol,145,39.8,3.0
 X1,2017,26338,Semi-Auto,21320,Diesel,145,57.6,2.0
 3 Series,2014,15704,Automatic,76587,Diesel,125,57.6,3.0
 2 Series,2018,21541,Manual,16404,Diesel,145,64.2,2.0
 3 Series,2015,11298,Manual,73017,Diesel,20,68.9,2.0
 X7,2019,90922,Automatic,2689,Diesel,145,33.6,3.0
 4 Series,2019,33605,Semi-Auto,101,Petrol,145,48.7,2.0
 1 Series,2019,21294,Manual,5997,Petrol,145,53.3,1.5
 4 Series,2015,23374,Manual,38500,Petrol,300,34.9,3.0
 2 Series,2019,28444,Semi-Auto,1853,Petrol,145,40.9,1.5
 2 Series,2019,28574,Semi-Auto,6093,Petrol,145,50.4,2.0
 1 Series,2019,25922,Semi-Auto,2635,Petrol,145,54.3,1.5
 3 Series,2013,12988,Semi-Auto,58974,Diesel,30,62.8,2.0
 X1,2016,24694,Automatic,14496,Diesel,125,57.6,2.0
 1 Series,2019,22724,Manual,15953,Petrol,145,52.3,1.5
 5 Series,2017,40235,Semi-Auto,20564,Petrol,145,37.7,3.0
 4 Series,2017,25272,Semi-Auto,19025,Diesel,125,60.1,2.0
 1 Series,2019,29822,Manual,5170,Petrol,145,41.5,1.5
 X5,2017,37674,Automatic,24749,Diesel,145,50.4,2.0
 3 Series,2018,22074,Semi-Auto,31500,Diesel,145,74.3,2.0
 3 Series,2019,33794,Semi-Auto,9913,Diesel,145,57.7,2.0
 3 Series,2019,35094,Semi-Auto,9698,Diesel,145,53.3,2.0
 5 Series,2019,45494,Semi-Auto,6523,Diesel,145,56.5,3.0
 2 Series,2019,36394,Automatic,1501,Hybrid,135,113.0,1.5
 4 Series,2019,37694,Semi-Auto,10000,Diesel,145,65.7,2.0
 X3,2019,49394,Semi-Auto,20467,Diesel,150,36.7,3.0
 5 Series,2018,38994,Semi-Auto,28399,Petrol,150,39.2,3.0
 2 Series,2018,32494,Semi-Auto,12793,Petrol,150,39.8,3.0
 Z4,2019,46794,Semi-Auto,1501,Petrol,145,37.2,2.0
 5 Series,2014,19494,Semi-Auto,42749,Diesel,150,55.4,2.0
 X1,2019,33794,Semi-Auto,5200,Petrol,145,46.3,1.5
 5 Series,2019,51994,Semi-Auto,1501,Petrol,145,39.2,3.0
 X5,2019,64994,Semi-Auto,1972,Diesel,145,37.7,3.0
 X6,2019,74094,Semi-Auto,2055,Diesel,145,34.9,3.0
 X5,2019,64994,Semi-Auto,4552,Diesel,145,37.7,3.0
 2 Series,2019,28594,Manual,11,Petrol,145,42.2,1.5
 X5,2019,62394,Semi-Auto,12488,Petrol,145,27.2,3.0
 X3,2019,42894,Semi-Auto,1107,Petrol,145,30.4,2.0
 1 Series,2017,28594,Semi-Auto,12729,Petrol,200,39.8,3.0
 3 Series,2014,21444,Semi-Auto,27092,Diesel,125,58.9,2.0
 5 Series,2017,30544,Semi-Auto,25544,Diesel,145,65.7,2.0
 3 Series,2019,37044,Semi-Auto,11,Petrol,145,42.2,2.0
 4 Series,2019,38994,Semi-Auto,11,Diesel,145,65.7,2.0
 X1,2019,33794,Manual,11,Diesel,145,36.7,2.0
 X3,2019,41594,Semi-Auto,11,Petrol,145,31.4,2.0
 3 Series,2018,25344,Semi-Auto,12849,Diesel,145,64.2,2.0
 4 Series,2019,38994,Semi-Auto,10,Petrol,145,48.7,2.0
 4 Series,2019,38994,Semi-Auto,6592,Diesel,145,52.3,3.0
 X1,2014,12389,Manual,47262,Diesel,165,51.4,2.0
 3 Series,2015,18339,Manual,30140,Diesel,30,64.2,2.0
 3 Series,2015,14374,Manual,58696,Diesel,125,61.4,2.0
 2 Series,2018,18404,Automatic,29590,Petrol,145,53.3,1.5
 1 Series,2014,12545,Manual,54314,Diesel,30,64.2,2.0
 X1,2016,23270,Semi-Auto,34382,Diesel,125,57.6,2.0
 4 Series,2018,25350,Semi-Auto,13368,Petrol,145,48.7,2.0
 X1,2014,13387,Manual,58630,Diesel,160,51.4,2.0
 X1,2016,24047,Semi-Auto,24952,Diesel,150,55.4,2.0
 1 Series,2016,24307,Manual,18743,Petrol,260,36.2,3.0
 1 Series,2017,25994,Manual,25645,Petrol,260,36.2,3.0
 X5,2019,64994,Semi-Auto,3724,Diesel,145,37.7,3.0
 2 Series,2019,27294,Manual,1501,Petrol,145,44.1,1.5
 X1,2016,22747,Semi-Auto,26344,Diesel,145,55.4,2.0
 5 Series,2013,20797,Semi-Auto,51063,Diesel,200,47.9,3.0
 3 Series,2019,38347,Semi-Auto,7751,Petrol,145,41.5,2.0
 1 Series,2014,19497,Semi-Auto,43525,Petrol,235,37.7,3.0
 3 Series,2020,46794,Semi-Auto,11,Diesel,145,47.9,3.0
 5 Series,2020,42894,Semi-Auto,11,Hybrid,145,49.6,2.0
 3 Series,2020,44194,Semi-Auto,11,Diesel,145,50.4,2.0
 3 Series,2019,36394,Semi-Auto,1501,Petrol,145,43.5,2.0
 X1,2019,37694,Semi-Auto,1501,Petrol,145,48.7,2.0
 X3,2019,45494,Semi-Auto,9719,Petrol,145,30.4,2.0
 2 Series,2017,20794,Semi-Auto,26652,Diesel,20,68.9,2.0
 X2,2019,48094,Semi-Auto,3091,Petrol,145,34.0,2.0
 3 Series,2019,38994,Semi-Auto,1928,Petrol,145,42.2,2.0
 X3,2019,41594,Semi-Auto,2498,Petrol,145,30.4,2.0
 4 Series,2019,29247,Semi-Auto,17886,Diesel,145,65.7,2.0
 X1,2017,20021,Manual,20779,Diesel,20,68.9,2.0
 1 Series,2016,18742,Automatic,22998,Diesel,30,65.7,2.0
 4 Series,2017,23296,Manual,22956,Diesel,30,62.8,2.0
 3 Series,2018,21447,Semi-Auto,33546,Diesel,145,67.3,2.0
 2 Series,2017,20147,Manual,16134,Diesel,20,74.3,1.5
 1 Series,2019,33794,Semi-Auto,10572,Petrol,145,39.8,3.0
 X7,2019,90994,Semi-Auto,4997,Diesel,145,31.4,3.0
 5 Series,2019,51994,Semi-Auto,4242,Diesel,145,51.4,3.0
 3 Series,2020,44844,Semi-Auto,1501,Diesel,145,50.4,2.0
 3 Series,2020,46144,Semi-Auto,1501,Diesel,145,47.1,3.0
 4 Series,2020,38994,Semi-Auto,1501,Diesel,145,58.9,2.0
 4 Series,2020,40294,Semi-Auto,10,Diesel,145,60.1,2.0
 2 Series,2016,24044,Manual,24452,Diesel,125,60.1,2.0
 X3,2016,27294,Semi-Auto,26531,Diesel,145,54.3,2.0
 3 Series,2015,20144,Manual,31468,Diesel,30,61.4,2.0
 X3,2016,28080,Automatic,32330,Diesel,200,47.9,3.0
 1 Series,2018,23205,Automatic,748,Petrol,145,47.9,2.0
 X1,2017,23660,Manual,21695,Diesel,125,58.9,2.0
 X7,2020,84494,Semi-Auto,1501,Diesel,145,33.6,3.0
 X6,2019,71494,Semi-Auto,3455,Diesel,145,34.9,3.0
 X1,2013,15594,Semi-Auto,64637,Diesel,160,51.4,2.0
 X2,2019,36394,Semi-Auto,1501,Diesel,145,50.4,2.0
 5 Series,2019,41594,Semi-Auto,1912,Diesel,145,65.7,2.0
 4 Series,2019,45494,Semi-Auto,11,Diesel,145,53.3,3.0
 X1,2019,35744,Semi-Auto,11,Diesel,145,60.1,2.0
 X1,2019,35094,Semi-Auto,11,Diesel,145,60.1,2.0
 1 Series,2018,19825,Automatic,11487,Petrol,145,55.5,1.5
 2 Series,2017,20540,Automatic,51468,Diesel,125,60.1,2.0
 2 Series,2015,17550,Manual,24621,Petrol,145,47.9,2.0
 3 Series,2013,11694,Manual,32939,Diesel,30,62.8,2.0
 2 Series,2018,24700,Semi-Auto,7680,Petrol,145,39.2,1.5
 3 Series,2017,19890,Semi-Auto,16935,Petrol,125,51.4,2.0
 X1,2017,18590,Manual,30533,Diesel,150,68.9,2.0
 X1,2019,33794,Manual,1501,Petrol,145,51.4,1.5
 3 Series,2020,40294,Semi-Auto,1501,Petrol,145,42.2,2.0
 M4,2019,74094,Semi-Auto,1501,Petrol,145,34.0,3.0
 3 Series,2020,40294,Semi-Auto,1501,Diesel,145,52.3,2.0
 M4,2019,64994,Semi-Auto,1501,Petrol,145,34.0,3.0
 4 Series,2019,37694,Semi-Auto,1501,Diesel,145,65.7,2.0
 3 Series,2020,45494,Semi-Auto,11,Diesel,145,49.6,2.0
 2 Series,2017,21447,Semi-Auto,22919,Diesel,145,64.2,2.0
 X5,2018,48747,Automatic,25930,Petrol,145,29.1,4.4
 3 Series,2019,35094,Semi-Auto,9907,Diesel,145,52.3,2.0
 1 Series,2019,32494,Manual,1501,Petrol,145,41.5,1.5
 2 Series,2019,36394,Semi-Auto,11,Petrol,145,39.8,3.0
 1 Series,2017,27297,Semi-Auto,22018,Petrol,145,39.8,3.0
 X1,2016,23397,Semi-Auto,45944,Diesel,150,55.4,2.0
 2 Series,2015,14297,Semi-Auto,51719,Diesel,20,68.9,2.0
 5 Series,2017,30550,Semi-Auto,27726,Hybrid,135,156.9,2.0
 X1,2014,13384,Semi-Auto,55000,Diesel,150,56.5,2.0
 1 Series,2016,16894,Semi-Auto,33291,Diesel,20,67.3,2.0
 5 Series,2018,33794,Semi-Auto,30418,Diesel,145,60.1,3.0
 3 Series,2019,48094,Semi-Auto,3040,Petrol,145,34.9,3.0
 1 Series,2017,20794,Semi-Auto,21469,Diesel,20,70.6,2.0
 X5,2019,61094,Semi-Auto,5966,Diesel,145,37.7,3.0
 X5,2019,68894,Semi-Auto,6326,Diesel,145,37.7,3.0
 X5,2019,68894,Semi-Auto,6997,Diesel,145,37.7,3.0
 X1,2016,25344,Semi-Auto,38267,Petrol,160,44.8,2.0
 1 Series,2019,25344,Manual,7753,Diesel,145,65.7,2.0
 2 Series,2017,21447,Semi-Auto,26335,Diesel,145,64.2,2.0
 5 Series,2018,33797,Semi-Auto,7776,Diesel,145,49.6,2.0
 1 Series,2018,23388,Manual,7100,Petrol,145,37.2,1.5
 1 Series,2017,16244,Manual,44506,Diesel,145,68.9,2.0
 7 Series,2019,77994,Semi-Auto,1501,Diesel,145,41.5,3.0
 1 Series,2014,12988,Manual,49064,Diesel,30,65.7,2.0
 1 Series,2016,14911,Manual,18802,Diesel,0,83.1,1.5
 3 Series,2017,18967,Manual,34552,Diesel,30,65.7,2.0
 3 Series,2016,23388,Semi-Auto,30100,Diesel,145,53.3,3.0
 X4,2015,27868,Automatic,33289,Diesel,200,47.9,3.0
 1 Series,2014,13702,Automatic,45263,Diesel,30,64.2,2.0
 3 Series,2018,25997,Semi-Auto,23050,Petrol,145,48.7,2.0
 X1,2020,38994,Semi-Auto,1501,Diesel,145,50.4,2.0
 5 Series,2020,41594,Semi-Auto,1501,Hybrid,145,49.6,2.0
 4 Series,2020,35744,Semi-Auto,10,Diesel,145,65.7,2.0
 4 Series,2020,35744,Semi-Auto,10,Petrol,145,48.7,2.0
 X2,2020,41594,Semi-Auto,1501,Diesel,145,61.4,2.0
 2 Series,2020,42894,Semi-Auto,1501,Petrol,145,36.2,2.0
 8 Series,2020,77994,Semi-Auto,1501,Petrol,145,31.7,3.0
 2 Series,2020,37694,Semi-Auto,1501,Diesel,145,49.6,2.0
 5 Series,2016,27687,Semi-Auto,40120,Diesel,200,47.9,3.0
 2 Series,2017,21447,Semi-Auto,12458,Diesel,30,64.2,2.0
 1 Series,2017,26907,Automatic,20763,Petrol,145,39.8,3.0
 2 Series,2017,18197,Manual,23541,Diesel,20,68.9,1.5
 3 Series,2018,27297,Semi-Auto,23833,Diesel,150,57.7,2.0
 3 Series,2017,24307,Semi-Auto,40841,Diesel,150,64.2,2.0
 2 Series,2017,21447,Semi-Auto,22645,Diesel,145,64.2,2.0
 1 Series,2015,15594,Semi-Auto,23484,Diesel,30,64.2,2.0
 3 Series,2016,16835,Manual,59833,Diesel,125,61.4,2.0
 4 Series,2017,21459,Automatic,26800,Diesel,30,65.7,2.0
 3 Series,2019,36394,Semi-Auto,3751,Diesel,145,52.3,2.0
 4 Series,2019,36394,Semi-Auto,1501,Diesel,145,65.7,2.0
 X4,2019,44194,Semi-Auto,7141,Diesel,145,42.8,2.0
 5 Series,2013,11696,Manual,82949,Diesel,30,62.8,2.0
 3 Series,2016,21121,Automatic,28384,Diesel,125,60.1,2.0
 5 Series,2016,20800,Semi-Auto,30070,Diesel,30,62.8,2.0
 X4,2016,24518,Semi-Auto,75680,Diesel,145,54.3,2.0
 X1,2016,22568,Semi-Auto,25710,Diesel,30,65.7,2.0
 3 Series,2016,18265,Semi-Auto,45741,Hybrid,0,148.7,2.0
 5 Series,2015,18844,Automatic,35980,Diesel,30,62.8,2.0
 4 Series,2016,21515,Semi-Auto,31125,Petrol,165,46.3,2.0
 3 Series,2016,22425,Automatic,31561,Hybrid,0,134.5,2.0
 X5,2019,62394,Semi-Auto,4339,Diesel,145,37.7,3.0
 1 Series,2020,31194,Manual,1501,Diesel,145,57.7,1.5
 X7,2020,90994,Semi-Auto,1501,Diesel,145,33.6,3.0
 1 Series,2015,20794,Semi-Auto,26629,Diesel,125,60.1,2.0
 2 Series,2020,38994,Semi-Auto,1501,Diesel,145,49.6,2.0
 X4,2020,58494,Semi-Auto,11,Diesel,145,37.2,3.0
 Z4,2020,45494,Semi-Auto,1501,Petrol,145,38.7,2.0
 5 Series,2017,27911,Semi-Auto,35138,Diesel,145,62.8,2.0
 1 Series,2016,14946,Manual,52409,Diesel,30,65.7,2.0
 3 Series,2015,18521,Automatic,51650,Diesel,145,56.5,2.0
 2 Series,2019,31135,Semi-Auto,2918,Diesel,150,49.6,2.0
 X3,2017,27235,Semi-Auto,30148,Diesel,150,54.3,2.0
 X4,2020,58435,Semi-Auto,100,Petrol,150,26.9,3.0
 5 Series,2019,47385,Semi-Auto,5700,Diesel,150,51.4,3.0
 4 Series,2019,33085,Semi-Auto,9204,Petrol,150,46.3,2.0
 X1,2017,18850,Manual,28205,Diesel,150,68.9,2.0
 2 Series,2018,24688,Semi-Auto,1100,Diesel,145,67.3,2.0
 3 Series,2017,23396,Automatic,28379,Diesel,145,62.8,2.0
 X1,2018,24306,Automatic,45268,Diesel,145,57.6,2.0
 3 Series,2014,15262,Manual,81838,Diesel,125,57.6,2.0
 1 Series,2013,10388,Manual,49479,Petrol,125,51.4,1.6
 2 Series,2017,21447,Semi-Auto,22056,Diesel,145,64.2,2.0
 3 Series,2019,38935,Semi-Auto,4629,Diesel,150,48.7,2.0
 1 Series,2019,40235,Semi-Auto,5453,Petrol,150,34.5,2.0
 X6,2016,42835,Semi-Auto,44914,Diesel,240,42.8,3.0
 2 Series,2019,29835,Semi-Auto,7477,Petrol,150,47.9,2.0
 5 Series,2019,36335,Semi-Auto,9239,Hybrid,150,62.8,2.0
 1 Series,2017,20735,Manual,13261,Diesel,150,70.6,1.5
 3 Series,2020,54535,Semi-Auto,8,Petrol,150,33.6,3.0
 1 Series,2018,20735,Semi-Auto,17200,Diesel,150,44.1,2.0
 X5,2015,37635,Automatic,36439,Diesel,205,47.1,3.0
 X3,2020,45435,Semi-Auto,2500,Diesel,145,54.3,2.0
 3 Series,2014,19435,Semi-Auto,66008,Diesel,150,54.3,3.0
 3 Series,2020,49335,Semi-Auto,100,Diesel,145,47.9,3.0
 X3,2019,45435,Semi-Auto,5492,Diesel,145,54.3,2.0
 1 Series,2015,12980,Manual,43834,Diesel,20,72.4,1.5
 3 Series,2017,24359,Semi-Auto,20422,Diesel,150,60.1,2.0
 2 Series,2015,13898,Manual,41347,Diesel,20,74.3,1.5
 X3,2013,15978,Semi-Auto,75395,Diesel,160,50.4,2.0
 3 Series,2013,14288,Manual,68067,Diesel,125,57.6,2.0
 1 Series,2016,19494,Semi-Auto,34700,Diesel,20,67.3,2.0
 1 Series,2017,17544,Manual,25491,Diesel,150,68.9,2.0
 3 Series,2017,24694,Automatic,49954,Diesel,200,49.6,3.0
 1 Series,2014,12025,Manual,61490,Petrol,145,50.4,1.6
 3 Series,2015,19435,Manual,44538,Diesel,125,57.6,2.0
 2 Series,2020,45825,Semi-Auto,100,Diesel,150,49.6,2.0
 1 Series,2019,25935,Semi-Auto,11686,Diesel,145,48.7,2.0
 X5,2019,73385,Semi-Auto,4445,Diesel,145,33.6,3.0
 X5,2019,68185,Semi-Auto,101,Diesel,145,37.7,3.0
 2 Series,2017,22035,Semi-Auto,11569,Petrol,150,53.3,1.5
 2 Series,2019,28535,Semi-Auto,15470,Diesel,150,47.1,2.0
 3 Series,2015,23399,Semi-Auto,30760,Diesel,145,56.5,3.0
 3 Series,2017,27039,Semi-Auto,19559,Petrol,145,48.7,2.0
 4 Series,2018,27677,Automatic,3475,Petrol,145,45.6,2.0
 1 Series,2017,17537,Manual,12312,Petrol,150,53.3,1.5
 3 Series,2017,26520,Semi-Auto,28250,Diesel,145,51.4,3.0
 1 Series,2019,25935,Semi-Auto,9119,Petrol,145,54.3,1.5
 2 Series,2016,18135,Semi-Auto,35292,Diesel,125,61.4,2.0
 1 Series,2017,23335,Semi-Auto,17988,Diesel,145,61.4,2.0
 3 Series,2019,53885,Semi-Auto,423,Petrol,145,34.9,3.0
 7 Series,2018,47385,Semi-Auto,17192,Petrol,145,35.3,4.4
 X2,2019,36335,Semi-Auto,7419,Diesel,145,58.9,2.0
 Z4,2019,40885,Semi-Auto,8626,Petrol,145,38.7,2.0
 2 Series,2015,17485,Semi-Auto,21150,Petrol,30,55.4,1.5
 1 Series,2014,19435,Semi-Auto,56355,Petrol,235,37.7,3.0
 1 Series,2017,19435,Manual,9463,Diesel,145,72.4,1.5
 3 Series,2017,19877,Semi-Auto,61610,Petrol,145,48.7,2.0
 3 Series,2016,17212,Manual,23255,Petrol,150,48.7,2.0
 4 Series,2017,21314,Semi-Auto,48360,Diesel,145,65.7,2.0
 X3,2016,30485,Semi-Auto,23961,Diesel,145,54.3,2.0
 X5,2017,45435,Automatic,32738,Diesel,200,47.1,3.0
 2 Series,2020,25935,Manual,100,Petrol,145,52.3,1.5
 5 Series,2019,42835,Semi-Auto,101,Diesel,145,55.4,2.0
 5 Series,2019,39975,Semi-Auto,101,Diesel,145,60.1,2.0
 5 Series,2019,41275,Semi-Auto,101,Hybrid,145,60.1,2.0
 4 Series,2019,37375,Semi-Auto,101,Diesel,145,58.9,2.0
 3 Series,2018,35685,Semi-Auto,12521,Petrol,145,41.5,3.0
 4 Series,2020,35035,Semi-Auto,2755,Diesel,145,65.7,2.0
 1 Series,2020,36335,Manual,1638,Petrol,145,41.5,1.5
 X1,2020,35035,Semi-Auto,811,Petrol,145,40.9,1.5
 3 Series,2016,12025,Manual,79470,Diesel,20,72.4,2.0
 2 Series,2017,21187,Semi-Auto,23388,Diesel,145,64.2,2.0
 X5,2018,48747,Automatic,25160,Petrol,145,29.1,4.4
 2 Series,2018,28597,Automatic,9566,Hybrid,135,113.0,1.5
 3 Series,2017,29637,Semi-Auto,16996,Diesel,145,56.5,3.0
 1 Series,2019,27297,Semi-Auto,13942,Diesel,150,60.1,2.0
 X1,2014,14687,Semi-Auto,33046,Diesel,160,52.3,2.0
 Z4,2019,42835,Semi-Auto,8031,Petrol,145,37.2,2.0
 1 Series,2019,25935,Semi-Auto,9859,Diesel,145,67.3,2.0
 2 Series,2016,24687,Automatic,11854,Diesel,145,55.4,2.0
 1 Series,2018,19474,Semi-Auto,20438,Petrol,145,55.5,1.5
 M5,2015,31603,Semi-Auto,42932,Petrol,555,28.5,4.4
 5 Series,2019,36985,Semi-Auto,101,Petrol,145,50.4,2.0
 2 Series,2019,28535,Manual,2639,Diesel,145,64.2,2.0
 X3,2019,42185,Semi-Auto,4125,Diesel,145,54.3,2.0
 1 Series,2020,36335,Semi-Auto,100,Diesel,145,51.4,2.0
 X1,2019,37635,Semi-Auto,3759,Diesel,145,50.4,2.0
 2 Series,2018,32435,Semi-Auto,14835,Petrol,145,32.5,3.0
 X5,2019,71175,Semi-Auto,18673,Diesel,145,33.6,3.0
 5 Series,2019,47775,Semi-Auto,8027,Diesel,145,51.4,3.0
 5 Series,2019,40235,Semi-Auto,3795,Diesel,145,55.4,2.0
 3 Series,2019,40235,Semi-Auto,4112,Diesel,145,49.6,2.0
 X3,2016,25935,Semi-Auto,42379,Diesel,145,54.3,2.0
 2 Series,2019,32435,Automatic,5042,Hybrid,135,113.0,1.5
 1 Series,2019,22035,Semi-Auto,11794,Diesel,145,72.4,1.5
 1 Series,2017,18239,Semi-Auto,40344,Diesel,145,68.9,1.5
 1 Series,2017,17888,Manual,24389,Diesel,145,65.7,2.0
 1 Series,2015,13559,Manual,29454,Petrol,30,56.5,1.5
 4 Series,2019,37375,Semi-Auto,101,Diesel,145,58.9,2.0
 X5,2019,64935,Semi-Auto,7220,Diesel,145,37.7,3.0
 5 Series,2019,38935,Semi-Auto,4043,Diesel,145,60.1,2.0
 1 Series,2018,19494,Semi-Auto,17000,Diesel,145,67.3,2.0
 3 Series,2018,24304,Automatic,25876,Diesel,145,64.2,2.0
 3 Series,2018,23604,Automatic,28438,Diesel,145,62.8,2.0
 X1,2016,24830,Automatic,28785,Diesel,125,57.6,2.0
 2 Series,2015,15388,Semi-Auto,27494,Diesel,20,68.9,2.0
 4 Series,2017,24696,Semi-Auto,11328,Petrol,145,48.7,2.0
 4 Series,2017,30546,Automatic,14584,Diesel,145,50.4,3.0
 4 Series,2016,25935,Semi-Auto,37897,Diesel,125,60.1,2.0
 M4,2019,58435,Semi-Auto,4931,Petrol,150,34.0,3.0
 X2,2019,36335,Semi-Auto,7946,Diesel,150,58.9,2.0
 1 Series,2020,42864,Semi-Auto,151,Petrol,150,34.5,2.0
 X3,2018,40274,Semi-Auto,4813,Diesel,145,54.3,2.0
 1 Series,2016,15458,Manual,69219,Diesel,20,68.9,2.0
 5 Series,2018,32499,Automatic,24501,Diesel,145,60.1,2.0
 4 Series,2017,25338,Automatic,22771,Diesel,145,55.4,3.0
 1 Series,2015,15599,Manual,36339,Diesel,30,62.8,2.0
 4 Series,2016,14299,Manual,93421,Diesel,30,62.8,2.0
 3 Series,2020,37635,Semi-Auto,300,Petrol,145,42.2,2.0
 Z4,2020,50635,Semi-Auto,100,Petrol,145,33.2,3.0
 X3,2014,25935,Semi-Auto,23693,Diesel,145,54.3,2.0
 1 Series,2019,28535,Manual,5013,Petrol,145,44.1,1.5
 5 Series,2019,41535,Semi-Auto,1355,Diesel,145,55.4,2.0
 2 Series,2015,18135,Semi-Auto,68787,Diesel,125,57.6,2.0
 1 Series,2019,24635,Semi-Auto,15028,Petrol,145,36.7,1.5
 1 Series,2019,22035,Semi-Auto,11137,Diesel,145,72.4,1.5
 3 Series,2019,30485,Semi-Auto,11629,Diesel,145,62.8,2.0
 1 Series,2019,25935,Semi-Auto,10102,Diesel,145,48.7,2.0
 3 Series,2019,27885,Semi-Auto,14009,Diesel,150,55.4,2.0
 3 Series,2019,27885,Semi-Auto,11706,Diesel,150,55.4,2.0
 i3,2014,20085,Automatic,42479,Hybrid,0,470.8,0.0
 X5,2019,63635,Semi-Auto,8043,Diesel,150,37.7,3.0
 X4,2019,45435,Semi-Auto,5763,Diesel,150,42.8,2.0
 2 Series,2015,22803,Semi-Auto,26035,Petrol,165,44.1,2.0
 X5,2013,34646,Automatic,47301,Diesel,205,45.6,3.0
 3 Series,2016,23648,Semi-Auto,38882,Hybrid,0,134.5,2.0
 3 Series,2019,50726,Semi-Auto,7537,Diesel,145,43.5,3.0
 1 Series,2017,19436,Semi-Auto,18852,Diesel,150,70.6,2.0
 3 Series,2018,28627,Semi-Auto,26821,Diesel,150,64.2,2.0
 5 Series,2019,48036,Semi-Auto,7218,Petrol,150,46.3,2.0
 2 Series,2016,20735,Semi-Auto,43911,Diesel,145,55.4,2.0
 8 Series,2019,74035,Semi-Auto,9731,Diesel,145,39.8,3.0
 X3,2016,28535,Semi-Auto,45142,Diesel,200,47.9,3.0
 2 Series,2019,27235,Manual,100,Petrol,145,52.3,1.5
 2 Series,2020,29835,Manual,500,Petrol,145,42.8,1.5
 X1,2020,38935,Semi-Auto,35,Diesel,145,40.9,2.0
 1 Series,2019,24635,Semi-Auto,9079,Diesel,145,47.9,1.5
 X5,2019,67535,Semi-Auto,101,Diesel,145,37.7,3.0
 X3,2019,41535,Semi-Auto,7721,Diesel,145,54.3,2.0
 X1,2019,34385,Semi-Auto,8643,Diesel,145,50.4,2.0
 X5,2019,75335,Semi-Auto,4897,Diesel,145,33.6,3.0
 4 Series,2018,31721,Semi-Auto,9049,Diesel,150,58.9,2.0
 X2,2019,47386,Semi-Auto,2975,Petrol,150,34.0,2.0
 M4,2017,44487,Semi-Auto,63660,Petrol,150,32.5,3.0
 X2,2019,45383,Semi-Auto,4577,Petrol,145,39.2,2.0
 X1,2019,42822,Semi-Auto,5642,Petrol,145,37.7,2.0
 X6,2019,88790,Semi-Auto,3145,Petrol,145,26.4,3.0
 M5,2019,116870,Semi-Auto,2269,Petrol,145,24.1,4.4
 3 Series,2018,22035,Manual,19041,Diesel,145,67.3,2.0
 3 Series,2020,36985,Semi-Auto,101,Diesel,145,50.4,2.0
 2 Series,2019,26585,Manual,101,Petrol,145,42.2,1.5
 1 Series,2016,18135,Semi-Auto,54205,Diesel,20,68.9,1.5
 X3,2019,42262,Semi-Auto,9000,Diesel,145,54.3,2.0
 X3,2019,49352,Semi-Auto,4786,Diesel,145,48.7,3.0
 X2,2019,31906,Semi-Auto,3412,Petrol,145,38.7,2.0
 4 Series,2016,18134,Automatic,70976,Diesel,30,65.7,2.0
 1 Series,2017,21801,Automatic,22848,Petrol,145,47.9,2.0
 X1,2016,24345,Automatic,16318,Petrol,160,44.8,2.0
 5 Series,2015,13520,Manual,73227,Diesel,125,61.4,2.0
 1 Series,2015,12857,Automatic,58283,Diesel,30,64.2,2.0
 4 Series,2014,19565,Semi-Auto,26973,Diesel,125,60.1,2.0
 4 Series,2019,44668,Semi-Auto,3986,Diesel,145,51.4,3.0
 1 Series,2019,43095,Semi-Auto,4902,Diesel,145,51.4,2.0
 6 Series,2019,54574,Semi-Auto,4028,Diesel,145,42.2,2.0
 2 Series,2019,40833,Semi-Auto,3104,Petrol,145,47.9,2.0
 X2,2019,38405,Semi-Auto,5564,Petrol,145,39.8,2.0
 3 Series,2017,24363,Semi-Auto,27012,Diesel,30,64.2,2.0
 X6,2016,39744,Semi-Auto,40246,Diesel,200,44.8,3.0
 X7,2019,85176,Automatic,8574,Diesel,145,33.6,3.0
 X1,2015,14186,Semi-Auto,82455,Diesel,160,52.3,2.0
 4 Series,2019,35262,Semi-Auto,5046,Diesel,145,65.7,2.0
 X3,2019,47064,Semi-Auto,3425,Diesel,145,48.7,3.0
 X3,2018,42042,Semi-Auto,10488,Diesel,145,48.7,3.0
 4 Series,2014,24326,Automatic,43116,Diesel,160,50.4,3.0
 6 Series,2015,26224,Semi-Auto,37175,Diesel,160,49.6,3.0
 7 Series,2019,59332,Automatic,7689,Diesel,145,44.1,3.0
 8 Series,2019,83334,Semi-Auto,1897,Diesel,145,39.8,3.0
 X6,2015,30111,Semi-Auto,55912,Diesel,200,47.1,3.0
 X1,2017,29942,Semi-Auto,19340,Diesel,145,57.6,2.0
 3 Series,2017,30525,Semi-Auto,33093,Diesel,145,51.4,3.0
 1 Series,2019,32971,Semi-Auto,9503,Petrol,145,39.8,3.0
 2 Series,2019,33358,Automatic,8092,Petrol,145,39.8,3.0
 X1,2016,23674,Semi-Auto,52889,Diesel,125,57.6,2.0
 1 Series,2016,15757,Manual,24516,Diesel,20,72.4,1.5
 2 Series,2015,12808,Manual,43555,Petrol,30,57.6,1.5
 3 Series,2013,16669,Manual,9276,Petrol,160,44.8,2.0
 3 Series,2019,33595,Semi-Auto,4238,Diesel,145,52.3,2.0
 X1,2018,29422,Semi-Auto,14852,Diesel,145,60.1,2.0
 1 Series,2017,19995,Semi-Auto,74652,Diesel,125,60.1,2.0
 1 Series,2015,17408,Semi-Auto,49394,Diesel,30,64.2,2.0
 4 Series,2019,35868,Manual,5303,Diesel,150,62.8,2.0
 2 Series,2019,31455,Semi-Auto,2421,Petrol,145,47.9,2.0
 5 Series,2017,35298,Semi-Auto,66068,Diesel,145,51.4,3.0
 4 Series,2018,27693,Automatic,17768,Diesel,145,65.7,2.0
 4 Series,2017,26081,Semi-Auto,46674,Diesel,145,55.4,3.0
 3 Series,2017,26647,Semi-Auto,22271,Hybrid,0,134.5,2.0
 1 Series,2016,14443,Manual,25073,Diesel,0,83.1,1.5
 1 Series,2017,20631,Semi-Auto,28163,Petrol,150,54.3,1.5
 1 Series,2017,18837,Manual,22137,Diesel,145,70.6,1.5
 2 Series,2017,16899,Manual,42378,Petrol,125,53.3,1.5
 X3,2013,19943,Semi-Auto,68729,Diesel,165,50.4,2.0
 3 Series,2015,18266,Semi-Auto,68704,Diesel,125,58.9,2.0
 4 Series,2016,24981,Automatic,25798,Petrol,160,44.1,2.0
 5 Series,2018,42986,Automatic,5595,Petrol,145,29.1,3.0
 M4,2019,76261,Automatic,3395,Petrol,145,34.0,3.0
 5 Series,2017,28530,Automatic,38410,Petrol,145,48.7,2.0
 4 Series,2015,23122,Automatic,45550,Petrol,260,37.2,3.0
 4 Series,2019,29596,Automatic,5767,Petrol,145,48.7,2.0
 X5,2019,63487,Automatic,4553,Petrol,145,27.2,3.0
 3 Series,2013,15941,Semi-Auto,44125,Diesel,30,62.8,2.0
 1 Series,2013,13484,Manual,33940,Diesel,30,64.2,2.0
 X1,2019,29175,Manual,3991,Petrol,145,51.4,1.5
 1 Series,2017,20374,Manual,20327,Petrol,125,52.3,1.5
 X3,2019,41188,Semi-Auto,8524,Petrol,145,30.4,2.0
 X3,2019,41474,Semi-Auto,7161,Petrol,145,30.4,2.0
 3 Series,2016,16887,Semi-Auto,48788,Diesel,0,74.3,2.0
 X1,2018,25090,Manual,15209,Diesel,145,52.3,2.0
 1 Series,2016,20124,Automatic,30900,Petrol,145,47.9,2.0
 2 Series,2016,16078,Manual,30243,Petrol,125,50.4,1.5
 2 Series,2016,20137,Semi-Auto,36924,Diesel,30,62.8,2.0
 1 Series,2017,16825,Manual,36274,Diesel,145,70.6,1.5
 X5,2014,35747,Automatic,28056,Petrol,555,26.9,4.4
 1 Series,2015,15513,Semi-Auto,19168,Petrol,145,49.6,1.6
 4 Series,2018,25988,Semi-Auto,8018,Petrol,145,44.1,2.0
 2 Series,2019,20319,Manual,20592,Petrol,145,40.9,1.5
 2 Series,2017,26962,Manual,9885,Petrol,145,36.2,3.0
 5 Series,2017,29769,Semi-Auto,33046,Diesel,145,64.2,2.0
 X1,2016,20150,Manual,37000,Diesel,125,60.1,2.0
 X1,2016,21710,Semi-Auto,44000,Diesel,145,55.4,2.0
 2 Series,2017,18460,Semi-Auto,14500,Diesel,20,68.9,2.0
 X1,2017,24557,Semi-Auto,21113,Diesel,145,65.7,2.0
 1 Series,2017,17550,Manual,34500,Diesel,150,65.7,2.0
 1 Series,2017,20150,Manual,11500,Petrol,150,52.3,1.5
 X1,2016,24245,Automatic,29330,Diesel,145,55.4,2.0
 5 Series,2019,41054,Automatic,8612,Petrol,145,48.7,2.0
 3 Series,2019,36023,Semi-Auto,9545,Diesel,145,52.3,2.0
 1 Series,2017,15339,Manual,10683,Petrol,30,56.5,1.5
 i3,2014,18844,Automatic,34539,Hybrid,0,470.8,0.0
 1 Series,2017,19500,Semi-Auto,26488,Diesel,20,67.3,2.0
 3 Series,2020,44194,Semi-Auto,10,Diesel,145,53.3,2.0
 3 Series,2019,38987,Semi-Auto,5604,Petrol,145,40.9,2.0
 X1,2017,24694,Semi-Auto,32300,Diesel,150,57.6,2.0
 2 Series,2017,16250,Manual,48839,Diesel,145,74.3,1.5
 2 Series,2018,22100,Manual,19566,Diesel,145,54.3,2.0
 5 Series,2017,40294,Semi-Auto,24000,Diesel,145,51.4,3.0
 2 Series,2016,17809,Automatic,24849,Diesel,30,64.2,2.0
 1 Series,2016,13897,Manual,41718,Petrol,125,53.3,1.5
 1 Series,2015,10907,Manual,55825,Petrol,150,50.4,1.6
 1 Series,2013,12277,Semi-Auto,44000,Petrol,145,48.7,1.6
 3 Series,2018,27118,Semi-Auto,15388,Diesel,145,56.5,3.0
 3 Series,2013,15700,Semi-Auto,21388,Diesel,30,62.8,2.0
 X1,2018,31305,Semi-Auto,13245,Diesel,150,60.1,2.0
 5 Series,2019,49297,Semi-Auto,6311,Petrol,150,46.3,2.0
 4 Series,2014,21596,Semi-Auto,48474,Diesel,160,52.3,3.0
 X5,2018,49000,Automatic,24786,Diesel,145,47.1,3.0
 X5,2019,63560,Automatic,7666,Diesel,145,37.7,3.0
 1 Series,2019,39312,Automatic,7791,Petrol,145,34.5,2.0
 X4,2019,50674,Semi-Auto,6982,Diesel,145,40.9,3.0
 X3,2019,56862,Automatic,3280,Diesel,145,54.3,2.0
 4 Series,2019,30251,Automatic,5865,Petrol,145,48.7,2.0
 3 Series,2019,52528,Automatic,1683,Petrol,145,34.9,3.0
 1 Series,2019,35347,Manual,5382,Diesel,145,53.3,2.0
 1 Series,2019,40560,Automatic,9516,Diesel,145,48.7,2.0
 2 Series,2019,38948,Semi-Auto,5720,Diesel,145,49.6,2.0
 2 Series,2017,23530,Semi-Auto,20319,Petrol,145,48.7,2.0
 X1,2016,22750,Manual,26122,Diesel,20,68.9,2.0
 3 Series,2018,24297,Semi-Auto,29748,Diesel,145,60.1,2.0
 3 Series,2018,24050,Semi-Auto,26937,Diesel,145,64.2,2.0
 3 Series,2013,11690,Manual,63969,Diesel,30,62.8,2.0
 2 Series,2019,25934,Manual,14219,Diesel,145,51.4,2.0
 X1,2018,21450,Manual,27041,Diesel,145,68.9,2.0
 3 Series,2019,36387,Manual,4465,Diesel,145,54.3,2.0
 3 Series,2019,38994,Semi-Auto,1425,Petrol,145,42.2,2.0
 X1,2019,33794,Manual,3150,Petrol,145,52.3,1.5
 3 Series,2019,36387,Semi-Auto,5600,Diesel,145,52.3,2.0
 5 Series,2019,38987,Semi-Auto,3117,Petrol,145,50.4,2.0
 2 Series,2020,40294,Semi-Auto,1501,Diesel,145,48.7,2.0
 4 Series,2020,49394,Semi-Auto,1501,Diesel,145,58.9,2.0
 5 Series,2020,44194,Semi-Auto,1501,Hybrid,145,49.6,2.0
 X1,2017,25727,Semi-Auto,22579,Petrol,160,44.8,2.0
 5 Series,2015,25987,Semi-Auto,31567,Diesel,160,50.4,3.0
 5 Series,2016,20787,Semi-Auto,21698,Diesel,30,62.8,2.0
 X5,2019,67587,Semi-Auto,7300,Diesel,150,33.6,3.0
 M3,2018,57187,Semi-Auto,12879,Petrol,150,34.0,3.0
 3 Series,2019,40937,Manual,4503,Diesel,150,54.3,2.0
 3 Series,2016,24687,Semi-Auto,45090,Diesel,165,51.4,3.0
 1 Series,2018,22737,Semi-Auto,26232,Petrol,150,54.3,1.5
 3 Series,2018,22737,Manual,12311,Diesel,150,62.8,2.0
 2 Series,2020,35094,Semi-Auto,10,Petrol,145,42.2,1.5
 X1,2016,23387,Semi-Auto,25216,Diesel,125,60.1,2.0
 1 Series,2019,35087,Semi-Auto,3660,Petrol,145,40.4,1.5
 3 Series,2019,37687,Semi-Auto,6,Petrol,145,42.2,2.0
 3 Series,2019,37687,Semi-Auto,7322,Diesel,145,52.3,2.0
 X3,2019,44187,Semi-Auto,38,Diesel,145,54.3,2.0
 4 Series,2019,36387,Semi-Auto,6051,Diesel,145,65.7,2.0
 X5,2019,74087,Semi-Auto,8637,Diesel,145,33.6,3.0
 1 Series,2019,32487,Manual,5846,Petrol,145,41.5,1.5
 X5,2019,71487,Semi-Auto,7153,Diesel,150,33.6,3.0
 2 Series,2016,22412,Semi-Auto,25653,Diesel,125,60.1,2.0
 1 Series,2019,32487,Semi-Auto,6377,Petrol,150,39.8,3.0
 4 Series,2014,16887,Semi-Auto,52135,Diesel,125,61.4,2.0
 X5,2019,67587,Semi-Auto,5849,Diesel,150,37.7,3.0
 X5,2019,67587,Semi-Auto,5850,Diesel,150,37.7,3.0
 3 Series,2019,38987,Semi-Auto,4210,Petrol,150,40.9,2.0
 2 Series,2018,26468,Automatic,8370,Petrol,145,36.2,2.0
 2 Series,2015,14118,Manual,46904,Diesel,20,74.3,1.5
 1 Series,2017,18993,Semi-Auto,30939,Diesel,30,65.7,2.0
 4 Series,2015,27938,Automatic,24421,Petrol,260,36.7,3.0
 X5,2014,31135,Automatic,67711,Diesel,200,47.1,3.0
 1 Series,2015,15015,Semi-Auto,19886,Diesel,20,67.3,2.0
 3 Series,2017,18200,Manual,22000,Petrol,150,52.3,1.5
 4 Series,2016,25474,Semi-Auto,9647,Petrol,160,44.1,2.0
 3 Series,2019,33274,Semi-Auto,2400,Petrol,150,41.5,3.0
 3 Series,2014,23399,Semi-Auto,26311,Hybrid,135,47.9,3.0
 4 Series,2018,31187,Semi-Auto,19438,Diesel,145,55.4,3.0
 1 Series,2019,20787,Manual,5161,Petrol,145,53.3,1.5
 2 Series,2020,42894,Semi-Auto,1501,Petrol,145,36.2,2.0
 2 Series,2019,25987,Manual,3303,Petrol,145,42.8,1.5
 3 Series,2019,42887,Semi-Auto,4758,Diesel,145,49.6,2.0
 X5,2019,66287,Semi-Auto,5925,Diesel,145,37.7,3.0
 2 Series,2018,25987,Semi-Auto,21691,Petrol,145,47.9,2.0
 3 Series,2018,31837,Semi-Auto,21110,Diesel,145,51.4,3.0
 2 Series,2017,23387,Semi-Auto,8693,Petrol,145,50.4,2.0
 3 Series,2019,40287,Semi-Auto,3165,Diesel,145,52.3,2.0
 3 Series,2016,25994,Semi-Auto,34110,Diesel,160,51.4,3.0
 2 Series,2017,20794,Semi-Auto,29006,Diesel,150,68.9,2.0
 1 Series,2017,16894,Manual,25656,Diesel,150,72.4,1.5
 X5,2017,43550,Automatic,54000,Diesel,150,42.8,3.0
 1 Series,2019,30550,Semi-Auto,11128,Petrol,150,39.8,3.0
 4 Series,2017,25025,Semi-Auto,14500,Petrol,145,48.7,2.0
 3 Series,2019,48087,Semi-Auto,4314,Petrol,145,40.4,2.0
 X3,2019,46787,Semi-Auto,15,Diesel,145,54.3,2.0
 8 Series,2019,77987,Semi-Auto,5441,Diesel,145,40.4,3.0
 X3,2019,46794,Semi-Auto,4421,Diesel,145,54.3,2.0
 X4,2019,49394,Semi-Auto,5809,Diesel,145,42.8,2.0
 3 Series,2019,37687,Semi-Auto,3811,Diesel,145,52.3,2.0
 2 Series,2020,38994,Semi-Auto,1501,Petrol,145,47.9,2.0
 X2,2020,38994,Semi-Auto,1501,Petrol,145,38.7,2.0
 X1,2020,45494,Semi-Auto,1501,Diesel,145,50.4,2.0
 X1,2020,40294,Semi-Auto,1501,Diesel,145,50.4,2.0
 4 Series,2019,33787,Semi-Auto,2028,Diesel,145,65.7,2.0
 X3,2020,55894,Semi-Auto,1501,Petrol,145,34.5,3.0
 3 Series,2020,42894,Semi-Auto,1501,Diesel,145,50.4,2.0
 X1,2016,20794,Semi-Auto,50131,Diesel,125,60.1,2.0
 1 Series,2016,16237,Manual,15210,Petrol,125,53.3,1.5
 3 Series,2016,20475,Manual,34484,Diesel,125,58.9,2.0
 3 Series,2016,25337,Semi-Auto,14302,Diesel,145,56.5,3.0
 X1,2017,24687,Semi-Auto,34697,Diesel,145,55.4,2.0
 X5,2016,40287,Automatic,39469,Hybrid,0,85.6,2.0
 2 Series,2018,33787,Semi-Auto,3960,Petrol,145,32.5,3.0
 3 Series,2020,46794,Semi-Auto,1501,Diesel,145,47.9,3.0
 3 Series,2017,29835,Semi-Auto,28600,Diesel,145,51.4,3.0
 2 Series,2019,28594,Semi-Auto,3682,Petrol,145,47.9,2.0
 X2,2020,37694,Semi-Auto,10,Diesel,145,58.9,2.0
 4 Series,2017,23387,Manual,29926,Diesel,30,62.8,2.0
 X6,2019,68887,Semi-Auto,3086,Diesel,145,34.9,3.0
 1 Series,2018,20787,Manual,13856,Petrol,145,53.3,1.5
 2 Series,2019,32487,Semi-Auto,4155,Diesel,145,65.7,2.0
 X3,2019,46794,Automatic,3800,Diesel,145,54.3,2.0
 1 Series,2019,24699,Manual,5623,Petrol,145,52.3,1.5
 X2,2018,29250,Semi-Auto,34697,Diesel,145,58.9,2.0
 2 Series,2019,30189,Semi-Auto,5290,Petrol,145,48.7,1.5
 3 Series,2019,44199,Semi-Auto,8680,Hybrid,135,8.8,2.0
 5 Series,2019,44922,Semi-Auto,4592,Hybrid,135,156.9,2.0
 3 Series,2019,35750,Semi-Auto,9262,Diesel,145,52.3,2.0
 3 Series,2019,33077,Automatic,13033,Petrol,145,42.2,2.0
 3 Series,2019,30225,Semi-Auto,11659,Diesel,145,55.4,2.0
 3 Series,2019,30225,Semi-Auto,12045,Diesel,145,55.4,2.0
 4 Series,2019,48099,Automatic,3500,Diesel,145,50.4,3.0
 4 Series,2019,46799,Automatic,1500,Diesel,145,60.1,2.0
 5 Series,2019,41535,Automatic,3500,Petrol,145,50.4,2.0
 2 Series,2020,41366,Manual,1500,Petrol,145,43.5,1.5
 1 Series,2020,36394,Manual,2500,Diesel,145,53.3,2.0
 3 Series,2019,46794,Automatic,17188,Diesel,145,49.6,2.0
 5 Series,2019,41535,Automatic,3500,Petrol,145,50.4,2.0
 X1,2019,41594,Automatic,9500,Diesel,145,52.3,2.0
 X1,2019,35099,Manual,4500,Petrol,145,49.6,1.5
 3 Series,2019,36977,Automatic,5500,Petrol,145,42.2,2.0
 2 Series,2019,25422,Manual,5500,Petrol,145,40.9,1.5
 5 Series,2019,42249,Automatic,9222,Diesel,145,65.7,2.0
 4 Series,2019,38999,Automatic,3403,Diesel,145,60.1,2.0
 3 Series,2020,47645,Automatic,4500,Diesel,145,49.6,2.0
 1 Series,2019,25999,Semi-Auto,5963,Petrol,145,54.3,1.5
 1 Series,2019,24694,Semi-Auto,5354,Diesel,145,68.9,1.5
 1 Series,2019,24694,Semi-Auto,5268,Diesel,145,68.9,1.5
 2 Series,2019,29249,Manual,6772,Diesel,145,60.1,2.0
 1 Series,2019,24044,Manual,7752,Diesel,145,70.6,1.5
 3 Series,2019,36394,Semi-Auto,2317,Diesel,150,52.3,2.0
 3 Series,2019,43477,Automatic,3725,Diesel,145,50.4,2.0
 3 Series,2020,48094,Automatic,4500,Diesel,145,50.4,2.0
 4 Series,2019,36394,Automatic,6514,Diesel,145,55.4,3.0
 7 Series,2020,71494,Semi-Auto,1501,Diesel,145,42.2,3.0
 X3,2019,45494,Semi-Auto,8829,Petrol,145,30.4,2.0
 X3,2020,44194,Semi-Auto,1501,Diesel,145,54.3,2.0
 4 Series,2019,34377,Automatic,6500,Diesel,145,65.7,2.0
 4 Series,2019,38994,Automatic,4837,Diesel,145,65.7,2.0
 4 Series,2019,40294,Automatic,4500,Diesel,145,58.9,2.0
 4 Series,2019,38994,Automatic,4500,Diesel,145,58.9,2.0
 3 Series,2019,40154,Automatic,6500,Diesel,145,52.3,2.0
 4 Series,2019,36399,Automatic,5891,Diesel,145,65.7,2.0
 2 Series,2019,33794,Automatic,6500,Diesel,145,46.3,2.0
 X1,2019,40294,Semi-Auto,1501,Diesel,145,52.3,2.0
 X4,2019,54594,Semi-Auto,1501,Diesel,145,40.9,3.0
 3 Series,2017,25285,Semi-Auto,24701,Diesel,30,62.8,2.0
 1 Series,2017,16185,Manual,43757,Diesel,150,72.4,1.5
 3 Series,2019,38987,Manual,16,Diesel,145,54.3,2.0
 X3,2019,44187,Semi-Auto,5434,Diesel,145,54.3,2.0
 4 Series,2020,48087,Semi-Auto,99,Diesel,145,47.9,3.0
 3 Series,2017,25994,Semi-Auto,28243,Diesel,145,60.1,2.0
 4 Series,2019,38999,Automatic,8914,Diesel,145,65.7,2.0
 5 Series,2019,48094,Automatic,6814,Diesel,145,60.1,3.0
 2 Series,2017,23387,Semi-Auto,15630,Diesel,145,62.8,2.0
 X5,2014,29900,Automatic,42310,Diesel,200,45.6,3.0
 X5,2017,39520,Automatic,24860,Diesel,145,47.1,3.0
 4 Series,2019,46735,Automatic,9250,Diesel,145,50.4,3.0
 X3,2019,43485,Automatic,9641,Petrol,145,30.4,2.0
 5 Series,2019,45494,Automatic,14500,Diesel,145,60.1,3.0
 3 Series,2019,41594,Automatic,13978,Diesel,145,52.3,2.0
 4 Series,2019,40294,Automatic,1500,Petrol,145,48.7,2.0
 X3,2019,50694,Automatic,6527,Diesel,145,54.3,2.0
 1 Series,2016,16120,Manual,49315,Diesel,20,70.6,1.5
 3 Series,2016,20462,Semi-Auto,39900,Diesel,30,62.8,2.0
 5 Series,2016,16887,Manual,54820,Diesel,125,60.1,2.0
 3 Series,2013,15470,Semi-Auto,17332,Petrol,165,47.1,2.0
 3 Series,2019,41594,Semi-Auto,4995,Diesel,145,52.3,2.0
 5 Series,2019,45487,Semi-Auto,1800,Petrol,145,47.9,2.0
 X5,2019,74087,Semi-Auto,8000,Diesel,145,33.6,3.0
 4 Series,2019,33794,Semi-Auto,3144,Petrol,145,45.6,2.0
 3 Series,2019,43797,Semi-Auto,8718,Diesel,145,47.9,3.0
 3 Series,2019,46137,Semi-Auto,10130,Diesel,145,44.1,3.0
 4 Series,2016,23394,Semi-Auto,36907,Diesel,30,65.7,2.0
 4 Series,2016,23400,Semi-Auto,36660,Diesel,125,58.9,2.0
 5 Series,2016,21957,Semi-Auto,22600,Diesel,30,62.8,2.0
 3 Series,2019,31187,Semi-Auto,7015,Diesel,145,53.3,2.0
 X5,2017,48094,Automatic,42000,Diesel,145,42.8,3.0
 3 Series,2017,23335,Manual,18799,Diesel,145,64.2,2.0
 1 Series,2019,25999,Semi-Auto,16106,Diesel,145,67.3,2.0
 4 Series,2018,28600,Semi-Auto,12490,Diesel,145,52.3,3.0
 4 Series,2016,21372,Semi-Auto,40340,Petrol,145,48.7,2.0
 X1,2017,22148,Automatic,19838,Diesel,30,65.7,2.0
 3 Series,2014,16757,Semi-Auto,52106,Diesel,30,62.8,2.0
 3 Series,2015,22347,Semi-Auto,51050,Diesel,200,49.6,3.0
 3 Series,2015,19630,Semi-Auto,34500,Petrol,160,46.3,2.0
 3 Series,2016,23734,Automatic,19060,Diesel,145,53.3,3.0
 1 Series,2016,14300,Manual,38810,Petrol,125,53.3,1.5
 X1,2019,31784,Semi-Auto,5336,Diesel,145,60.1,2.0
 X2,2019,37049,Semi-Auto,8550,Diesel,145,48.7,2.0
 Z4,2019,42184,Semi-Auto,2485,Petrol,145,38.7,2.0
 X4,2019,45499,Semi-Auto,9829,Diesel,145,42.8,2.0
 X4,2019,54599,Semi-Auto,6449,Diesel,145,37.2,3.0
 1 Series,2019,29899,Manual,3641,Diesel,145,58.9,1.5
 X5,2019,64999,Semi-Auto,5681,Diesel,145,37.7,3.0
 X3,2019,48099,Semi-Auto,4494,Diesel,145,48.7,3.0
 X3,2019,41599,Semi-Auto,6624,Diesel,145,54.3,2.0
 X2,2019,29899,Semi-Auto,7255,Petrol,145,41.5,1.5
 6 Series,2019,51999,Semi-Auto,1125,Petrol,145,34.5,3.0
 5 Series,2019,49399,Semi-Auto,3709,Diesel,145,51.4,3.0
 M4,2019,59799,Semi-Auto,2373,Petrol,145,34.0,3.0
 X4,2019,53299,Semi-Auto,8023,Petrol,145,26.9,3.0
 1 Series,2019,33794,Manual,500,Petrol,145,41.5,1.5
 X3,2019,41587,Semi-Auto,7115,Diesel,145,54.3,2.0
 Z4,2019,44187,Semi-Auto,8810,Petrol,145,37.2,2.0
 X1,2019,36387,Semi-Auto,8521,Diesel,145,60.1,2.0
 X5,2019,62387,Semi-Auto,5311,Diesel,145,37.7,3.0
 X5,2019,61087,Semi-Auto,10565,Diesel,145,37.7,3.0
 X2,2019,45494,Automatic,8728,Petrol,145,34.0,2.0
 1 Series,2019,26289,Automatic,7407,Petrol,145,47.9,2.0
 2 Series,2019,27105,Automatic,7234,Hybrid,135,148.7,1.5
 2 Series,2019,27105,Automatic,12070,Hybrid,135,148.7,1.5
 X4,2019,51994,Automatic,5505,Diesel,145,42.8,2.0
 3 Series,2019,42894,Automatic,4500,Diesel,145,50.4,2.0
 3 Series,2019,46085,Automatic,6500,Diesel,145,50.4,2.0
 3 Series,2019,29244,Semi-Auto,8886,Diesel,145,67.3,2.0
 1 Series,2019,33794,Manual,1309,Petrol,145,41.5,1.5
 1 Series,2017,22744,Semi-Auto,27756,Petrol,145,54.3,1.5
 X3,2019,71494,Semi-Auto,4490,Petrol,145,24.8,3.0
 3 Series,2016,22094,Semi-Auto,20756,Diesel,30,64.2,2.0
 5 Series,2016,22685,Semi-Auto,41123,Diesel,125,60.1,2.0
 X2,2019,38999,Automatic,6695,Diesel,145,58.9,2.0
 1 Series,2019,22677,Automatic,5500,Diesel,145,72.4,1.5
 3 Series,2019,37694,Automatic,16367,Diesel,145,52.3,2.0
 1 Series,2019,41535,Semi-Auto,8600,Petrol,145,34.5,2.0
 X5,2019,68894,Semi-Auto,10100,Diesel,145,33.6,3.0
 3 Series,2018,27944,Semi-Auto,23000,Diesel,145,62.8,2.0
 2 Series,2016,22035,Semi-Auto,47385,Petrol,160,47.1,2.0
 1 Series,2019,29894,Semi-Auto,8332,Petrol,150,42.8,1.5
 3 Series,2019,36254,Semi-Auto,10268,Diesel,150,52.3,2.0
 3 Series,2019,35094,Semi-Auto,11355,Diesel,150,52.3,2.0
 1 Series,2019,31194,Manual,6196,Petrol,150,41.5,1.5
 3 Series,2019,37694,Automatic,8446,Diesel,145,52.3,2.0
 X1,2018,30485,Automatic,18487,Diesel,145,60.1,2.0
 3 Series,2019,46794,Automatic,5500,Petrol,145,39.8,2.0
 4 Series,2019,50694,Automatic,5500,Petrol,145,41.5,3.0
 3 Series,2020,48094,Automatic,3500,Diesel,145,45.6,3.0
 X3,2020,48744,Automatic,4500,Diesel,145,54.3,2.0
 2 Series,2018,31199,Semi-Auto,14258,Petrol,150,32.5,3.0
 4 Series,2019,36335,Semi-Auto,8028,Diesel,150,53.3,3.0
 5 Series,2020,42244,Semi-Auto,931,Hybrid,145,49.6,2.0
 X1,2020,39644,Semi-Auto,3530,Diesel,145,40.9,2.0
 3 Series,2020,48099,Semi-Auto,5500,Diesel,145,45.6,3.0
 1 Series,2017,21377,Semi-Auto,20848,Petrol,145,48.7,2.0
 X3,2019,74035,Semi-Auto,6597,Petrol,145,24.8,3.0
 X6,2018,50694,Semi-Auto,18212,Diesel,145,40.9,3.0
 1 Series,2015,15275,Manual,10889,Diesel,0,78.5,1.5
 X6,2015,32500,Semi-Auto,26100,Diesel,205,45.6,3.0
 3 Series,2018,27294,Semi-Auto,19252,Diesel,145,64.2,2.0
 X1,2017,26644,Semi-Auto,16665,Diesel,125,57.6,2.0
 5 Series,2019,38994,Semi-Auto,9848,Petrol,150,48.7,2.0
 5 Series,2019,38999,Semi-Auto,6737,Petrol,150,48.7,2.0
 3 Series,2019,36254,Semi-Auto,10430,Diesel,150,52.3,2.0
 4 Series,2016,20150,Semi-Auto,59461,Diesel,30,65.7,2.0
 X5,2020,83194,Automatic,5000,Hybrid,135,188.3,3.0
 X4,2020,57844,Automatic,5000,Diesel,145,40.9,3.0
 3 Series,2017,25994,Semi-Auto,20766,Hybrid,0,134.5,2.0
 4 Series,2018,27625,Automatic,14238,Diesel,145,65.7,2.0
 2 Series,2019,35094,Automatic,2630,Diesel,145,49.6,2.0
 X2,2019,46799,Automatic,6026,Petrol,145,34.0,2.0
 5 Series,2019,40877,Automatic,2404,Diesel,145,65.7,2.0
 5 Series,2019,45499,Automatic,7195,Diesel,145,60.1,2.0
 3 Series,2019,35094,Semi-Auto,10624,Petrol,150,42.2,2.0
 5 Series,2019,33794,Semi-Auto,7554,Petrol,150,50.4,2.0
 3 Series,2019,35094,Semi-Auto,12399,Diesel,150,52.3,2.0
 3 Series,2019,35094,Semi-Auto,8021,Diesel,150,52.3,2.0
 3 Series,2019,36254,Semi-Auto,10622,Diesel,150,52.3,2.0
 3 Series,2019,31850,Semi-Auto,10125,Petrol,150,47.9,2.0
 3 Series,2019,32494,Semi-Auto,7585,Petrol,150,47.9,2.0
 3 Series,2020,42894,Automatic,4000,Diesel,145,50.4,2.0
 1 Series,2020,35094,Automatic,1500,Diesel,145,51.4,2.0
 X3,2020,49399,Automatic,2789,Diesel,145,54.3,2.0
 X1,2020,42894,Automatic,1593,Diesel,145,50.4,2.0
 5 Series,2019,35087,Automatic,7824,Petrol,145,50.4,2.0
 X5,2019,58494,Automatic,6495,Diesel,145,36.7,3.0
 1 Series,2019,21450,Manual,5500,Diesel,145,72.4,1.5
 3 Series,2019,37554,Automatic,9267,Diesel,145,52.3,2.0
 X7,2019,81894,Automatic,11055,Diesel,145,33.6,3.0
 2 Series,2019,28535,Manual,5500,Petrol,145,42.2,1.5
 4 Series,2019,38999,Automatic,1500,Petrol,145,45.6,2.0
 1 Series,2019,27299,Semi-Auto,7351,Diesel,145,68.9,2.0
 2 Series,2015,19435,Manual,46555,Diesel,125,60.1,2.0
 3 Series,2019,30485,Semi-Auto,13713,Petrol,150,48.7,2.0
 3 Series,2020,44194,Automatic,10,Diesel,145,50.4,2.0
 3 Series,2020,55894,Automatic,7500,Petrol,145,33.6,3.0
 1 Series,2020,45499,Automatic,197,Diesel,145,48.7,2.0
 Z4,2020,46794,Automatic,2500,Petrol,145,38.7,2.0
 8 Series,2020,97494,Semi-Auto,4500,Diesel,145,26.7,3.0
 7 Series,2020,70194,Semi-Auto,3500,Diesel,145,42.2,3.0
 X3,2013,19500,Semi-Auto,54150,Diesel,165,50.4,2.0
 i3,2017,27877,Automatic,22063,Hybrid,0,470.8,0.0
 1 Series,2018,30875,Semi-Auto,11941,Petrol,145,39.8,3.0
 1 Series,2018,19499,Manual,12955,Diesel,145,51.4,1.5
 1 Series,2017,20605,Manual,39806,Diesel,145,62.8,2.0
 2 Series,2019,25344,Automatic,8500,Diesel,145,54.3,1.5
 3 Series,2016,22486,Automatic,59300,Diesel,200,49.6,3.0
 X4,2019,44850,Semi-Auto,15411,Diesel,150,40.9,3.0
 X5,2018,44187,Automatic,29150,Diesel,150,47.1,3.0
 X1,2016,22568,Semi-Auto,25710,Diesel,30,65.7,2.0
 4 Series,2019,37699,Automatic,8182,Diesel,145,52.3,3.0
 X1,2017,28594,Manual,15900,Diesel,145,60.1,2.0
 5 Series,2020,55894,Automatic,7500,Hybrid,135,156.9,2.0
 1 Series,2017,27482,Semi-Auto,27150,Petrol,145,39.8,3.0
 1 Series,2017,21151,Semi-Auto,46440,Petrol,145,47.9,2.0
 X1,2016,19851,Manual,55000,Diesel,125,58.9,2.0
 1 Series,2016,25935,Semi-Auto,23210,Petrol,200,39.8,3.0
 X1,2017,24687,Semi-Auto,32420,Diesel,145,55.4,2.0
 3 Series,2013,16029,Semi-Auto,10050,Petrol,160,47.1,2.0
 X4,2015,25558,Semi-Auto,52020,Diesel,145,54.3,2.0
 1 Series,2016,19617,Semi-Auto,30480,Petrol,125,54.3,1.5
 5 Series,2016,22308,Semi-Auto,15830,Diesel,30,62.8,2.0
 4 Series,2017,21459,Automatic,26800,Diesel,30,65.7,2.0
 3 Series,2014,16757,Semi-Auto,52106,Diesel,30,62.8,2.0
 4 Series,2013,15886,Semi-Auto,73023,Diesel,125,57.6,3.0
 3 Series,2017,19877,Semi-Auto,61610,Petrol,150,48.7,2.0
 4 Series,2016,23959,Semi-Auto,22220,Diesel,30,65.7,2.0
 3 Series,2015,15587,Manual,78053,Petrol,165,44.8,2.0
 3 Series,2018,24044,Semi-Auto,26231,Diesel,145,64.2,2.0
 X1,2016,22837,Manual,23557,Diesel,125,58.9,2.0
 2 Series,2015,22035,Automatic,33300,Petrol,260,37.2,3.0
 1 Series,2016,19048,Manual,9461,Diesel,20,70.6,1.5
 3 Series,2019,51935,Semi-Auto,1341,Diesel,150,43.5,3.0
 1 Series,2013,14885,Manual,66621,Petrol,205,42.8,2.0
 5 Series,2020,46794,Automatic,2500,Hybrid,145,62.8,2.0
 4 Series,2020,42358,Automatic,2500,Petrol,145,48.7,2.0
 M2,2020,61094,Automatic,4500,Petrol,145,29.1,3.0
 1 Series,2020,42244,Automatic,10,Diesel,145,48.7,2.0
 X2,2020,45499,Automatic,1217,Diesel,145,58.9,2.0
 X4,2020,53294,Automatic,10,Diesel,145,42.8,2.0
 X2,2020,49394,Automatic,2500,Petrol,145,34.0,2.0
 3 Series,2014,16887,Semi-Auto,67617,Diesel,125,57.6,3.0
 3 Series,2017,22802,Automatic,35630,Diesel,145,62.8,2.0
 1 Series,2017,18980,Semi-Auto,37566,Diesel,150,67.3,2.0
 2 Series,2017,17668,Manual,15001,Diesel,145,74.3,1.5
 X1,2016,20788,Manual,39917,Diesel,125,58.9,2.0
 X1,2016,23270,Semi-Auto,18713,Diesel,150,55.4,2.0
 4 Series,2016,25935,Automatic,20600,Diesel,125,60.1,2.0
 4 Series,2019,35685,Semi-Auto,6124,Petrol,150,45.6,2.0
 X5,2019,67535,Semi-Auto,13,Diesel,150,37.7,3.0
 4 Series,2017,26585,Semi-Auto,26680,Petrol,150,45.6,2.0
 3 Series,2018,22035,Semi-Auto,27641,Diesel,150,65.7,2.0
 3 Series,2019,33085,Semi-Auto,9368,Diesel,150,52.3,2.0
 3 Series,2017,25285,Semi-Auto,31508,Diesel,150,62.8,2.0
 2 Series,2019,30485,Semi-Auto,8371,Petrol,150,48.7,1.5
 X5,2019,62335,Semi-Auto,6960,Diesel,150,37.7,3.0
 7 Series,2019,55835,Semi-Auto,19870,Petrol,150,33.6,3.0
 1 Series,2020,35744,Semi-Auto,1500,Diesel,145,51.4,2.0
 3 Series,2020,51994,Semi-Auto,5302,Diesel,145,45.6,3.0
 3 Series,2020,43544,Semi-Auto,4500,Diesel,145,48.7,2.0
 X1,2017,24635,Semi-Auto,40519,Diesel,125,57.6,2.0
 2 Series,2018,25935,Semi-Auto,27312,Diesel,145,57.6,2.0
 3 Series,2015,22685,Semi-Auto,55109,Diesel,160,51.4,3.0
 1 Series,2015,18135,Manual,36916,Petrol,150,50.4,1.6
 1 Series,2018,23985,Semi-Auto,14324,Diesel,150,49.6,2.0
 5 Series,2020,41594,Semi-Auto,6000,Hybrid,145,60.1,2.0
 3 Series,2020,45494,Semi-Auto,10,Diesel,145,49.6,2.0
 X2,2020,42244,Semi-Auto,1255,Diesel,145,58.9,2.0
 5 Series,2020,45494,Semi-Auto,10,Hybrid,145,49.6,2.0
 1 Series,2020,40944,Semi-Auto,1250,Diesel,145,48.7,2.0
 3 Series,2020,44194,Semi-Auto,4500,Diesel,145,50.4,2.0
 3 Series,2020,47444,Semi-Auto,789,Diesel,145,49.6,2.0
 2 Series,2020,29835,Manual,14,Petrol,145,52.3,1.5
 1 Series,2019,29835,Manual,2181,Diesel,145,72.4,1.5
 2 Series,2020,33085,Semi-Auto,6,Diesel,145,49.6,2.0
 4 Series,2020,46085,Semi-Auto,10,Diesel,145,47.9,3.0
 5 Series,2020,38935,Semi-Auto,9,Hybrid,145,49.6,2.0
 3 Series,2019,33085,Semi-Auto,11208,Diesel,145,52.3,2.0
 5 Series,2019,39585,Semi-Auto,10191,Hybrid,135,156.9,2.0
 X3,2019,44785,Semi-Auto,5015,Diesel,145,54.3,2.0
 X2,2019,41535,Semi-Auto,6801,Diesel,145,58.9,2.0
 2 Series,2019,26585,Semi-Auto,7404,Petrol,145,53.3,1.5
 3 Series,2016,19435,Semi-Auto,51741,Diesel,30,62.8,2.0
 1 Series,2018,17485,Manual,33113,Diesel,150,68.9,2.0
 3 Series,2019,40885,Semi-Auto,4618,Diesel,150,52.3,2.0
 X4,2019,55185,Semi-Auto,10910,Diesel,150,42.8,2.0
 4 Series,2019,33735,Semi-Auto,11259,Diesel,150,60.1,2.0
 X3,2015,27235,Semi-Auto,28416,Diesel,150,54.3,2.0
 3 Series,2018,27885,Semi-Auto,16244,Petrol,150,48.7,2.0
 5 Series,2019,49985,Automatic,14522,Diesel,145,62.8,2.0
 4 Series,2019,40299,Semi-Auto,8701,Petrol,145,41.5,3.0
 X3,2019,51999,Semi-Auto,3769,Petrol,145,34.5,3.0
 X5,2019,68899,Semi-Auto,6297,Petrol,145,27.2,3.0
 3 Series,2019,29835,Semi-Auto,6414,Diesel,145,62.8,2.0
 2 Series,2019,30485,Semi-Auto,3564,Petrol,145,50.4,2.0
 X1,2016,22035,Semi-Auto,35900,Diesel,125,60.1,2.0
 M4,2017,43485,Semi-Auto,25777,Petrol,145,34.0,3.0
 4 Series,2017,25935,Semi-Auto,18801,Diesel,30,65.7,2.0
 4 Series,2017,24310,Semi-Auto,21950,Diesel,145,65.7,2.0
 3 Series,2017,22295,Semi-Auto,35825,Diesel,145,62.8,2.0
 X1,2018,21411,Manual,27041,Diesel,150,68.9,2.0
 X2,2019,34449,Manual,2424,Diesel,145,49.6,2.0
 3 Series,2019,36399,Semi-Auto,7035,Diesel,145,48.7,2.0
 2 Series,2019,28599,Semi-Auto,9957,Diesel,145,49.6,2.0
 6 Series,2019,41599,Semi-Auto,7994,Petrol,145,42.8,2.0
 2 Series,2019,31199,Semi-Auto,6883,Petrol,145,47.9,2.0
 5 Series,2019,51999,Semi-Auto,5877,Diesel,145,60.1,2.0
 X3,2019,48099,Automatic,1500,Diesel,145,54.3,2.0
 5 Series,2019,50694,Automatic,6500,Hybrid,135,156.9,2.0
 X3,2019,48099,Automatic,7105,Diesel,145,54.3,2.0
 4 Series,2019,42894,Manual,3500,Petrol,145,46.3,2.0
 2 Series,2019,29835,Semi-Auto,8539,Petrol,145,50.4,1.5
 3 Series,2014,16185,Manual,56523,Diesel,125,57.6,2.0
 X3,2016,29835,Semi-Auto,9214,Diesel,150,54.3,2.0
 5 Series,2018,37635,Semi-Auto,15878,Diesel,150,53.3,3.0
 2 Series,2015,20735,Manual,25652,Petrol,125,53.3,1.5
 4 Series,2019,35035,Semi-Auto,3849,Diesel,145,60.1,2.0
 X2,2019,34385,Manual,3172,Diesel,145,55.4,2.0
 4 Series,2019,35035,Semi-Auto,4842,Diesel,145,60.1,2.0
 X1,2020,35035,Manual,18,Petrol,145,49.6,1.5
 4 Series,2019,35035,Semi-Auto,8812,Diesel,145,60.1,2.0
 Z4,2019,35685,Semi-Auto,7363,Petrol,145,38.2,2.0
 5 Series,2019,41535,Semi-Auto,10776,Diesel,145,60.1,3.0
 4 Series,2019,43544,Automatic,99,Petrol,145,48.7,2.0
 X3,2019,48094,Automatic,3500,Diesel,145,54.3,2.0
 X3,2019,45435,Automatic,5325,Diesel,145,54.3,2.0
 X3,2019,48035,Automatic,2500,Diesel,145,54.3,2.0
 X3,2019,46799,Automatic,7000,Diesel,145,54.3,2.0
 4 Series,2019,45494,Automatic,3999,Petrol,145,41.5,3.0
 Z4,2015,21385,Semi-Auto,22583,Petrol,200,41.5,2.0
 2 Series,2019,27235,Manual,4434,Diesel,145,64.2,2.0
 1 Series,2018,25935,Semi-Auto,9271,Petrol,145,47.9,2.0
 1 Series,2016,16835,Manual,52647,Diesel,30,65.7,2.0
 X4,2016,28535,Semi-Auto,50944,Diesel,205,47.9,3.0
 5 Series,2017,27235,Semi-Auto,37034,Diesel,150,65.7,2.0
 5 Series,2020,38285,Semi-Auto,10,Petrol,145,36.2,2.0
 3 Series,2020,29835,Manual,11,Diesel,145,58.9,2.0
 2 Series,2020,30485,Semi-Auto,8,Diesel,145,67.3,2.0
 3 Series,2020,38935,Semi-Auto,20,Petrol,145,41.5,2.0
 2 Series,2020,31135,Semi-Auto,11,Petrol,145,50.4,1.5
 X3,2019,43485,Semi-Auto,2839,Diesel,145,54.3,2.0
 5 Series,2019,39585,Semi-Auto,4885,Diesel,145,60.1,2.0
 4 Series,2019,34385,Semi-Auto,3989,Petrol,145,45.6,2.0
 X5,2019,68835,Semi-Auto,3309,Petrol,145,27.2,3.0
 1 Series,2019,29835,Semi-Auto,4811,Diesel,145,60.1,2.0
 4 Series,2020,35035,Semi-Auto,10,Diesel,145,65.7,2.0
 3 Series,2016,22685,Semi-Auto,16413,Diesel,30,62.8,2.0
 3 Series,2019,40885,Semi-Auto,3000,Petrol,145,42.2,2.0
 1 Series,2018,29835,Semi-Auto,14537,Diesel,150,60.1,2.0
 2 Series,2019,32435,Semi-Auto,4534,Diesel,145,46.3,2.0
 X5,2017,41535,Automatic,27932,Diesel,145,47.1,3.0
 1 Series,2019,24635,Semi-Auto,7990,Diesel,145,68.9,1.5
 X7,2019,96135,Semi-Auto,9121,Diesel,145,31.4,3.0
 2 Series,2019,26585,Semi-Auto,3344,Diesel,145,49.6,2.0
 4 Series,2019,34385,Semi-Auto,3376,Diesel,145,60.1,2.0
 3 Series,2019,31135,Semi-Auto,5445,Diesel,145,62.8,2.0
 X6,2015,48035,Semi-Auto,22032,Petrol,570,25.4,4.4
 3 Series,2019,33735,Semi-Auto,2344,Diesel,145,62.8,2.0
 2 Series,2019,28535,Semi-Auto,9275,Petrol,145,40.9,1.5
 2 Series,2019,23985,Manual,7293,Diesel,145,54.3,2.0
 1 Series,2019,28535,Manual,101,Diesel,145,70.6,1.5
 1 Series,2019,24635,Manual,6675,Diesel,145,70.6,1.5
 X4,2019,60385,Semi-Auto,9374,Diesel,145,37.2,3.0
 1 Series,2019,29732,Manual,3000,Petrol,145,41.5,1.5
 X3,2019,40885,Semi-Auto,9053,Diesel,145,54.3,2.0
 X2,2019,35035,Semi-Auto,11386,Diesel,145,58.9,2.0
 2 Series,2020,45435,Semi-Auto,1107,Diesel,145,62.8,2.0
 2 Series,2020,42185,Semi-Auto,1118,Diesel,145,51.4,2.0
 6 Series,2020,58435,Semi-Auto,1237,Diesel,145,44.1,2.0
 2 Series,2019,29835,Manual,9688,Diesel,145,65.7,2.0
 2 Series,2019,28535,Semi-Auto,7423,Diesel,145,65.7,2.0
 2 Series,2019,32435,Semi-Auto,13,Diesel,145,62.8,2.0
 2 Series,2019,33085,Semi-Auto,13,Diesel,145,62.8,2.0
 X3,2019,45435,Semi-Auto,14,Diesel,145,54.3,2.0
 4 Series,2019,40235,Semi-Auto,6212,Petrol,145,44.8,2.0
 2 Series,2019,27235,Semi-Auto,6418,Petrol,145,47.9,2.0
 1 Series,2019,23985,Semi-Auto,8644,Diesel,145,47.9,1.5
 2 Series,2019,28535,Manual,10,Diesel,145,64.2,2.0
 X2,2019,33085,Semi-Auto,9467,Diesel,145,50.4,2.0
 3 Series,2019,36985,Semi-Auto,13998,Petrol,145,42.2,2.0
 3 Series,2019,36985,Semi-Auto,14850,Diesel,145,48.7,2.0
 1 Series,2019,25935,Manual,10,Petrol,145,53.3,1.5
 3 Series,2019,43485,Semi-Auto,5004,Diesel,145,49.6,2.0
 Z4,2019,42185,Semi-Auto,9955,Petrol,145,38.7,2.0
 X2,2019,35685,Semi-Auto,14368,Diesel,145,58.9,2.0
 3 Series,2019,43074,Semi-Auto,5,Diesel,145,52.3,2.0
 1 Series,2018,26585,Semi-Auto,14602,Diesel,145,60.1,2.0
 M4,2016,129935,Automatic,771,Petrol,300,33.2,3.0
 X4,2017,29900,Semi-Auto,18441,Diesel,145,54.3,2.0
 5 Series,2019,43544,Semi-Auto,4913,Diesel,145,51.4,3.0
 X5,2019,58500,Semi-Auto,9450,Diesel,145,37.7,3.0
 1 Series,2015,22035,Semi-Auto,38178,Petrol,240,37.7,3.0
 3 Series,2019,33735,Semi-Auto,3655,Diesel,150,52.3,2.0
 2 Series,2016,15600,Manual,37847,Petrol,125,53.3,1.5
 3 Series,2019,38350,Semi-Auto,5000,Diesel,145,48.7,2.0
 X4,2017,32500,Semi-Auto,18150,Diesel,200,47.9,3.0
 5 Series,2017,32494,Semi-Auto,50195,Petrol,150,39.2,3.0
 2 Series,2017,18200,Semi-Auto,19826,Petrol,150,55.4,1.5
 2 Series,2016,18844,Semi-Auto,39326,Petrol,125,51.4,1.5
 5 Series,2015,19226,Semi-Auto,44684,Diesel,125,60.1,2.0
 3 Series,2015,23387,Automatic,27369,Diesel,160,51.4,3.0
 2 Series,2018,25935,Semi-Auto,10206,Petrol,145,50.4,1.5
 3 Series,2016,22035,Semi-Auto,28059,Diesel,30,62.8,2.0
 2 Series,2017,23335,Semi-Auto,10816,Petrol,145,51.4,1.5
 2 Series,2019,39585,Semi-Auto,20,Diesel,145,62.8,2.0
 X3,2019,46085,Semi-Auto,8891,Diesel,145,54.3,2.0
 4 Series,2019,48685,Semi-Auto,10,Diesel,145,60.1,2.0
 X2,2020,48035,Semi-Auto,10,Diesel,145,50.4,2.0
 5 Series,2019,40885,Semi-Auto,500,Diesel,145,62.8,2.0
 X1,2019,30485,Manual,10,Petrol,145,51.4,1.5
 1 Series,2019,30485,Manual,10,Diesel,145,70.6,1.5
 3 Series,2018,27885,Semi-Auto,5184,Diesel,145,64.2,2.0
 2 Series,2020,38935,Semi-Auto,10,Diesel,145,48.7,2.0
 1 Series,2020,34444,Semi-Auto,10,Petrol,145,42.8,1.5
 3 Series,2020,51935,Semi-Auto,10,Diesel,145,48.7,2.0
 X2,2019,33085,Semi-Auto,5652,Diesel,145,47.9,2.0
 2 Series,2020,33800,Semi-Auto,1501,Petrol,145,42.2,1.5
 1 Series,2019,29900,Manual,2361,Petrol,145,41.5,1.5
 3 Series,2019,40300,Semi-Auto,2974,Diesel,145,49.6,2.0
 4 Series,2019,35100,Semi-Auto,100,Diesel,145,65.7,2.0
 3 Series,2019,40300,Semi-Auto,100,Diesel,145,52.3,2.0
 2 Series,2019,27300,Manual,50,Petrol,145,52.3,1.5
 1 Series,2019,32500,Semi-Auto,1705,Diesel,145,51.4,2.0
 1 Series,2019,20735,Manual,8004,Petrol,150,53.3,1.5
 3 Series,2019,40235,Semi-Auto,3724,Diesel,145,52.3,2.0
 X5,2019,66235,Semi-Auto,4322,Diesel,150,37.7,3.0
 2 Series,2019,28535,Semi-Auto,7211,Petrol,150,47.9,2.0
 1 Series,2019,33735,Semi-Auto,6581,Diesel,145,67.3,2.0
 3 Series,2019,38285,Semi-Auto,5392,Diesel,145,52.3,2.0
 X2,2020,40300,Semi-Auto,1121,Petrol,145,34.0,2.0
 Z4,2020,40300,Semi-Auto,1595,Petrol,145,38.7,2.0
 1 Series,2019,23400,Manual,6097,Petrol,145,53.3,1.5
 3 Series,2019,35100,Semi-Auto,4814,Diesel,145,52.3,2.0
 3 Series,2020,44200,Semi-Auto,1595,Diesel,145,50.4,2.0
 X6,2020,72794,Semi-Auto,3291,Diesel,145,33.2,3.0
 2 Series,2016,19494,Manual,13250,Diesel,20,68.9,2.0
 1 Series,2013,11694,Manual,56361,Diesel,30,62.8,2.0
 X3,2015,22744,Semi-Auto,38013,Diesel,150,54.3,2.0
 1 Series,2019,42900,Semi-Auto,2250,Petrol,150,34.5,2.0
 X3,2017,24700,Semi-Auto,33316,Diesel,150,54.3,2.0
 X3,2018,38350,Semi-Auto,28885,Diesel,150,48.7,3.0
 M3,2015,40300,Semi-Auto,16517,Petrol,305,34.0,3.0
 2 Series,2016,20794,Semi-Auto,24735,Diesel,30,62.8,2.0
 3 Series,2020,41600,Semi-Auto,1798,Diesel,145,52.3,2.0
 3 Series,2018,29894,Semi-Auto,8259,Petrol,145,48.7,2.0
 3 Series,2014,15145,Semi-Auto,89096,Diesel,145,55.4,2.0
 1 Series,2016,13702,Manual,69981,Petrol,125,53.3,1.5
 1 Series,2017,14339,Manual,35321,Diesel,145,83.1,1.5
 3 Series,2014,16068,Semi-Auto,68469,Diesel,125,57.6,2.0
 1 Series,2017,17810,Automatic,20574,Diesel,145,70.6,2.0
 X3,2017,25208,Semi-Auto,58044,Diesel,145,54.3,2.0
 7 Series,2017,50635,Semi-Auto,7500,Petrol,150,35.3,4.4
 M4,2019,61035,Semi-Auto,4500,Petrol,150,32.5,3.0
 1 Series,2019,23400,Manual,4696,Petrol,145,53.3,1.5
 3 Series,2020,38999,Semi-Auto,9,Diesel,145,50.4,2.0
 6 Series,2020,44199,Semi-Auto,11,Petrol,145,42.8,2.0
 3 Series,2020,33799,Manual,4,Diesel,145,54.3,2.0
 4 Series,2020,50992,Semi-Auto,10,Petrol,145,48.7,2.0
 4 Series,2020,62602,Semi-Auto,10,Petrol,145,44.8,2.0
 X4,2019,58500,Semi-Auto,7815,Petrol,145,26.9,3.0
 2 Series,2016,22685,Semi-Auto,31473,Diesel,145,55.4,2.0
 X3,2020,46800,Semi-Auto,3116,Diesel,145,54.3,2.0
 2 Series,2020,36400,Semi-Auto,1501,Diesel,145,65.7,2.0
 1 Series,2020,35100,Semi-Auto,1501,Diesel,145,51.4,2.0
 M2,2020,59800,Semi-Auto,1501,Petrol,145,29.1,3.0
 X1,2019,38350,Semi-Auto,6000,Diesel,145,60.1,2.0
 X1,2019,29900,Manual,1701,Petrol,145,51.4,1.5
 X1,2017,25994,Semi-Auto,20570,Diesel,145,55.4,2.0
 3 Series,2019,36400,Manual,6899,Diesel,145,54.3,2.0
 3 Series,2019,37700,Semi-Auto,8555,Petrol,145,40.9,2.0
 X1,2019,32500,Semi-Auto,8650,Diesel,145,60.1,2.0
 X5,2019,63700,Semi-Auto,6170,Diesel,145,37.7,3.0
 X1,2014,14300,Semi-Auto,50924,Diesel,160,52.3,2.0
 X7,2020,93600,Semi-Auto,3116,Diesel,145,31.4,3.0
 3 Series,2018,25994,Semi-Auto,21657,Diesel,145,62.8,2.0
 5 Series,2019,53391,Automatic,10,Diesel,145,65.7,2.0
 2 Series,2019,43472,Automatic,10,Diesel,145,64.2,2.0
 4 Series,2019,45494,Automatic,10,Petrol,145,45.6,2.0
 4 Series,2019,45494,Automatic,10,Petrol,145,45.6,2.0
 5 Series,2019,38854,Automatic,14139,Diesel,145,55.4,2.0
 X3,2019,55634,Semi-Auto,999,Diesel,145,48.7,3.0
 X5,2019,67594,Semi-Auto,11,Diesel,145,37.7,3.0
 3 Series,2020,36399,Semi-Auto,6,Petrol,145,42.2,2.0
 X6,2020,76699,Semi-Auto,3,Petrol,145,26.4,3.0
 2 Series,2016,18194,Semi-Auto,42569,Diesel,20,68.9,1.5
 5 Series,2018,38994,Semi-Auto,39000,Diesel,150,51.4,3.0
 X6,2019,71500,Semi-Auto,2455,Diesel,145,34.9,3.0
 4 Series,2020,62602,Semi-Auto,10,Petrol,145,44.8,2.0
 1 Series,2017,18200,Manual,32380,Diesel,30,65.7,2.0
 X1,2019,29900,Manual,1571,Petrol,145,51.4,1.5
 1 Series,2017,18850,Manual,13681,Diesel,145,65.7,2.0
 2 Series,2015,16900,Semi-Auto,47555,Diesel,30,65.7,2.0
 5 Series,2016,18194,Semi-Auto,45850,Diesel,20,68.9,2.0
 2 Series,2017,20085,Manual,20663,Petrol,30,55.4,1.5
 2 Series,2020,37635,Semi-Auto,10,Petrol,145,40.9,1.5
 3 Series,2020,51935,Semi-Auto,10,Diesel,145,48.7,2.0
 X3,2019,53885,Semi-Auto,5425,Diesel,145,36.7,3.0
 1 Series,2019,30550,Semi-Auto,3000,Petrol,145,40.4,1.5
 X3,2019,46233,Semi-Auto,642,Diesel,145,54.3,2.0
 3 Series,2018,33085,Semi-Auto,16735,Diesel,145,51.4,3.0
 X1,2014,14235,Semi-Auto,52900,Diesel,160,52.3,2.0
 Z4,2019,40934,Automatic,3644,Petrol,145,38.7,2.0
 1 Series,2019,21954,Automatic,11747,Diesel,145,72.4,1.5
 5 Series,2019,51994,Automatic,10,Hybrid,135,156.9,2.0
 4 Series,2019,44194,Automatic,10,Diesel,145,60.1,2.0
 4 Series,2019,42894,Automatic,10,Petrol,145,48.7,2.0
 4 Series,2019,51994,Automatic,10,Diesel,145,60.1,2.0
 2 Series,2019,29894,Manual,10,Petrol,145,42.8,1.5
 2 Series,2019,35064,Manual,10,Petrol,145,52.3,1.5
 X5,2019,60437,Semi-Auto,13015,Diesel,145,37.7,3.0
 3 Series,2019,35744,Manual,1841,Diesel,145,54.3,2.0
 4 Series,2019,45494,Automatic,10,Petrol,145,48.7,2.0
 4 Series,2019,51994,Automatic,10,Diesel,145,50.4,3.0
 1 Series,2019,21954,Automatic,8503,Diesel,145,72.4,1.5
 X1,2017,22094,Manual,19980,Diesel,20,68.9,2.0
 1 Series,2016,24694,Semi-Auto,24075,Petrol,235,37.7,3.0
 1 Series,2017,18194,Semi-Auto,42430,Diesel,145,70.6,2.0
 X3,2019,48087,Semi-Auto,5527,Diesel,145,48.7,3.0
 3 Series,2014,18194,Semi-Auto,67319,Diesel,30,62.8,2.0
 X3,2019,48087,Semi-Auto,5104,Diesel,145,54.3,2.0
 X2,2019,36387,Semi-Auto,8592,Diesel,145,58.9,2.0
 3 Series,2019,51994,Automatic,999,Petrol,145,34.9,3.0
 X1,2020,28599,Manual,18,Petrol,145,51.4,1.5
 1 Series,2019,30284,Semi-Auto,4694,Diesel,150,57.7,1.5
 X5,2016,37694,Automatic,46085,Diesel,200,47.1,3.0
 8 Series,2020,81894,Semi-Auto,11,Petrol,145,31.7,3.0
 3 Series,2013,16894,Manual,37333,Diesel,150,55.4,2.0
 i3,2017,24694,Automatic,33021,Hybrid,0,470.8,0.0
 1 Series,2016,18194,Semi-Auto,41397,Diesel,30,65.7,2.0
 M2,2020,55899,Semi-Auto,15,Petrol,150,29.1,3.0
 3 Series,2017,27294,Semi-Auto,20400,Hybrid,140,134.5,2.0
 4 Series,2018,27294,Semi-Auto,14972,Petrol,150,45.6,2.0
 4 Series,2019,33134,Automatic,5627,Petrol,145,45.6,2.0
 M4,2019,62394,Automatic,999,Petrol,145,34.0,3.0
 3 Series,2019,45494,Automatic,5873,Diesel,145,50.4,2.0
 4 Series,2019,38994,Automatic,999,Diesel,145,53.3,3.0
 M2,2019,61094,Automatic,999,Petrol,145,29.1,3.0
 1 Series,2019,36254,Automatic,999,Diesel,145,51.4,2.0
 4 Series,2019,39585,Automatic,10638,Petrol,145,39.2,3.0
 X5,2019,58354,Automatic,12082,Diesel,145,37.7,3.0
 3 Series,2019,44194,Semi-Auto,7974,Hybrid,135,8.8,2.0
 3 Series,2016,25344,Semi-Auto,29125,Diesel,150,56.5,3.0
 3 Series,2019,41594,Automatic,999,Petrol,145,42.2,2.0
 X3,2017,24694,Semi-Auto,60000,Diesel,150,54.3,2.0
 1 Series,2017,25994,Manual,26574,Petrol,150,46.3,2.0
 3 Series,2015,22094,Semi-Auto,67000,Diesel,200,49.6,3.0
 1 Series,2017,29900,Semi-Auto,13783,Petrol,150,39.8,3.0
 4 Series,2019,44967,Automatic,999,Petrol,145,45.6,2.0
 1 Series,2019,25854,Manual,999,Diesel,145,72.4,1.5
 3 Series,2016,24554,Automatic,17749,Diesel,145,56.5,3.0
 1 Series,2017,20794,Manual,15992,Diesel,30,65.7,2.0
 5 Series,2020,53294,Semi-Auto,2712,Hybrid,145,55.4,2.0
 2 Series,2019,29894,Manual,999,Petrol,145,42.2,1.5
 X1,2019,36394,Automatic,999,Petrol,145,35.3,2.0
 3 Series,2019,40154,Manual,999,Diesel,145,54.3,2.0
 5 Series,2019,40294,Automatic,999,Diesel,145,65.7,2.0
 3 Series,2019,44054,Automatic,999,Diesel,145,50.4,2.0
 4 Series,2019,51858,Automatic,5806,Diesel,145,51.4,3.0
 1 Series,2019,35088,Manual,3250,Petrol,145,41.5,1.5
 X6,2019,76687,Semi-Auto,3371,Diesel,145,34.9,3.0
 5 Series,2019,41314,Semi-Auto,13384,Diesel,145,60.1,3.0
 3 Series,2019,39989,Semi-Auto,3465,Diesel,150,52.3,2.0
 Z4,2014,3999,Manual,31074,Petrol,205,41.5,2.0
 2 Series,2019,25155,Automatic,10500,Diesel,145,51.4,2.0
 X3,2018,37989,Semi-Auto,9406,Diesel,145,54.3,2.0
 3 Series,2019,38680,Semi-Auto,8853,Diesel,145,52.3,2.0
 X5,2019,62387,Semi-Auto,7275,Diesel,145,37.7,3.0
 1 Series,2017,28226,Automatic,25500,Petrol,145,39.8,3.0
 2 Series,2019,30047,Semi-Auto,8039,Petrol,145,47.9,2.0
 1 Series,2017,17980,Manual,20112,Petrol,150,53.3,1.5
 1 Series,2017,26105,Semi-Auto,32000,Petrol,200,39.8,3.0
 1 Series,2017,19494,Manual,16366,Diesel,150,65.7,2.0
 3 Series,2019,28594,Semi-Auto,18000,Diesel,145,62.8,2.0
 3 Series,2020,45494,Semi-Auto,11,Diesel,145,49.6,2.0
 3 Series,2020,50122,Semi-Auto,11,Petrol,145,34.9,3.0
 X3,2019,46144,Semi-Auto,6156,Diesel,145,48.7,3.0
 3 Series,2020,54022,Semi-Auto,9,Petrol,145,33.6,3.0
 X5,2019,61077,Semi-Auto,9820,Diesel,145,37.7,3.0
 2 Series,2020,47802,Semi-Auto,485,Petrol,145,36.2,2.0
 4 Series,2014,19423,Semi-Auto,49460,Petrol,165,44.1,2.0
 3 Series,2014,16030,Semi-Auto,41000,Diesel,30,62.8,2.0
 X1,2019,33384,Automatic,1768,Diesel,145,65.7,2.0
 Z4,2019,41080,Automatic,2200,Petrol,145,37.2,2.0
 X1,2017,23219,Semi-Auto,20932,Diesel,30,65.7,2.0
 2 Series,2018,22012,Semi-Auto,16132,Diesel,150,64.2,2.0
 X3,2019,44790,Semi-Auto,10032,Diesel,145,54.3,2.0
 1 Series,2019,41328,Semi-Auto,6000,Petrol,150,34.5,2.0
 2 Series,2018,31799,Semi-Auto,5190,Petrol,150,32.5,3.0
 X2,2019,48075,Semi-Auto,7197,Petrol,150,34.0,2.0
 5 Series,2019,36881,Semi-Auto,6251,Petrol,145,50.4,2.0
 3 Series,2019,41665,Automatic,4700,Diesel,145,52.3,2.0
 1 Series,2019,40170,Automatic,5345,Petrol,145,34.5,2.0
 3 Series,2019,53937,Automatic,4830,Diesel,145,43.5,3.0
 X3,2019,73219,Semi-Auto,4620,Petrol,145,24.8,3.0
 M4,2019,63713,Automatic,837,Petrol,145,34.0,3.0
 X5,2020,81888,Semi-Auto,123,Diesel,145,37.7,3.0
 3 Series,2020,50688,Semi-Auto,132,Diesel,145,52.3,2.0
 X1,2020,48088,Semi-Auto,800,Diesel,145,60.1,2.0
 6 Series,2020,58488,Semi-Auto,123,Diesel,145,42.2,2.0
 3 Series,2015,18148,Automatic,33330,Diesel,125,60.1,2.0
 X3,2017,25935,Automatic,49100,Diesel,145,54.3,2.0
 1 Series,2017,17836,Manual,9617,Petrol,150,53.3,1.5
 X2,2020,51988,Semi-Auto,700,Petrol,145,34.0,2.0
 6 Series,2017,41630,Semi-Auto,3546,Diesel,145,48.7,3.0
 5 Series,2018,47011,Semi-Auto,9270,Petrol,145,39.2,3.0
 X1,2019,33826,Automatic,3197,Diesel,145,65.7,2.0
 4 Series,2019,38896,Semi-Auto,5732,Diesel,145,60.1,2.0
 4 Series,2019,36361,Semi-Auto,7383,Petrol,145,48.7,2.0
 1 Series,2015,14684,Automatic,27054,Diesel,20,72.4,1.5
 X5,2017,52211,Automatic,10914,Diesel,145,42.8,3.0
 X1,2018,29266,Semi-Auto,14100,Diesel,145,60.1,2.0
 Z4,2020,51988,Semi-Auto,202,Petrol,145,37.2,2.0
 8 Series,2020,90988,Semi-Auto,419,Petrol,145,33.2,3.0
 8 Series,2020,87088,Semi-Auto,123,Petrol,145,33.2,3.0
 X2,2019,30723,Manual,8100,Diesel,145,53.3,2.0
 2 Series,2019,31034,Semi-Auto,1105,Diesel,145,52.3,2.0
 2 Series,2019,30215,Manual,10,Petrol,145,52.3,1.5
 2 Series,2019,29579,Semi-Auto,8020,Diesel,145,65.7,2.0
 2 Series,2019,30839,Semi-Auto,123,Diesel,145,49.6,2.0
 3 Series,2019,38769,Semi-Auto,1020,Diesel,145,52.3,2.0
 1 Series,2019,38285,Semi-Auto,3743,Petrol,145,34.5,2.0
 1 Series,2019,26224,Semi-Auto,5500,Petrol,145,54.3,1.5
 3 Series,2013,19072,Semi-Auto,27604,Petrol,200,43.5,2.0
 M5,2018,80330,Automatic,5856,Petrol,145,26.9,4.4
 2 Series,2017,24037,Semi-Auto,14440,Diesel,145,64.2,2.0
 X3,2019,42835,Semi-Auto,4953,Petrol,145,30.4,2.0
 3 Series,2016,19877,Semi-Auto,42328,Diesel,30,62.8,2.0
 X3,2016,20144,Manual,60813,Diesel,160,52.3,2.0
 X1,2016,22685,Automatic,43475,Diesel,125,57.6,2.0
 X1,2017,24694,Semi-Auto,26249,Petrol,160,44.8,2.0
 1 Series,2018,20144,Manual,7950,Petrol,145,37.7,1.5
 4 Series,2017,25994,Semi-Auto,21888,Diesel,145,55.4,3.0
 X1,2017,25344,Semi-Auto,23397,Diesel,125,57.6,2.0
 X1,2016,24694,Semi-Auto,17604,Diesel,125,60.1,2.0
 2 Series,2016,19494,Semi-Auto,56010,Diesel,125,57.6,2.0
 3 Series,2019,28588,Semi-Auto,12245,Petrol,145,47.9,2.0
 5 Series,2018,33794,Semi-Auto,15255,Hybrid,135,156.9,2.0
 1 Series,2017,19045,Manual,12616,Diesel,30,65.7,2.0
 X1,2017,25402,Automatic,34240,Diesel,125,57.6,2.0
 2 Series,2016,20943,Semi-Auto,28280,Petrol,125,53.3,1.5
 3 Series,2016,18855,Manual,35210,Diesel,30,64.2,2.0
 3 Series,2016,18183,Manual,22030,Petrol,150,49.6,1.5
 1 Series,2016,19048,Manual,9461,Diesel,20,70.6,1.5
 3 Series,2016,22932,Semi-Auto,28590,Diesel,145,56.5,3.0
 5 Series,2017,29237,Semi-Auto,36549,Diesel,30,65.7,2.0
 i3,2017,27937,Automatic,26139,Hybrid,135,470.8,0.0
 X3,2016,25987,Semi-Auto,34325,Diesel,145,54.3,2.0
 5 Series,2017,28327,Automatic,27744,Diesel,145,60.1,2.0
 2 Series,2019,28587,Automatic,8351,Hybrid,135,148.7,1.5
 X5,2019,68887,Automatic,10,Diesel,145,37.7,3.0
 2 Series,2019,29185,Automatic,11275,Hybrid,135,148.7,1.5
 2 Series,2019,25337,Automatic,5809,Diesel,145,51.4,2.0
 1 Series,2019,29757,Semi-Auto,1581,Diesel,145,74.3,2.0
 1 Series,2019,28587,Semi-Auto,1540,Diesel,145,78.5,1.5
 X2,2020,41587,Semi-Auto,5,Petrol,145,39.8,2.0
 2 Series,2016,16835,Manual,36633,Diesel,20,74.3,1.5
 X2,2018,33137,Semi-Auto,10597,Diesel,145,58.9,2.0
 4 Series,2019,32354,Manual,8129,Petrol,145,46.3,2.0
 X4,2020,61094,Semi-Auto,999,Diesel,145,37.2,3.0
 X5,2018,45494,Automatic,26107,Hybrid,135,85.6,2.0
 2 Series,2016,22087,Semi-Auto,27589,Diesel,30,62.8,2.0
 3 Series,2019,41587,Automatic,9850,Diesel,145,52.3,2.0
 3 Series,2019,45487,Automatic,7250,Diesel,145,49.6,2.0
 2 Series,2019,33735,Automatic,5000,Diesel,145,48.7,2.0
 3 Series,2019,41594,Automatic,7693,Diesel,145,52.3,2.0
 X1,2016,19494,Manual,30000,Diesel,20,68.9,2.0
 X1,2019,36898,Manual,999,Diesel,145,68.9,2.0
 X6,2019,55754,Automatic,10231,Diesel,145,44.8,3.0
 4 Series,2019,40154,Automatic,3309,Diesel,145,60.1,2.0
 1 Series,2018,29894,Semi-Auto,12537,Petrol,145,39.8,3.0
 Z4,2019,57194,Automatic,4401,Petrol,145,33.2,3.0
 5 Series,2014,19227,Semi-Auto,40715,Diesel,30,62.8,2.0
 3 Series,2017,20527,Manual,35238,Diesel,30,64.2,2.0
 X1,2017,25337,Automatic,19090,Diesel,145,65.7,2.0
 2 Series,2017,28457,Semi-Auto,25223,Petrol,200,39.8,3.0
 7 Series,2017,44187,Semi-Auto,28998,Petrol,300,35.3,4.4
 3 Series,2019,38857,Automatic,5211,Diesel,145,52.3,2.0
 3 Series,2019,41587,Automatic,5,Petrol,145,42.2,2.0
 2 Series,2020,37694,Semi-Auto,5,Diesel,145,67.3,2.0
 5 Series,2017,29237,Semi-Auto,26002,Diesel,145,68.9,2.0
 2 Series,2020,37037,Semi-Auto,5,Petrol,145,50.4,2.0
 1 Series,2020,42887,Semi-Auto,6870,Diesel,145,48.7,2.0
 X1,2020,37687,Semi-Auto,1981,Petrol,145,46.3,1.5
 4 Series,2019,41587,Automatic,7800,Petrol,145,44.8,2.0
 2 Series,2019,38987,Automatic,6300,Hybrid,135,113.0,1.5
 X2,2019,44837,Automatic,5730,Petrol,145,34.0,2.0
 X1,2017,25987,Semi-Auto,32000,Diesel,125,57.6,2.0
 3 Series,2018,28587,Semi-Auto,8426,Petrol,145,48.7,2.0
 4 Series,2018,28587,Semi-Auto,20611,Diesel,145,60.1,2.0
 3 Series,2019,40235,Semi-Auto,7586,Petrol,145,41.5,2.0
 X3,2020,59788,Semi-Auto,120,Diesel,150,48.7,3.0
 X2,2019,48075,Semi-Auto,4497,Petrol,150,34.0,2.0
 3 Series,2014,19347,Semi-Auto,63820,Diesel,165,49.6,3.0
 3 Series,2019,46787,Automatic,6393,Diesel,145,52.3,2.0
 3 Series,2019,38987,Automatic,7337,Diesel,145,52.3,2.0
 1 Series,2019,44187,Automatic,9599,Petrol,145,34.5,2.0
 3 Series,2019,42887,Automatic,9892,Diesel,145,48.7,2.0
 1 Series,2019,41587,Automatic,4920,Petrol,145,34.5,2.0
 3 Series,2019,51207,Automatic,8945,Diesel,145,43.5,3.0
 4 Series,2019,40287,Automatic,9897,Diesel,145,53.3,3.0
 4 Series,2020,35087,Semi-Auto,7,Petrol,145,48.7,2.0
 3 Series,2020,45487,Semi-Auto,4100,Petrol,145,41.5,2.0
 1 Series,2017,21827,Manual,15468,Petrol,145,46.3,2.0
 3 Series,2020,48087,Semi-Auto,2475,Petrol,145,40.4,2.0
 X5,2017,45487,Automatic,27044,Diesel,145,47.1,3.0
 1 Series,2020,42894,Semi-Auto,5,Diesel,145,48.7,2.0
 3 Series,2014,17473,Manual,38000,Diesel,30,61.4,2.0
 3 Series,2014,18879,Semi-Auto,67000,Diesel,125,58.9,2.0
 2 Series,2016,17579,Manual,53207,Diesel,20,68.9,1.5
 X3,2016,27210,Semi-Auto,38489,Diesel,145,54.3,2.0
 2 Series,2019,25831,Manual,123,Petrol,145,42.8,1.5
 X3,2019,45347,Semi-Auto,6000,Petrol,145,30.4,2.0
 2 Series,2017,19097,Semi-Auto,24997,Diesel,20,68.9,2.0
 1 Series,2015,13897,Manual,61676,Diesel,20,70.6,2.0
 3 Series,2019,44187,Semi-Auto,9598,Diesel,150,47.9,3.0
 1 Series,2019,29757,Manual,5463,Petrol,150,41.5,1.5
 1 Series,2019,29757,Manual,5842,Petrol,150,41.5,1.5
 1 Series,2019,29757,Manual,11506,Petrol,150,41.5,1.5
 X5,2019,67587,Semi-Auto,9607,Petrol,150,27.2,3.0
 X1,2019,35737,Semi-Auto,5742,Petrol,150,48.7,2.0
 X3,2019,50635,Semi-Auto,3290,Diesel,150,54.3,2.0
 1 Series,2019,29250,Manual,7781,Petrol,150,41.5,1.5
 3 Series,2019,55894,Automatic,1606,Petrol,145,34.9,3.0
 5 Series,2020,40294,Semi-Auto,999,Hybrid,145,49.6,2.0
 X3,2020,46794,Semi-Auto,4373,Diesel,145,54.3,2.0
 4 Series,2020,34775,Semi-Auto,2986,Diesel,150,65.7,2.0
 2 Series,2020,35750,Semi-Auto,1086,Petrol,150,42.2,1.5
 X1,2019,33800,Semi-Auto,2400,Diesel,150,60.1,2.0
 1 Series,2019,26975,Manual,4619,Petrol,150,44.1,1.5
 3 Series,2019,43225,Semi-Auto,8496,Diesel,145,47.9,3.0
 2 Series,2020,25350,Automatic,5746,Petrol,150,42.2,1.5
 1 Series,2016,18525,Manual,18372,Petrol,125,52.3,1.5
 X3,2019,47450,Semi-Auto,7503,Petrol,150,34.5,3.0
 3 Series,2015,16899,Semi-Auto,45191,Diesel,125,58.9,2.0
 1 Series,2017,18054,Manual,40014,Diesel,20,70.6,1.5
 3 Series,2019,42754,Automatic,13136,Petrol,145,42.2,2.0
 5 Series,2019,45354,Automatic,948,Diesel,145,55.4,2.0
 1 Series,2019,37554,Automatic,999,Diesel,145,48.7,2.0
 X6,2020,90994,Semi-Auto,999,Diesel,145,34.9,3.0
 3 Series,2019,38854,Manual,2454,Diesel,145,54.3,2.0
 4 Series,2019,38854,Manual,999,Petrol,145,46.3,2.0
 2 Series,2016,14944,Manual,26883,Petrol,125,52.3,1.5
 6 Series,2016,29887,Semi-Auto,21654,Diesel,200,49.6,3.0
 1 Series,2016,15242,Manual,32000,Diesel,20,72.4,1.5
 X1,2017,27950,Automatic,25100,Diesel,145,57.6,2.0
 2 Series,2016,13520,Manual,72890,Petrol,125,53.3,1.5
 3 Series,2019,34385,Semi-Auto,2754,Diesel,150,52.3,2.0
 3 Series,2019,35685,Semi-Auto,7491,Petrol,150,41.5,2.0
 1 Series,2019,33787,Semi-Auto,6596,Diesel,150,51.4,2.0
 X1,2015,23387,Semi-Auto,10258,Diesel,30,65.7,2.0
 X1,2017,31187,Semi-Auto,1061,Petrol,165,44.8,2.0
 M3,2019,81894,Semi-Auto,5957,Petrol,145,33.2,3.0
 1 Series,2017,20654,Automatic,20890,Diesel,145,68.9,2.0
 3 Series,2020,40300,Semi-Auto,986,Diesel,150,50.4,2.0
 3 Series,2020,45500,Semi-Auto,1986,Petrol,145,40.4,2.0
 1 Series,2017,24700,Semi-Auto,42657,Petrol,200,39.8,3.0
 X5,2019,66950,Semi-Auto,10,Diesel,145,37.7,3.0
 4 Series,2019,32175,Semi-Auto,4642,Petrol,145,45.6,2.0
 2 Series,2017,21125,Semi-Auto,23374,Diesel,150,65.7,2.0
 3 Series,2018,23394,Semi-Auto,40456,Diesel,145,64.2,2.0
 3 Series,2019,33654,Automatic,2258,Diesel,145,62.8,2.0
 X5,2019,62394,Automatic,999,Diesel,145,37.7,3.0
 1 Series,2019,23254,Automatic,999,Petrol,145,55.5,1.5
 4 Series,2019,37554,Automatic,3419,Diesel,145,60.1,2.0
 4 Series,2014,20654,Manual,38000,Diesel,125,57.6,2.0
 3 Series,2018,32354,Semi-Auto,7298,Diesel,145,51.4,3.0
 X6,2020,72800,Automatic,7486,Diesel,145,34.9,3.0
 X2,2020,42900,Semi-Auto,3986,Petrol,145,34.0,2.0
 3 Series,2020,44200,Semi-Auto,4986,Diesel,145,47.9,3.0
 2 Series,2020,44200,Semi-Auto,2986,Petrol,145,36.2,2.0
 i3,2017,24700,Automatic,23983,Hybrid,0,470.8,0.0
 X1,2020,34775,Automatic,1000,Diesel,145,47.9,2.0
 M2,2019,59800,Manual,4534,Petrol,145,28.5,3.0
 5 Series,2017,32500,Automatic,18677,Diesel,145,60.1,3.0
 X1,2019,29575,Manual,10879,Petrol,145,39.8,1.5
 5 Series,2019,39650,Semi-Auto,8993,Hybrid,135,156.9,2.0
 X1,2016,26650,Semi-Auto,19010,Diesel,125,57.6,2.0
 3 Series,2019,33800,Semi-Auto,4315,Petrol,145,42.2,2.0
 X1,2017,26000,Semi-Auto,24150,Diesel,145,57.6,2.0
 3 Series,2019,33800,Semi-Auto,5358,Diesel,145,52.3,2.0
 3 Series,2017,21450,Semi-Auto,38620,Diesel,150,64.2,2.0
 X3,2019,41925,Semi-Auto,4386,Diesel,150,54.3,2.0
 5 Series,2015,17792,Automatic,77715,Diesel,160,52.3,3.0
 2 Series,2018,27238,Semi-Auto,42912,Petrol,150,47.9,2.0
 4 Series,2014,23481,Semi-Auto,49745,Diesel,165,50.4,3.0
 X1,2018,25897,Semi-Auto,25059,Diesel,150,60.1,2.0
 1 Series,2019,26975,Manual,5692,Petrol,145,44.1,1.5
 X1,2019,29900,Manual,8561,Petrol,145,39.8,1.5
 5 Series,2019,47450,Semi-Auto,1475,Petrol,150,39.2,3.0
 1 Series,2019,26975,Manual,5225,Petrol,150,44.1,1.5
 1 Series,2019,26975,Manual,6860,Petrol,150,44.1,1.5
 1 Series,2020,36192,Semi-Auto,150,Diesel,145,51.4,2.0
 4 Series,2019,42172,Manual,3792,Diesel,145,62.8,2.0
 2 Series,2020,47892,Semi-Auto,2422,Petrol,145,36.2,2.0
 4 Series,2020,51025,Semi-Auto,151,Diesel,150,47.9,3.0
 1 Series,2013,14288,Semi-Auto,46439,Petrol,150,48.7,1.6
 4 Series,2017,25155,Automatic,18399,Diesel,30,64.2,2.0
 3 Series,2017,23908,Semi-Auto,31116,Hybrid,0,134.5,2.0
 X2,2018,28744,Semi-Auto,16708,Petrol,150,38.7,2.0
 3 Series,2019,38303,Semi-Auto,4251,Petrol,145,42.2,2.0
 X2,2019,41769,Semi-Auto,11571,Petrol,145,34.0,2.0
 1 Series,2019,39546,Semi-Auto,10159,Petrol,145,34.5,2.0
 X3,2019,72293,Automatic,3367,Petrol,145,24.8,3.0
 3 Series,2017,22094,Manual,28700,Petrol,150,47.9,2.0
 1 Series,2017,18850,Manual,13681,Diesel,150,65.7,2.0
 2 Series,2019,25344,Manual,4824,Petrol,150,52.3,1.5
 2 Series,2019,25344,Manual,7937,Petrol,150,54.3,1.5
 X1,2017,26939,Semi-Auto,22636,Petrol,160,44.8,2.0
 2 Series,2019,37219,Semi-Auto,2564,Diesel,145,67.3,2.0
 X1,2019,33449,Semi-Auto,4495,Petrol,145,38.2,2.0
 X6,2015,34401,Semi-Auto,60930,Diesel,200,47.1,3.0
 1 Series,2014,13601,Manual,29260,Petrol,145,50.4,1.6
 1 Series,2016,19345,Manual,42452,Diesel,30,62.8,2.0
 X1,2017,25637,Semi-Auto,18800,Diesel,125,60.1,2.0
 X5,2016,31086,Automatic,89676,Diesel,200,47.1,3.0
 i3,2014,18437,Automatic,37161,Hybrid,0,470.8,0.0
 X6,2019,80410,Semi-Auto,1000,Diesel,145,34.9,3.0
 X1,2019,33596,Semi-Auto,7117,Diesel,145,60.1,2.0
 3 Series,2015,19477,Automatic,45909,Diesel,30,62.8,2.0
 X5,2019,67605,Semi-Auto,4000,Diesel,145,37.7,3.0
 4 Series,2016,25793,Semi-Auto,30968,Petrol,160,44.1,2.0
 X5,2019,68887,Semi-Auto,10,Diesel,150,37.7,3.0
 1 Series,2019,29757,Manual,10927,Petrol,150,41.5,1.5
 X2,2018,31844,Semi-Auto,13147,Diesel,150,58.9,2.0
 5 Series,2015,20149,Semi-Auto,43013,Diesel,30,62.8,2.0
 X5,2016,36582,Automatic,43003,Diesel,200,47.1,3.0
 X1,2017,27950,Semi-Auto,24814,Diesel,145,55.4,2.0
 X6,2016,27235,Semi-Auto,29211,Diesel,205,47.1,3.0
 X5,2014,26585,Automatic,89000,Diesel,205,45.6,3.0
 4 Series,2016,29448,Semi-Auto,33766,Petrol,200,41.5,3.0
 5 Series,2017,31123,Semi-Auto,23095,Diesel,125,60.1,2.0
 2 Series,2015,23416,Semi-Auto,13642,Diesel,125,57.6,2.0
 2 Series,2015,18045,Manual,25283,Petrol,150,47.9,2.0
 3 Series,2019,35822,Manual,7887,Diesel,145,54.3,2.0
 X5,2019,72787,Semi-Auto,6007,Diesel,145,33.6,3.0
 X2,2019,38146,Semi-Auto,1644,Petrol,145,36.2,2.0
 3 Series,2013,14394,Manual,78852,Diesel,30,62.8,2.0
 3 Series,2015,25533,Semi-Auto,23503,Diesel,160,51.4,3.0
 X1,2019,33691,Automatic,4230,Diesel,145,60.1,2.0
 2 Series,2019,28439,Automatic,7910,Diesel,145,64.2,2.0
 4 Series,2016,24097,Automatic,32814,Petrol,145,48.7,2.0
 M4,2019,54582,Automatic,144,Petrol,145,34.0,3.0
 X5,2019,68887,Semi-Auto,10,Diesel,150,37.7,3.0
 X5,2019,62387,Semi-Auto,8481,Diesel,150,37.7,3.0
 2 Series,2019,32097,Semi-Auto,7338,Petrol,150,47.9,2.0
 X5,2019,70005,Semi-Auto,16,Diesel,150,37.7,3.0
 4 Series,2016,25987,Semi-Auto,35900,Diesel,125,60.1,2.0
 3 Series,2017,27287,Semi-Auto,36000,Hybrid,135,134.5,2.0
 4 Series,2020,35970,Manual,151,Diesel,150,62.8,2.0
 X5,2015,38013,Automatic,35552,Diesel,205,47.1,3.0
 2 Series,2016,23354,Semi-Auto,20379,Diesel,125,60.1,2.0
 3 Series,2014,12925,Manual,97185,Diesel,30,65.7,2.0
 3 Series,2015,21633,Semi-Auto,49396,Petrol,160,44.1,2.0
 3 Series,2019,27877,Semi-Auto,6329,Diesel,145,55.4,2.0
 5 Series,2019,42380,Semi-Auto,8260,Hybrid,140,156.9,2.0
 3 Series,2019,34450,Semi-Auto,7120,Petrol,150,47.9,2.0
 3 Series,2018,22099,Manual,7000,Diesel,145,67.3,2.0
 3 Series,2019,37699,Automatic,11681,Diesel,145,52.3,2.0
 4 Series,2019,39182,Automatic,7583,Diesel,145,60.1,2.0
 3 Series,2019,45110,Semi-Auto,6006,Diesel,145,49.6,2.0
 4 Series,2019,40573,Automatic,4300,Diesel,145,53.3,3.0
 X1,2019,32305,Automatic,9784,Diesel,145,60.1,2.0
 3 Series,2019,24699,Automatic,11749,Diesel,145,62.8,2.0
 1 Series,2019,21522,Manual,9451,Diesel,145,68.9,2.0
 1 Series,2019,24699,Automatic,1000,Diesel,145,70.6,2.0
 X6,2019,54314,Semi-Auto,13000,Diesel,145,44.8,3.0
 4 Series,2019,38457,Automatic,5684,Petrol,145,41.5,3.0
 4 Series,2019,36010,Manual,110,Petrol,145,46.3,2.0
 1 Series,2017,18778,Automatic,21500,Diesel,145,72.4,1.5
 X3,2019,71499,Automatic,500,Petrol,145,24.8,3.0
 M2,2019,57850,Semi-Auto,4929,Petrol,150,29.1,3.0
 i3,2017,27950,Automatic,10900,Hybrid,140,470.8,0.0
 X1,2016,24050,Automatic,27000,Diesel,145,55.4,2.0
 3 Series,2015,19494,Automatic,44000,Diesel,145,56.5,3.0
 M4,2017,45958,Semi-Auto,9215,Petrol,300,34.0,3.0
 X2,2019,46111,Automatic,1566,Diesel,145,58.9,2.0
 1 Series,2016,20150,Semi-Auto,37753,Diesel,20,67.3,2.0
 5 Series,2017,33800,Semi-Auto,43533,Diesel,150,53.3,3.0
 Z4,2020,57590,Semi-Auto,1801,Petrol,150,33.2,3.0
 M4,2018,51999,Semi-Auto,10809,Petrol,150,34.0,3.0
 5 Series,2018,32499,Semi-Auto,17371,Diesel,145,62.8,2.0
 3 Series,2019,36399,Automatic,9214,Diesel,145,52.3,2.0
 5 Series,2019,37699,Automatic,13000,Petrol,145,47.9,2.0
 X3,2019,43927,Semi-Auto,3633,Petrol,145,30.4,2.0
 X4,2019,55315,Semi-Auto,8515,Petrol,145,26.9,3.0
 M2,2019,54743,Automatic,5644,Petrol,145,29.1,3.0
 2 Series,2019,27118,Manual,5684,Petrol,145,42.8,1.5
 2 Series,2019,27105,Manual,3993,Petrol,145,42.8,1.5
 2 Series,2019,30095,Semi-Auto,5035,Diesel,145,49.6,2.0
 2 Series,2019,27235,Manual,2178,Diesel,145,51.4,2.0
 3 Series,2020,54594,Automatic,4300,Petrol,145,33.6,3.0
 3 Series,2019,38999,Automatic,12143,Diesel,145,52.3,2.0
 X3,2019,45499,Automatic,12774,Diesel,145,54.3,2.0
 2 Series,2019,36394,Automatic,110,Diesel,145,64.2,2.0
 5 Series,2019,34954,Automatic,8070,Diesel,145,65.7,2.0
 4 Series,2019,35094,Manual,110,Petrol,145,46.3,2.0
 2 Series,2019,26722,Automatic,9736,Petrol,145,50.4,2.0
 2 Series,2019,27299,Automatic,37,Petrol,145,47.9,2.0
 M3,2017,70194,Automatic,3824,Petrol,145,34.0,3.0
 X3,2019,40867,Automatic,6172,Diesel,145,54.3,2.0
 4 Series,2019,29484,Automatic,9820,Petrol,145,45.6,2.0
 3 Series,2019,45695,Automatic,5920,Diesel,145,47.9,3.0
 M5,2019,105482,Semi-Auto,551,Petrol,145,24.1,4.4
 X1,2019,40664,Semi-Auto,2865,Diesel,145,36.7,2.0
 X2,2019,42562,Automatic,3857,Petrol,145,39.2,2.0
 3 Series,2019,41119,Automatic,4400,Diesel,145,52.3,2.0
 X6,2019,86775,Semi-Auto,2519,Petrol,145,26.4,3.0
 3 Series,2019,36400,Semi-Auto,8653,Petrol,145,46.3,2.0
 X5,2019,67594,Semi-Auto,11,Diesel,145,37.7,3.0
 3 Series,2019,42899,Automatic,4418,Diesel,145,49.6,2.0
 4 Series,2019,41398,Semi-Auto,6155,Diesel,145,47.9,3.0
 3 Series,2019,30189,Semi-Auto,11010,Diesel,145,54.3,2.0
 5 Series,2019,38999,Automatic,3936,Petrol,145,47.9,2.0
 2 Series,2019,27299,Semi-Auto,4923,Petrol,145,47.9,2.0
 3 Series,2019,36399,Automatic,14590,Diesel,145,52.3,2.0
 X5,2019,66170,Automatic,99,Diesel,145,37.7,3.0
 X2,2019,49855,Automatic,99,Diesel,145,58.9,2.0
 3 Series,2019,41594,Manual,894,Diesel,145,54.3,2.0
 X1,2019,36254,Manual,99,Diesel,145,48.7,2.0
 X1,2019,33799,Manual,99,Petrol,145,52.3,1.5
 X3,2019,44850,Automatic,1000,Diesel,145,54.3,2.0
 2 Series,2019,36394,Automatic,99,Diesel,145,47.1,2.0
 M4,2019,59799,Automatic,99,Petrol,145,34.0,3.0
 M4,2019,75140,Automatic,99,Petrol,145,34.0,3.0
 5 Series,2019,38994,Automatic,1000,Petrol,145,50.4,2.0
 7 Series,2016,44194,Semi-Auto,15143,Diesel,160,52.3,3.0
 5 Series,2020,38987,Semi-Auto,12,Hybrid,150,62.8,2.0
 3 Series,2020,42894,Semi-Auto,10,Diesel,145,50.4,2.0
 X5,2019,75400,Automatic,4010,Diesel,145,33.6,3.0
 X3,2019,47089,Semi-Auto,4624,Diesel,145,48.7,3.0
 X3,2019,46280,Semi-Auto,1299,Diesel,145,54.3,2.0
 5 Series,2019,43477,Semi-Auto,4118,Petrol,145,46.3,2.0
 2 Series,2019,27299,Manual,4524,Petrol,145,57.6,1.5
 1 Series,2019,28599,Semi-Auto,2040,Petrol,145,43.5,1.5
 1 Series,2019,33799,Semi-Auto,575,Diesel,145,62.8,2.0
 1 Series,2019,28889,Manual,397,Petrol,145,44.1,1.5
 2 Series,2018,24699,Automatic,254,Petrol,145,38.2,2.0
 4 Series,2019,37699,Semi-Auto,1000,Diesel,145,65.7,2.0
 X5,2019,94900,Automatic,5,Hybrid,135,188.3,3.0
 3 Series,2019,38422,Automatic,5035,Diesel,145,50.4,2.0
 4 Series,2019,41594,Manual,110,Diesel,145,55.4,2.0
 X1,2019,33799,Automatic,1100,Diesel,145,60.1,2.0
 4 Series,2019,45500,Automatic,110,Diesel,145,65.7,2.0
 4 Series,2019,29899,Automatic,1000,Diesel,145,60.1,2.0
 X3,2019,41925,Semi-Auto,4829,Diesel,150,54.3,2.0
 5 Series,2015,21775,Semi-Auto,27563,Petrol,160,46.3,2.0
 6 Series,2017,35100,Automatic,17942,Petrol,145,32.1,4.4
 X1,2017,25675,Semi-Auto,19159,Diesel,145,60.1,2.0
 2 Series,2016,22094,Semi-Auto,37573,Diesel,145,55.4,2.0
 1 Series,2013,12994,Manual,33731,Diesel,20,68.9,2.0
 3 Series,2017,28594,Semi-Auto,25542,Diesel,160,51.4,3.0
 X5,2019,66294,Semi-Auto,4151,Diesel,145,37.7,3.0
 3 Series,2019,45494,Semi-Auto,4255,Diesel,145,49.6,2.0
 3 Series,2019,33794,Semi-Auto,5687,Diesel,145,52.3,2.0
 3 Series,2015,19494,Semi-Auto,40781,Diesel,125,61.4,2.0
 X3,2019,48087,Semi-Auto,5922,Diesel,145,54.3,2.0
 3 Series,2019,36387,Manual,3319,Diesel,145,54.3,2.0
 1 Series,2019,28599,Semi-Auto,1591,Petrol,145,43.5,1.5
 3 Series,2019,45499,Automatic,20329,Diesel,145,48.7,2.0
 7 Series,2019,61099,Semi-Auto,10504,Petrol,145,34.5,3.0
 X2,2020,42302,Semi-Auto,99,Petrol,150,39.2,2.0
 X7,2019,94250,Automatic,5929,Diesel,145,31.4,3.0
 3 Series,2016,19499,Manual,26307,Petrol,145,47.9,2.0
 3 Series,2018,24310,Semi-Auto,42565,Diesel,145,64.2,2.0
 3 Series,2018,35100,Semi-Auto,12513,Diesel,145,51.4,3.0
 1 Series,2015,15984,Semi-Auto,56000,Diesel,20,67.3,2.0
 X3,2016,22744,Semi-Auto,31100,Diesel,145,54.3,2.0
 1 Series,2016,18080,Semi-Auto,13708,Diesel,20,68.9,1.5
 5 Series,2018,35750,Semi-Auto,3627,Hybrid,135,156.9,2.0
 7 Series,2017,44200,Semi-Auto,34024,Hybrid,0,128.4,2.0
 3 Series,2017,25350,Semi-Auto,9377,Hybrid,0,134.5,2.0
 2 Series,2020,25350,Automatic,4330,Petrol,145,42.2,1.5
 2 Series,2020,28600,Automatic,5436,Diesel,145,67.3,2.0
 2 Series,2020,25350,Automatic,3622,Petrol,145,42.2,1.5
 8 Series,2020,77994,Semi-Auto,700,Petrol,145,31.7,3.0
 5 Series,2019,38422,Automatic,15094,Diesel,145,65.7,2.0
 X5,2019,67587,Semi-Auto,12,Diesel,145,37.7,3.0
 Z4,2016,21450,Semi-Auto,29850,Petrol,205,41.5,2.0
 3 Series,2018,27950,Semi-Auto,13058,Diesel,150,60.1,2.0
 3 Series,2015,20540,Manual,23293,Diesel,145,55.4,2.0
 3 Series,2016,23394,Semi-Auto,43417,Diesel,160,51.4,3.0
 X2,2019,32494,Semi-Auto,4980,Diesel,145,52.3,2.0
 X6,2018,47522,Semi-Auto,17500,Diesel,145,40.9,3.0
 4 Series,2020,38350,Semi-Auto,10,Petrol,145,48.7,2.0
 3 Series,2019,37554,Automatic,10799,Diesel,145,52.3,2.0
 3 Series,2019,43809,Semi-Auto,7736,Hybrid,135,8.8,2.0
 X3,2019,56550,Semi-Auto,5554,Petrol,145,34.5,3.0
 5 Series,2019,44850,Automatic,99,Hybrid,135,156.9,2.0
 1 Series,2019,25999,Semi-Auto,6386,Petrol,145,47.9,2.0
 1 Series,2019,37050,Semi-Auto,9058,Diesel,150,51.4,2.0
 3 Series,2017,27294,Semi-Auto,26810,Hybrid,0,134.5,2.0
 2 Series,2019,24694,Semi-Auto,8157,Petrol,150,40.9,1.5
 1 Series,2014,12739,Manual,46000,Petrol,145,50.4,1.6
 3 Series,2017,14949,Manual,66488,Diesel,20,68.9,2.0
 1 Series,2017,25935,Semi-Auto,30173,Petrol,205,39.8,3.0
 2 Series,2017,22243,Semi-Auto,34032,Diesel,145,65.7,2.0
 4 Series,2018,25181,Automatic,26739,Diesel,145,65.7,2.0
 3 Series,2014,14040,Manual,50810,Diesel,30,61.4,2.0
 4 Series,2019,36127,Semi-Auto,7298,Petrol,145,41.5,3.0
 5 Series,2019,36387,Automatic,14541,Diesel,145,65.7,2.0
 X5,2019,68237,Semi-Auto,7443,Petrol,145,27.2,3.0
 X1,2020,41372,Semi-Auto,99,Diesel,145,47.9,2.0
 X5,2019,64337,Semi-Auto,3252,Diesel,145,37.7,3.0
 1 Series,2019,33799,Semi-Auto,1356,Diesel,145,50.4,2.0
 X1,2019,33787,Semi-Auto,7333,Diesel,145,60.1,2.0
 3 Series,2019,45487,Semi-Auto,8005,Petrol,145,40.4,2.0
 1 Series,2016,17550,Automatic,34144,Diesel,20,68.9,1.5
 3 Series,2016,20930,Automatic,45759,Diesel,145,56.5,3.0
 X3,2016,29185,Semi-Auto,22699,Diesel,200,47.9,3.0
 4 Series,2016,22287,Manual,18250,Petrol,160,46.3,2.0
 4 Series,2017,25342,Semi-Auto,14465,Diesel,145,65.7,2.0
 M5,2016,33799,Semi-Auto,49689,Petrol,565,28.5,4.4
 1 Series,2013,12994,Manual,59995,Diesel,30,62.8,2.0
 2 Series,2018,23068,Semi-Auto,17771,Diesel,150,62.8,2.0
 5 Series,2017,37356,Semi-Auto,21638,Diesel,150,53.3,3.0
 1 Series,2017,18054,Manual,15512,Petrol,150,53.3,1.5
 X1,2019,39722,Automatic,1000,Diesel,150,50.4,2.0
 3 Series,2019,33137,Semi-Auto,6219,Petrol,150,42.2,2.0
 3 Series,2019,34437,Semi-Auto,7385,Petrol,150,41.5,2.0
 X1,2019,28405,Automatic,6141,Petrol,145,46.3,1.5
 2 Series,2017,23387,Semi-Auto,30488,Diesel,145,55.4,2.0
 3 Series,2019,38987,Automatic,13376,Diesel,145,52.3,2.0
 X6,2016,37635,Semi-Auto,31585,Diesel,200,47.1,3.0
 3 Series,2017,20150,Semi-Auto,47251,Diesel,30,64.2,2.0
 1 Series,2018,15860,Semi-Auto,45648,Diesel,150,72.4,1.5
 4 Series,2019,32487,Semi-Auto,8830,Petrol,145,48.7,2.0
 X3,2016,28587,Semi-Auto,28211,Diesel,150,54.3,2.0
 3 Series,2017,18194,Semi-Auto,32871,Diesel,145,68.9,2.0
 2 Series,2019,33124,Automatic,10,Hybrid,135,113.0,1.5
 X5,2019,63687,Semi-Auto,6439,Diesel,145,37.7,3.0
 2 Series,2017,24687,Semi-Auto,20000,Petrol,150,50.4,1.5
 1 Series,2017,19487,Semi-Auto,26525,Petrol,150,55.5,1.5
 3 Series,2019,28587,Semi-Auto,10586,Diesel,145,55.4,2.0
 1 Series,2019,31187,Manual,10,Petrol,145,44.1,1.5
 X3,2019,70187,Automatic,3961,Petrol,145,24.8,3.0
 X2,2019,36387,Automatic,9182,Petrol,145,39.8,2.0
 2 Series,2019,27287,Semi-Auto,2139,Petrol,145,53.3,1.5
 3 Series,2019,40287,Automatic,2579,Diesel,145,52.3,2.0
 X5,2019,63687,Automatic,8336,Diesel,145,37.7,3.0
 3 Series,2019,54587,Automatic,10028,Diesel,145,43.5,3.0
 4 Series,2018,31187,Semi-Auto,17592,Petrol,145,48.7,2.0
 5 Series,2017,33787,Semi-Auto,48883,Diesel,145,53.3,3.0
 5 Series,2017,28327,Semi-Auto,24794,Diesel,30,65.7,2.0
 X1,2017,24694,Semi-Auto,30872,Diesel,145,57.6,2.0
 3 Series,2016,22094,Semi-Auto,22035,Diesel,30,62.8,2.0
 5 Series,2015,24044,Semi-Auto,36200,Diesel,160,50.4,3.0
 1 Series,2013,12994,Manual,56369,Diesel,125,58.9,2.0
 1 Series,2017,18194,Manual,22119,Diesel,150,68.9,2.0
 5 Series,2013,13000,Semi-Auto,87457,Diesel,145,56.5,2.0
 i8,2017,77935,Automatic,9992,Hybrid,135,134.5,1.5
 3 Series,2020,40287,Semi-Auto,4506,Diesel,150,52.3,2.0
 1 Series,2020,41587,Semi-Auto,3150,Petrol,150,34.5,2.0
 3 Series,2018,25987,Manual,2459,Petrol,150,47.9,2.0
 4 Series,2019,38987,Semi-Auto,9448,Petrol,145,41.5,3.0
 2 Series,2015,22737,Semi-Auto,36000,Petrol,265,37.2,3.0
 X1,2018,27300,Semi-Auto,22964,Diesel,145,60.1,2.0
 1 Series,2016,17940,Automatic,11510,Diesel,20,70.6,2.0
 X1,2016,24700,Automatic,13044,Diesel,125,57.6,2.0
 5 Series,2019,39650,Semi-Auto,7536,Petrol,145,46.3,2.0
 3 Series,2016,25337,Automatic,30088,Petrol,160,46.3,2.0
 X5,2017,42887,Automatic,39593,Diesel,200,47.1,3.0
 5 Series,2017,31187,Semi-Auto,29283,Diesel,125,60.1,2.0
 5 Series,2017,29237,Semi-Auto,32466,Diesel,145,60.1,2.0
 5 Series,2016,21437,Semi-Auto,26037,Diesel,20,68.9,2.0
 3 Series,2019,28327,Semi-Auto,8748,Petrol,145,44.8,2.0
 X1,2017,25994,Semi-Auto,48000,Diesel,125,57.6,2.0
 6 Series,2018,37687,Semi-Auto,10250,Diesel,145,49.6,3.0
 4 Series,2019,44187,Semi-Auto,5763,Petrol,145,39.2,3.0
 1 Series,2019,24687,Semi-Auto,10746,Diesel,145,67.3,2.0
 3 Series,2019,35087,Semi-Auto,7522,Petrol,145,41.5,2.0
 4 Series,2019,33787,Semi-Auto,11555,Petrol,145,46.3,2.0
 M4,2020,64337,Semi-Auto,7,Petrol,145,32.5,3.0
 2 Series,2020,31187,Semi-Auto,9,Petrol,145,47.9,2.0
 3 Series,2020,41587,Semi-Auto,11,Petrol,145,40.4,2.0
 Z4,2020,41587,Semi-Auto,9,Petrol,145,38.7,2.0
 Z4,2020,44187,Semi-Auto,10,Petrol,145,37.2,2.0
 X3,2019,47450,Semi-Auto,5664,Diesel,145,54.3,2.0
 M4,2019,66300,Semi-Auto,1072,Petrol,145,34.0,3.0
 X3,2019,54600,Automatic,169,Diesel,145,54.3,2.0
 4 Series,2016,27225,Automatic,39734,Petrol,260,37.2,3.0
 4 Series,2019,36390,Semi-Auto,9756,Diesel,150,65.7,2.0
 X6,2019,86165,Semi-Auto,2710,Petrol,145,26.4,3.0
 X3,2019,46800,Semi-Auto,2864,Diesel,145,54.3,2.0
 X3,2019,45500,Automatic,6847,Diesel,145,54.3,2.0
 X1,2019,31850,Manual,1765,Petrol,145,51.4,1.5
 M5,2019,91000,Automatic,6568,Petrol,145,24.1,4.4
 1 Series,2017,20800,Semi-Auto,45580,Diesel,125,61.4,2.0
 3 Series,2019,30550,Semi-Auto,21,Diesel,145,70.6,2.0
 4 Series,2015,18567,Semi-Auto,66453,Diesel,30,65.7,2.0
 3 Series,2014,26536,Semi-Auto,30852,Diesel,160,52.3,3.0
 X1,2017,27294,Semi-Auto,20101,Diesel,145,57.6,2.0
 X1,2019,35974,Semi-Auto,2897,Petrol,145,35.3,2.0
 2 Series,2019,25406,Manual,1996,Petrol,145,42.8,1.5
 X7,2019,84499,Semi-Auto,1500,Diesel,150,33.6,3.0
 3 Series,2015,24675,Semi-Auto,40443,Diesel,165,51.4,3.0
 i3,2017,30876,Automatic,28169,Hybrid,0,470.8,0.0
 3 Series,2018,26918,Automatic,11499,Diesel,145,62.8,2.0
 5 Series,2018,44853,Automatic,13641,Diesel,145,51.4,3.0
 2 Series,2019,26666,Semi-Auto,9114,Petrol,145,50.4,1.5
 3 Series,2019,53967,Semi-Auto,4670,Petrol,145,34.9,3.0
 3 Series,2014,20775,Manual,50100,Diesel,150,56.5,2.0
 3 Series,2019,36115,Manual,11701,Diesel,150,54.3,2.0
 X1,2017,25975,Semi-Auto,24534,Diesel,150,55.4,2.0
 M2,2019,64999,Automatic,2935,Petrol,145,29.1,3.0
 2 Series,2018,27275,Manual,15674,Petrol,150,47.1,1.5
 3 Series,2017,29875,Semi-Auto,29994,Petrol,205,41.5,3.0
 1 Series,2017,20775,Manual,44426,Petrol,150,52.3,1.5
 5 Series,2015,22750,Manual,26355,Diesel,160,52.3,2.0
 4 Series,2019,37700,Semi-Auto,2741,Diesel,145,60.1,2.0
 5 Series,2019,35750,Semi-Auto,4207,Petrol,150,36.2,2.0
 M3,2018,54863,Semi-Auto,10222,Petrol,145,34.0,3.0
 X6,2018,52419,Semi-Auto,7531,Diesel,145,40.9,3.0
 X5,2017,41590,Automatic,39000,Diesel,200,47.1,3.0
 1 Series,2016,23923,Manual,23139,Petrol,300,35.3,3.0
 X4,2014,26744,Semi-Auto,41773,Diesel,145,54.3,2.0
 5 Series,2017,27294,Semi-Auto,23116,Diesel,30,62.8,2.0
 2 Series,2017,22051,Semi-Auto,25252,Petrol,145,51.4,1.5
 2 Series,2019,35088,Manual,2715,Diesel,145,61.4,2.0
 M4,2019,64999,Automatic,1466,Petrol,145,34.0,3.0
 1 Series,2019,23894,Automatic,16899,Petrol,145,54.3,1.5
 4 Series,2016,29812,Semi-Auto,18774,Diesel,160,49.6,3.0
 4 Series,2019,38579,Automatic,7365,Petrol,145,41.5,3.0
 3 Series,2017,22337,Manual,34687,Diesel,145,60.1,2.0
 X1,2019,38999,Semi-Auto,3333,Diesel,150,50.4,2.0
 2 Series,2019,30199,Semi-Auto,6932,Petrol,145,50.4,2.0
 4 Series,2019,38792,Automatic,6000,Diesel,145,60.1,2.0
 5 Series,2019,35750,Semi-Auto,7095,Petrol,150,50.4,2.0
 X1,2017,24050,Semi-Auto,35065,Diesel,150,57.6,2.0
 1 Series,2016,15600,Manual,30302,Diesel,20,68.9,2.0
 X1,2020,37700,Semi-Auto,9,Petrol,150,47.9,2.0
 Z4,2020,45500,Semi-Auto,5,Petrol,150,37.2,2.0
 X2,2020,35750,Semi-Auto,10,Petrol,150,39.2,2.0
 4 Series,2020,35750,Semi-Auto,130,Petrol,145,45.6,2.0
 4 Series,2020,46800,Semi-Auto,11,Diesel,145,50.4,3.0
 X2,2019,41600,Semi-Auto,5524,Petrol,145,34.0,2.0
 1 Series,2019,29250,Semi-Auto,7188,Diesel,145,68.9,1.5
 2 Series,2017,20738,Manual,17146,Petrol,145,55.4,1.5
 X6,2017,43605,Semi-Auto,16867,Diesel,145,47.1,3.0
 X1,2020,37699,Semi-Auto,243,Diesel,145,36.7,2.0
 1 Series,2015,23351,Semi-Auto,36510,Petrol,235,37.7,3.0
 8 Series,2020,103988,Semi-Auto,151,Diesel,145,26.7,3.0
 X3,2020,90988,Semi-Auto,10,Petrol,145,24.8,3.0
 2 Series,2019,30953,Automatic,151,Diesel,145,49.6,2.0
 2 Series,2019,25831,Manual,151,Petrol,145,42.8,1.5
 1 Series,2019,27742,Automatic,4761,Petrol,145,42.8,1.5
 4 Series,2019,32986,Automatic,151,Diesel,145,60.1,2.0
 2 Series,2019,31499,Semi-Auto,4301,Petrol,145,48.7,2.0
 1 Series,2019,29757,Manual,5397,Petrol,145,41.5,1.5
 2 Series,2019,28574,Manual,5587,Petrol,145,52.3,1.5
 5 Series,2019,36660,Automatic,7399,Petrol,145,50.4,2.0
 1 Series,2019,39208,Automatic,7890,Petrol,145,34.5,2.0
 3 Series,2019,35269,Automatic,5732,Petrol,145,42.2,2.0
 1 Series,2019,28964,Manual,4710,Petrol,145,41.5,1.5
 2 Series,2019,34445,Automatic,10843,Petrol,145,39.8,3.0
 1 Series,2019,33150,Semi-Auto,4171,Petrol,150,39.8,3.0
 2 Series,2017,22099,Semi-Auto,5000,Petrol,125,53.3,1.5
 3 Series,2017,24699,Semi-Auto,28563,Diesel,150,64.2,2.0
 X3,2020,61100,Semi-Auto,1385,Hybrid,135,5.5,2.0
 1 Series,2019,29575,Manual,8543,Diesel,145,70.6,1.5
 1 Series,2019,29575,Manual,9345,Diesel,145,65.7,2.0
 X5,2020,84500,Semi-Auto,1435,Petrol,145,23.2,4.4
 3 Series,2019,50050,Automatic,7699,Diesel,145,48.7,2.0
 3 Series,2019,48100,Automatic,115,Diesel,145,49.6,2.0
 X7,2019,92300,Semi-Auto,5665,Diesel,145,31.4,3.0
 2 Series,2015,19175,Semi-Auto,16073,Diesel,125,61.4,2.0
 Z4,2019,43550,Semi-Auto,434,Petrol,145,38.7,2.0
 X1,2016,27299,Semi-Auto,25778,Diesel,150,56.5,2.0
 X3,2017,27299,Semi-Auto,39181,Diesel,145,54.3,2.0
 5 Series,2016,20144,Semi-Auto,26109,Diesel,30,65.7,2.0
 3 Series,2019,37699,Semi-Auto,5000,Diesel,145,52.3,2.0
 3 Series,2019,36399,Semi-Auto,5155,Diesel,145,52.3,2.0
 Z4,2019,46794,Semi-Auto,4586,Petrol,150,33.2,3.0
 3 Series,2020,35099,Semi-Auto,570,Petrol,150,43.5,2.0
 5 Series,2015,15535,Semi-Auto,71766,Diesel,30,62.8,2.0
 4 Series,2016,22265,Semi-Auto,34479,Diesel,30,65.7,2.0
 3 Series,2017,21892,Automatic,47439,Diesel,145,56.5,3.0
 2 Series,2016,16051,Manual,24460,Diesel,30,65.7,2.0
 X3,2019,46475,Semi-Auto,6698,Diesel,145,54.3,2.0
 X3,2019,46475,Automatic,4466,Diesel,145,54.3,2.0
 1 Series,2017,19500,Manual,39838,Diesel,145,62.8,2.0
 3 Series,2018,31525,Semi-Auto,3552,Diesel,145,53.3,3.0
 X2,2019,41600,Automatic,2631,Petrol,145,34.0,2.0
 X5,2019,61750,Semi-Auto,6224,Diesel,145,36.7,3.0
 X3,2019,70200,Automatic,2209,Petrol,145,24.8,3.0
 4 Series,2016,22750,Semi-Auto,33064,Diesel,30,65.7,2.0
 5 Series,2019,47449,Semi-Auto,5000,Hybrid,135,156.9,2.0
 3 Series,2020,46799,Semi-Auto,5000,Diesel,145,47.9,3.0
 4 Series,2018,36394,Semi-Auto,4000,Diesel,145,58.9,2.0
 4 Series,2014,18135,Semi-Auto,24649,Petrol,160,44.8,2.0
 4 Series,2018,26520,Semi-Auto,22270,Diesel,145,60.1,2.0
 1 Series,2016,18005,Semi-Auto,37398,Diesel,20,67.3,2.0
 2 Series,2017,18642,Semi-Auto,20185,Petrol,150,50.4,1.5
 6 Series,2016,26793,Automatic,47148,Diesel,200,49.6,3.0
 1 Series,2017,26975,Semi-Auto,18635,Petrol,200,39.8,3.0
 2 Series,2018,30875,Semi-Auto,16512,Petrol,145,39.8,3.0
 X1,2014,13549,Manual,29387,Diesel,160,51.4,2.0
 3 Series,2020,41587,Semi-Auto,3450,Petrol,150,40.4,2.0
 X3,2020,55887,Semi-Auto,3245,Hybrid,140,5.5,2.0
 1 Series,2019,31194,Semi-Auto,1491,Petrol,145,43.5,1.5
 1 Series,2019,29894,Manual,1569,Diesel,145,70.6,2.0
 3 Series,2019,35744,Semi-Auto,12897,Diesel,145,52.3,2.0
 6 Series,2019,41599,Semi-Auto,3035,Diesel,150,44.1,2.0
 X6,2019,83199,Semi-Auto,4000,Petrol,145,26.4,3.0
 X2,2020,37699,Semi-Auto,5000,Diesel,145,47.9,2.0
 X7,2020,84499,Semi-Auto,4000,Diesel,145,33.6,3.0
 2 Series,2020,38999,Semi-Auto,5000,Diesel,145,48.7,2.0
 2 Series,2019,29899,Semi-Auto,5713,Petrol,145,50.4,1.5
 X1,2017,27287,Semi-Auto,25013,Diesel,145,57.6,2.0
 X3,2020,53287,Semi-Auto,2294,Diesel,145,36.7,3.0
 2 Series,2017,19487,Automatic,17000,Petrol,125,48.7,2.0
 X5,2020,70187,Semi-Auto,6825,Diesel,150,37.7,3.0
 3 Series,2019,54587,Semi-Auto,7825,Petrol,150,34.9,3.0
 Z4,2020,41587,Semi-Auto,4825,Petrol,150,38.7,2.0
 3 Series,2019,42887,Semi-Auto,5869,Diesel,150,52.3,2.0
 3 Series,2020,57187,Semi-Auto,2894,Petrol,150,33.6,3.0
 7 Series,2019,61087,Semi-Auto,7515,Diesel,150,42.2,3.0
 2 Series,2019,31199,Semi-Auto,5000,Petrol,145,40.9,1.5
 X1,2018,28599,Manual,2750,Petrol,145,40.9,1.5
 5 Series,2019,49394,Semi-Auto,2723,Diesel,145,53.3,3.0
 4 Series,2020,36790,Semi-Auto,20,Diesel,145,65.7,2.0
 4 Series,2020,34450,Semi-Auto,37,Petrol,145,48.7,2.0
 4 Series,2020,37694,Semi-Auto,121,Petrol,145,48.7,2.0
 2 Series,2020,29899,Semi-Auto,5000,Petrol,145,50.4,1.5
 X3,2020,70194,Semi-Auto,2000,Hybrid,135,5.5,2.0
 3 Series,2019,37694,Semi-Auto,4000,Diesel,145,52.3,2.0
 3 Series,2018,25999,Manual,14875,Petrol,145,47.9,2.0
 2 Series,2017,24037,Automatic,12941,Hybrid,0,141.2,1.5
 1 Series,2016,15587,Manual,33779,Diesel,20,68.9,2.0
 6 Series,2017,31187,Semi-Auto,25975,Diesel,160,51.4,3.0
 2 Series,2016,22737,Semi-Auto,27484,Diesel,125,60.1,2.0
 3 Series,2017,29627,Semi-Auto,24200,Diesel,145,53.3,3.0
 3 Series,2020,35740,Semi-Auto,3500,Petrol,145,42.2,2.0
 1 Series,2019,21385,Manual,7169,Diesel,145,72.4,1.5
 3 Series,2019,33800,Automatic,4971,Diesel,145,52.3,2.0
 3 Series,2019,32500,Semi-Auto,8158,Petrol,145,42.2,2.0
 2 Series,2020,38350,Semi-Auto,10,Petrol,145,39.8,3.0
 X1,2017,29244,Semi-Auto,20470,Diesel,145,57.6,2.0
 3 Series,2016,27949,Semi-Auto,34137,Diesel,200,49.6,3.0
 4 Series,2016,27299,Semi-Auto,16210,Diesel,30,65.7,2.0
 1 Series,2019,25864,Manual,6181,Petrol,145,52.3,1.5
 M4,2018,70199,Semi-Auto,8725,Petrol,145,33.6,3.0
 2 Series,2019,29899,Semi-Auto,3880,Petrol,145,47.9,2.0
 3 Series,2019,35737,Automatic,8410,Diesel,145,53.3,3.0
 2 Series,2019,24050,Manual,7367,Petrol,145,40.4,1.5
 2 Series,2019,27885,Automatic,7044,Hybrid,135,148.7,1.5
 X2,2019,37635,Semi-Auto,6086,Petrol,145,36.2,2.0
 X1,2019,33787,Automatic,15608,Petrol,150,46.3,1.5
 2 Series,2017,31850,Semi-Auto,11901,Petrol,145,39.8,3.0
 2 Series,2016,18850,Semi-Auto,20193,Diesel,125,57.6,2.0
 M3,2017,49361,Semi-Auto,21431,Petrol,150,34.0,3.0
 4 Series,2018,28275,Semi-Auto,13754,Petrol,150,48.7,2.0
 4 Series,2014,18915,Semi-Auto,39271,Petrol,165,44.1,2.0
 1 Series,2017,27294,Semi-Auto,22000,Petrol,150,39.8,3.0
 3 Series,2017,25025,Automatic,27323,Diesel,160,51.4,3.0
 X1,2013,14299,Semi-Auto,48058,Diesel,160,52.3,2.0
 X1,2019,33795,Semi-Auto,4850,Petrol,145,46.3,1.5
 2 Series,2019,27625,Automatic,13186,Hybrid,135,148.7,1.5
 2 Series,2019,28320,Automatic,10218,Hybrid,135,148.7,1.5
 5 Series,2019,41600,Semi-Auto,8827,Hybrid,135,156.9,2.0
 2 Series,2019,27885,Automatic,9181,Hybrid,135,148.7,1.5
 4 Series,2018,31785,Automatic,28363,Petrol,145,41.5,3.0
 3 Series,2017,33137,Semi-Auto,16363,Petrol,145,41.5,3.0
 1 Series,2018,33794,Semi-Auto,15897,Petrol,150,32.5,3.0
 2 Series,2019,32499,Semi-Auto,5208,Petrol,145,47.9,2.0
 1 Series,2018,30549,Semi-Auto,12087,Petrol,145,39.8,3.0
 2 Series,2019,31777,Semi-Auto,3550,Diesel,145,64.2,2.0
 5 Series,2015,23399,Semi-Auto,38695,Diesel,145,53.3,3.0
 2 Series,2019,31199,Semi-Auto,5000,Petrol,145,40.9,1.5
 2 Series,2019,37694,Semi-Auto,5721,Petrol,145,38.2,3.0
 5 Series,2019,39000,Automatic,6000,Diesel,145,60.1,2.0
 5 Series,2019,39000,Automatic,6000,Petrol,145,46.3,2.0
 5 Series,2016,26000,Semi-Auto,46367,Diesel,165,50.4,3.0
 1 Series,2016,22100,Semi-Auto,21000,Diesel,125,61.4,2.0
 5 Series,2020,45499,Semi-Auto,5000,Hybrid,150,49.6,2.0
 4 Series,2020,44199,Semi-Auto,4000,Diesel,150,65.7,2.0
 2 Series,2016,22100,Semi-Auto,22783,Diesel,30,62.8,2.0
 X2,2019,31785,Semi-Auto,2598,Petrol,145,42.2,1.5
 X2,2019,36075,Automatic,6012,Diesel,145,61.4,2.0
 4 Series,2019,36335,Automatic,75,Petrol,145,45.6,2.0
 X3,2019,43875,Automatic,5000,Diesel,145,54.3,2.0
 X2,2019,36335,Automatic,8452,Diesel,145,58.9,2.0
 X3,2019,44200,Automatic,7465,Diesel,145,54.3,2.0
 4 Series,2015,22087,Semi-Auto,45000,Petrol,160,44.1,2.0
 5 Series,2020,37700,Semi-Auto,9,Petrol,150,50.4,2.0
 8 Series,2019,74100,Semi-Auto,12,Diesel,150,39.8,3.0
 3 Series,2019,34450,Semi-Auto,11812,Petrol,150,41.5,2.0
 3 Series,2017,27300,Semi-Auto,19967,Hybrid,135,134.5,2.0
 X6,2020,72150,Semi-Auto,9612,Diesel,145,34.9,3.0
 4 Series,2020,39000,Semi-Auto,10,Diesel,145,60.1,2.0
 X5,2019,57200,Automatic,9339,Diesel,145,37.7,3.0
 2 Series,2017,19499,Semi-Auto,19760,Diesel,150,68.9,2.0
 3 Series,2017,28599,Semi-Auto,17324,Diesel,165,51.4,3.0
 X4,2020,61099,Semi-Auto,4000,Diesel,150,40.9,3.0
 X1,2020,45499,Semi-Auto,5000,Diesel,150,47.9,2.0
 X1,2020,45499,Semi-Auto,3000,Diesel,150,52.3,2.0
 M4,2020,77999,Semi-Auto,3000,Petrol,150,28.5,3.0
 3 Series,2018,29639,Semi-Auto,12492,Diesel,150,64.2,2.0
 2 Series,2017,28798,Semi-Auto,27169,Petrol,200,39.8,3.0
 7 Series,2019,63586,Semi-Auto,6516,Diesel,150,44.8,3.0
 4 Series,2019,38847,Semi-Auto,3121,Petrol,150,45.6,2.0
 X3,2013,18188,Semi-Auto,72752,Diesel,165,50.4,2.0
 X1,2017,24259,Semi-Auto,45000,Diesel,150,57.6,2.0
 3 Series,2016,22088,Semi-Auto,32857,Diesel,30,64.2,2.0
 X3,2018,47042,Automatic,6764,Petrol,145,34.5,3.0
 1 Series,2019,29764,Manual,5000,Petrol,145,41.5,1.5
 i3,2017,29899,Automatic,3976,Hybrid,135,470.8,0.0
 X1,2014,14030,Semi-Auto,51483,Diesel,165,52.3,2.0
 X1,2017,30007,Semi-Auto,9076,Petrol,165,44.8,2.0
 X2,2019,37116,Semi-Auto,5282,Petrol,150,39.8,2.0
 3 Series,2019,35088,Semi-Auto,8310,Diesel,150,52.3,2.0
 4 Series,2019,33502,Semi-Auto,6459,Diesel,150,58.9,2.0
 4 Series,2019,33645,Semi-Auto,2282,Petrol,150,44.8,2.0
 1 Series,2017,20530,Semi-Auto,8789,Petrol,30,55.5,1.5
 4 Series,2018,28226,Semi-Auto,17100,Diesel,145,60.1,2.0
 X3,2019,41016,Semi-Auto,13570,Diesel,150,54.3,2.0
 2 Series,2019,31658,Semi-Auto,6052,Petrol,150,47.9,2.0
 3 Series,2019,47492,Semi-Auto,318,Petrol,150,40.4,2.0
 1 Series,2019,25756,Semi-Auto,7233,Diesel,150,68.9,1.5
 3 Series,2015,19494,Semi-Auto,40321,Diesel,125,58.9,2.0
 6 Series,2019,42620,Semi-Auto,6081,Diesel,150,42.2,2.0
 7 Series,2020,68899,Semi-Auto,5000,Diesel,145,42.2,3.0
 5 Series,2019,45494,Semi-Auto,7450,Hybrid,135,156.9,2.0
 3 Series,2019,44194,Automatic,5000,Diesel,145,49.6,2.0
 2 Series,2019,34983,Automatic,1250,Diesel,145,65.7,2.0
 5 Series,2019,40898,Automatic,1200,Diesel,145,62.8,2.0
 4 Series,2019,32591,Semi-Auto,3038,Diesel,145,65.7,2.0
 1 Series,2016,20439,Semi-Auto,14871,Diesel,20,67.3,2.0
 X1,2017,25392,Semi-Auto,12566,Diesel,125,60.1,2.0
 X4,2019,50044,Semi-Auto,7356,Diesel,145,40.9,3.0
 2 Series,2019,33794,Semi-Auto,2348,Diesel,145,64.2,2.0
 X2,2019,40703,Semi-Auto,4890,Diesel,145,58.9,2.0
 1 Series,2019,39260,Automatic,7312,Petrol,145,34.5,2.0
 X4,2019,49595,Automatic,9921,Diesel,145,42.8,2.0
 X5,2019,61311,Automatic,9815,Diesel,145,37.7,3.0
 X2,2020,43420,Semi-Auto,1766,Diesel,145,58.9,2.0
 X5,2014,29888,Automatic,30422,Diesel,200,48.7,2.0
 X1,2014,20595,Semi-Auto,45671,Petrol,235,38.7,2.0
 3 Series,2016,23830,Semi-Auto,33783,Diesel,125,60.1,2.0
 1 Series,2015,17475,Semi-Auto,15200,Diesel,0,78.5,1.5
 X1,2018,25416,Manual,15898,Petrol,150,51.4,1.5
 X1,2019,36388,Semi-Auto,120,Diesel,150,36.7,2.0
 3 Series,2018,28588,Semi-Auto,15027,Diesel,150,64.2,2.0
 3 Series,2018,26000,Semi-Auto,23501,Petrol,145,46.3,2.0
 2 Series,2019,27885,Automatic,8702,Hybrid,135,148.7,1.5
 3 Series,2017,32500,Semi-Auto,28930,Diesel,145,49.6,3.0
 4 Series,2017,32499,Semi-Auto,26763,Petrol,145,41.5,3.0
 5 Series,2019,38999,Semi-Auto,10373,Diesel,150,65.7,2.0
 4 Series,2019,36784,Semi-Auto,8235,Petrol,145,48.7,2.0
 1 Series,2018,31199,Semi-Auto,17493,Petrol,150,39.8,3.0
 3 Series,2018,27299,Semi-Auto,17101,Petrol,150,48.7,2.0
 X3,2017,33799,Semi-Auto,22749,Diesel,150,54.3,2.0
 1 Series,2016,16764,Manual,14354,Diesel,0,78.5,1.5
 X1,2017,31194,Semi-Auto,15991,Diesel,150,55.4,2.0
 4 Series,2015,22088,Semi-Auto,35300,Diesel,125,58.9,2.0
 5 Series,2019,33216,Semi-Auto,7143,Petrol,150,50.4,2.0
 5 Series,2019,38273,Semi-Auto,9631,Petrol,150,36.2,2.0
 X3,2019,44863,Automatic,8620,Diesel,145,54.3,2.0
 X5,2019,71488,Automatic,15,Diesel,145,37.7,3.0
 4 Series,2020,40885,Semi-Auto,10,Diesel,145,60.1,2.0
 4 Series,2019,37375,Automatic,2000,Diesel,145,60.1,2.0
 X1,2019,35100,Automatic,6000,Petrol,145,39.2,2.0
 X3,2019,45175,Semi-Auto,35,Diesel,145,54.3,2.0
 2 Series,2019,27885,Automatic,8085,Hybrid,135,148.7,1.5
 5 Series,2016,24687,Semi-Auto,19418,Petrol,145,47.1,2.0
 X3,2017,33735,Semi-Auto,19817,Diesel,145,54.3,2.0
 X2,2019,41588,Semi-Auto,650,Petrol,145,39.2,2.0
 X2,2019,37688,Semi-Auto,3901,Petrol,145,38.7,2.0
 X3,2019,50687,Semi-Auto,1858,Diesel,145,54.3,2.0
 1 Series,2019,41302,Semi-Auto,1954,Diesel,145,48.7,2.0
 X1,2019,32126,Semi-Auto,9697,Petrol,145,39.8,1.5
 X1,2019,30748,Semi-Auto,12020,Petrol,145,46.3,1.5
 1 Series,2019,32191,Semi-Auto,2487,Diesel,145,70.6,2.0
 3 Series,2019,38992,Semi-Auto,2000,Petrol,145,42.2,2.0
 1 Series,2017,21739,Semi-Auto,9063,Petrol,145,55.5,1.5
 5 Series,2019,34802,Semi-Auto,6260,Petrol,150,50.4,2.0
 1 Series,2020,31916,Semi-Auto,11512,Petrol,150,40.4,1.5
 5 Series,2019,35816,Semi-Auto,5838,Petrol,150,50.4,2.0
 3 Series,2019,31188,Semi-Auto,11748,Petrol,150,47.9,2.0
 X2,2019,37688,Semi-Auto,8384,Petrol,150,39.8,2.0
 3 Series,2019,38559,Semi-Auto,4925,Petrol,150,43.5,2.0
 5 Series,2017,29006,Automatic,16403,Diesel,145,65.7,2.0
 2 Series,2016,15642,Manual,26884,Petrol,30,55.4,1.5
 X4,2016,26029,Semi-Auto,64000,Diesel,145,54.3,2.0
 X7,2019,96187,Semi-Auto,1657,Diesel,145,31.4,3.0
 5 Series,2016,24045,Semi-Auto,8392,Petrol,200,43.5,2.0
 X6,2019,77987,Semi-Auto,2500,Petrol,145,26.4,3.0
 3 Series,2019,38389,Semi-Auto,2203,Petrol,145,42.2,2.0
 1 Series,2019,32877,Automatic,5511,Petrol,145,40.4,1.5
 5 Series,2019,39000,Semi-Auto,1678,Petrol,145,50.4,2.0
 2 Series,2019,35087,Automatic,4428,Petrol,145,50.4,1.5
 3 Series,2019,37687,Semi-Auto,4100,Petrol,145,42.2,2.0
 2 Series,2019,26598,Manual,1250,Diesel,145,51.4,2.0
 X5,2020,75387,Semi-Auto,1500,Diesel,145,37.7,3.0
 X5,2019,66147,Automatic,1764,Diesel,145,37.7,3.0
 Z4,2019,36985,Semi-Auto,5340,Petrol,145,38.2,2.0
 3 Series,2019,36738,Automatic,4567,Diesel,145,52.3,2.0
 2 Series,2018,34373,Semi-Auto,2772,Petrol,145,32.5,3.0
 X2,2019,37545,Semi-Auto,7922,Diesel,145,58.9,2.0
 5 Series,2019,38977,Semi-Auto,3635,Petrol,145,47.9,2.0
 X5,2019,80187,Semi-Auto,10782,Diesel,145,33.6,3.0
 5 Series,2019,36143,Semi-Auto,6891,Diesel,145,65.7,2.0
 5 Series,2019,41733,Semi-Auto,11878,Diesel,145,60.1,3.0
 5 Series,2014,19061,Semi-Auto,59317,Diesel,30,62.8,2.0
 2 Series,2019,31408,Semi-Auto,2404,Diesel,145,65.7,2.0
 2 Series,2019,25926,Manual,110,Petrol,145,42.8,1.5
 2 Series,2019,25709,Manual,110,Petrol,145,42.8,1.5
 2 Series,2019,31031,Semi-Auto,2513,Diesel,145,49.6,2.0
 3 Series,2019,35334,Semi-Auto,3763,Petrol,145,42.2,2.0
 1 Series,2019,33137,Semi-Auto,2510,Diesel,145,51.4,2.0
 X2,2019,35971,Semi-Auto,2480,Petrol,145,38.7,2.0
 5 Series,2019,36192,Semi-Auto,3829,Petrol,145,50.4,2.0
 2 Series,2019,31870,Semi-Auto,2501,Petrol,145,50.4,2.0
 4 Series,2016,27082,Semi-Auto,12500,Diesel,125,60.1,2.0
 1 Series,2019,26281,Automatic,7935,Diesel,145,65.7,2.0
 3 Series,2017,31125,Automatic,16374,Petrol,145,47.1,2.0
 4 Series,2017,24885,Semi-Auto,24471,Diesel,30,65.7,2.0
 5 Series,2017,34141,Automatic,41074,Diesel,145,53.3,3.0
 M4,2015,39861,Semi-Auto,41120,Petrol,300,34.0,3.0
 6 Series,2019,50890,Automatic,35,Petrol,145,29.1,3.0
 4 Series,2015,28837,Semi-Auto,28373,Diesel,160,50.4,3.0
 3 Series,2014,21947,Semi-Auto,41083,Diesel,125,57.6,3.0
 3 Series,2019,34326,Semi-Auto,2000,Diesel,145,60.1,2.0
 X3,2019,45488,Semi-Auto,7646,Petrol,150,30.4,2.0
 2 Series,2019,29888,Semi-Auto,7755,Diesel,150,65.7,2.0
 X3,2019,44916,Semi-Auto,7289,Petrol,150,30.4,2.0
 X2,2019,35990,Semi-Auto,9762,Diesel,145,50.4,2.0
 X5,2019,63183,Semi-Auto,7864,Diesel,145,37.7,3.0
 2 Series,2019,34848,Semi-Auto,15,Petrol,145,47.9,2.0
 2 Series,2019,33025,Semi-Auto,111,Diesel,145,65.7,2.0
 1 Series,2016,19243,Semi-Auto,26804,Diesel,20,68.9,1.5
 2 Series,2019,29372,Semi-Auto,8410,Diesel,145,48.7,2.0
 X2,2019,44425,Semi-Auto,4500,Petrol,145,34.0,2.0
 X3,2019,43280,Semi-Auto,6500,Diesel,145,54.3,2.0
 2 Series,2019,31216,Semi-Auto,5000,Diesel,145,49.6,2.0
 4 Series,2019,31879,Semi-Auto,11923,Petrol,145,48.7,2.0
 4 Series,2019,35959,Semi-Auto,5452,Diesel,150,60.1,2.0
 Z4,2019,44188,Semi-Auto,10018,Petrol,150,37.2,2.0
 2 Series,2019,30473,Semi-Auto,8683,Petrol,150,47.9,2.0
 X1,2017,22088,Semi-Auto,55535,Diesel,150,55.4,2.0
 4 Series,2018,29250,Semi-Auto,6035,Diesel,145,65.7,2.0
 3 Series,2018,29114,Semi-Auto,6502,Petrol,150,48.7,2.0
 X1,2019,32404,Automatic,4991,Diesel,145,60.1,2.0
 X2,2019,30844,Automatic,8848,Petrol,145,38.7,2.0
 5 Series,2019,48589,Automatic,3348,Diesel,145,51.4,3.0
 3 Series,2013,15122,Manual,27371,Petrol,160,44.8,2.0
 3 Series,2018,29227,Automatic,8850,Diesel,145,60.1,2.0
 3 Series,2017,28564,Semi-Auto,21870,Diesel,145,53.3,3.0
 3 Series,2019,34429,Semi-Auto,10200,Petrol,145,41.5,2.0
 4 Series,2018,32061,Semi-Auto,2422,Petrol,145,45.6,2.0
 1 Series,2019,27488,Semi-Auto,6776,Petrol,145,47.9,2.0
 2 Series,2019,29996,Semi-Auto,28,Petrol,145,50.4,1.5
 2 Series,2019,28996,Semi-Auto,7978,Petrol,145,47.9,2.0
 2 Series,2019,30948,Semi-Auto,8257,Petrol,145,47.9,2.0
 2 Series,2019,31663,Automatic,7566,Petrol,145,47.9,2.0
 3 Series,2019,32352,Automatic,7469,Petrol,145,43.5,2.0
 2 Series,2019,31842,Semi-Auto,5499,Petrol,145,47.9,2.0
 2 Series,2019,29128,Automatic,7899,Petrol,145,47.9,2.0
 2 Series,2016,25994,Semi-Auto,15422,Petrol,205,43.5,2.0
 X5,2019,63694,Semi-Auto,6251,Diesel,150,37.7,3.0
 X6,2016,41594,Semi-Auto,39026,Diesel,205,47.1,3.0
 2 Series,2019,30220,Semi-Auto,6139,Petrol,145,47.9,2.0
 X1,2019,31816,Semi-Auto,9044,Petrol,145,40.9,1.5
 X3,2019,44200,Automatic,5000,Diesel,145,54.3,2.0
 3 Series,2019,38980,Automatic,5000,Diesel,145,52.3,2.0
 3 Series,2019,38350,Automatic,3185,Petrol,145,42.2,2.0
 5 Series,2020,46794,Semi-Auto,1000,Petrol,145,46.3,2.0
 X1,2019,37694,Semi-Auto,1000,Diesel,145,60.1,2.0
 2 Series,2019,27656,Semi-Auto,9792,Petrol,145,38.7,1.5
 2 Series,2019,27789,Automatic,8005,Petrol,145,38.7,1.5
 2 Series,2019,33106,Automatic,6179,Diesel,145,46.3,2.0
 8 Series,2019,82948,Automatic,1616,Diesel,145,39.8,3.0
 X7,2019,101902,Automatic,1793,Diesel,145,31.4,3.0
 3 Series,2019,34481,Semi-Auto,11727,Petrol,145,41.5,2.0
 5 Series,2019,37044,Automatic,677,Petrol,145,50.4,2.0
 X1,2016,23592,Semi-Auto,25401,Diesel,125,57.6,2.0
 5 Series,2016,24274,Semi-Auto,25458,Diesel,145,55.4,3.0
 1 Series,2020,15594,Semi-Auto,10,Petrol,150,34.5,2.0
 4 Series,2016,20794,Semi-Auto,48552,Diesel,125,60.1,2.0
 1 Series,2015,11697,Manual,51342,Diesel,0,83.1,1.5
 X1,2017,21233,Manual,24050,Diesel,125,58.9,2.0
 3 Series,2019,36431,Semi-Auto,9665,Diesel,145,52.3,2.0
 3 Series,2019,29227,Semi-Auto,10571,Diesel,145,62.8,2.0
 X2,2019,37536,Semi-Auto,5000,Diesel,145,58.9,2.0
 3 Series,2019,31725,Semi-Auto,2571,Diesel,145,62.8,2.0
 5 Series,2019,37755,Semi-Auto,3506,Diesel,145,62.8,2.0
 3 Series,2019,30113,Semi-Auto,7749,Diesel,145,64.2,2.0
 2 Series,2019,31270,Semi-Auto,7460,Petrol,145,47.9,2.0
 X1,2019,31830,Semi-Auto,9708,Petrol,145,46.3,1.5
 3 Series,2019,38350,Automatic,5000,Petrol,145,42.2,2.0
 3 Series,2019,40950,Automatic,9752,Diesel,145,49.6,2.0
 1 Series,2019,40300,Semi-Auto,9888,Petrol,145,34.5,2.0
 3 Series,2019,49075,Automatic,5000,Diesel,145,47.9,3.0
 M4,2019,63050,Semi-Auto,125,Petrol,145,32.5,3.0
 2 Series,2019,33150,Automatic,5000,Petrol,145,40.9,1.5
 4 Series,2017,28925,Semi-Auto,16613,Diesel,145,50.4,3.0
 X1,2019,33794,Semi-Auto,1000,Diesel,145,60.1,2.0
 3 Series,2019,45494,Semi-Auto,2000,Diesel,145,47.9,3.0
 4 Series,2020,46794,Semi-Auto,1000,Diesel,145,58.9,2.0
 5 Series,2020,40294,Semi-Auto,1000,Diesel,145,65.7,2.0
 5 Series,2019,42894,Automatic,2000,Diesel,145,60.1,2.0
 3 Series,2015,19494,Automatic,34466,Petrol,125,51.4,2.0
 X1,2018,32494,Automatic,8493,Petrol,145,44.8,2.0
 8 Series,2019,81894,Automatic,5883,Petrol,145,33.6,3.0
 2 Series,2017,20794,Manual,30310,Petrol,125,52.3,1.5
 1 Series,2013,14294,Semi-Auto,43818,Petrol,150,48.7,1.6
 5 Series,2016,21444,Semi-Auto,40008,Diesel,30,62.8,2.0
 3 Series,2019,35094,Automatic,2407,Diesel,145,57.6,2.0
 5 Series,2019,37694,Automatic,13,Petrol,145,50.4,2.0
 3 Series,2019,36394,Automatic,11204,Petrol,145,41.5,2.0
 1 Series,2013,11122,Manual,55621,Diesel,30,62.8,2.0
 3 Series,2015,16017,Semi-Auto,77241,Diesel,30,64.2,2.0
 M5,2016,39235,Semi-Auto,26000,Petrol,565,28.5,4.4
 3 Series,2019,40251,Semi-Auto,3523,Diesel,145,48.7,2.0
 5 Series,2017,34444,Semi-Auto,21704,Diesel,145,62.8,2.0
 3 Series,2019,46794,Semi-Auto,2166,Hybrid,135,8.8,2.0
 2 Series,2017,28594,Semi-Auto,22012,Petrol,200,39.8,3.0
 1 Series,2015,19494,Manual,24470,Diesel,30,65.7,2.0
 4 Series,2019,32494,Automatic,6963,Diesel,145,65.7,2.0
 4 Series,2020,33794,Semi-Auto,100,Petrol,145,45.6,2.0
 3 Series,2017,25994,Semi-Auto,9981,Diesel,150,62.8,2.0
 M3,2018,48094,Semi-Auto,28347,Petrol,150,34.0,3.0
 5 Series,2017,25994,Semi-Auto,34828,Diesel,30,68.9,2.0
 X3,2017,32494,Semi-Auto,27782,Diesel,150,54.3,2.0
 3 Series,2019,31194,Semi-Auto,9436,Diesel,150,67.3,2.0
 3 Series,2019,35094,Semi-Auto,4183,Diesel,150,52.3,2.0
 3 Series,2019,36394,Semi-Auto,10334,Diesel,150,52.3,2.0
 5 Series,2019,50694,Semi-Auto,3383,Diesel,145,51.4,3.0
 2 Series,2016,28594,Semi-Auto,22642,Petrol,260,35.8,3.0
 5 Series,2017,37694,Semi-Auto,11035,Diesel,145,56.5,3.0
 2 Series,2019,28594,Semi-Auto,3748,Petrol,145,47.9,2.0
 1 Series,2019,40294,Semi-Auto,3244,Petrol,145,34.5,2.0
 2 Series,2019,36394,Semi-Auto,3000,Diesel,145,47.1,2.0
 1 Series,2019,29894,Manual,3000,Petrol,145,44.1,1.5
 X5,2016,37415,Automatic,35370,Diesel,205,47.1,3.0
 2 Series,2017,18187,Manual,24893,Petrol,150,53.3,1.5
 6 Series,2014,20475,Semi-Auto,62695,Diesel,165,51.4,3.0
 X5,2018,67599,Semi-Auto,15633,Petrol,145,25.4,4.4
 M5,2019,91892,Semi-Auto,3153,Petrol,145,24.1,4.4
 X3,2019,45780,Semi-Auto,4169,Petrol,145,30.4,2.0
 2 Series,2019,31143,Automatic,10241,Diesel,145,49.6,2.0
 5 Series,2019,42894,Semi-Auto,1000,Diesel,145,60.1,2.0
 X3,2019,77994,Semi-Auto,4741,Petrol,145,24.8,3.0
 3 Series,2016,20794,Semi-Auto,39293,Diesel,30,62.8,2.0
 2 Series,2019,28594,Semi-Auto,8640,Petrol,145,50.4,2.0
 2 Series,2018,32494,Semi-Auto,10632,Petrol,145,39.8,3.0
 3 Series,2016,28594,Semi-Auto,37625,Diesel,205,49.6,3.0
 1 Series,2019,25994,Semi-Auto,17546,Diesel,150,68.9,1.5
 X4,2019,41594,Semi-Auto,7974,Diesel,150,42.8,2.0
 X1,2018,31194,Semi-Auto,14409,Petrol,150,40.9,1.5
 4 Series,2020,38994,Semi-Auto,100,Diesel,145,55.4,3.0
 3 Series,2020,42894,Manual,2356,Diesel,145,54.3,2.0
 3 Series,2020,36394,Manual,1000,Diesel,145,54.3,2.0
 5 Series,2017,38994,Semi-Auto,36107,Diesel,145,51.4,3.0
 1 Series,2017,29894,Semi-Auto,24000,Petrol,145,39.8,3.0
 3 Series,2017,22094,Semi-Auto,14404,Diesel,145,67.3,2.0
 M4,2020,59794,Semi-Auto,1500,Petrol,145,34.0,3.0
 5 Series,2018,44194,Automatic,3001,Diesel,145,53.3,3.0
 2 Series,2019,32494,Automatic,4740,Diesel,145,61.4,2.0
 3 Series,2020,50694,Semi-Auto,1000,Diesel,145,49.6,2.0
 X6,2015,36394,Semi-Auto,40915,Diesel,200,44.8,3.0
 3 Series,2019,44194,Semi-Auto,4953,Hybrid,135,8.8,2.0
 X5,2017,46794,Automatic,11197,Diesel,200,47.1,3.0
 5 Series,2019,46794,Semi-Auto,11567,Hybrid,135,156.9,2.0
 2 Series,2016,19494,Semi-Auto,42026,Petrol,145,48.7,2.0
 X4,2020,57194,Semi-Auto,2000,Petrol,145,26.9,3.0
 2 Series,2020,33794,Semi-Auto,1000,Petrol,145,40.9,1.5
 1 Series,2017,22094,Manual,34003,Petrol,145,46.3,2.0
 M6,2018,61094,Semi-Auto,8207,Petrol,145,28.5,4.4
 1 Series,2017,31194,Semi-Auto,7409,Petrol,145,39.8,3.0
 5 Series,2017,35094,Automatic,22379,Diesel,145,60.1,3.0
 1 Series,2016,19494,Semi-Auto,15684,Petrol,30,55.5,1.5
 2 Series,2019,35094,Automatic,8205,Petrol,145,32.5,3.0
 5 Series,2019,41594,Automatic,10,Petrol,145,36.2,2.0
 3 Series,2019,33794,Automatic,4258,Diesel,145,52.3,2.0
 X1,2018,31194,Semi-Auto,16876,Diesel,145,47.1,2.0
 X5,2016,48094,Automatic,36631,Diesel,235,42.8,3.0
 X3,2018,42894,Semi-Auto,30776,Diesel,145,48.7,3.0
 1 Series,2017,27944,Semi-Auto,33311,Petrol,200,39.8,3.0
 2 Series,2017,25994,Semi-Auto,20496,Petrol,30,55.4,1.5
 1 Series,2017,16894,Manual,24263,Diesel,150,78.5,1.5
 X1,2018,33794,Automatic,17369,Diesel,145,60.1,2.0
 4 Series,2019,33794,Automatic,1000,Diesel,145,65.7,2.0
 1 Series,2017,22490,Manual,16127,Petrol,145,47.1,2.0
 X1,2016,27300,Automatic,13553,Petrol,160,44.8,2.0
 X6,2018,51992,Semi-Auto,15119,Diesel,145,40.9,3.0
 X2,2018,37042,Semi-Auto,13314,Diesel,145,58.9,2.0
 3 Series,2017,23392,Semi-Auto,19452,Petrol,150,45.6,2.0
 1 Series,2017,24042,Semi-Auto,17129,Petrol,150,47.9,2.0
 1 Series,2017,28594,Semi-Auto,17820,Petrol,205,39.8,3.0
 X3,2015,23392,Semi-Auto,43626,Diesel,150,54.3,2.0
 5 Series,2014,20794,Semi-Auto,34682,Diesel,125,60.1,2.0
 7 Series,2016,32494,Semi-Auto,24446,Petrol,205,41.5,3.0
 3 Series,2017,27950,Semi-Auto,47896,Diesel,200,49.6,3.0
 1 Series,2017,25987,Automatic,24092,Petrol,145,39.8,3.0
 X3,2015,25479,Semi-Auto,44126,Diesel,200,47.1,3.0
 4 Series,2018,34450,Semi-Auto,10305,Petrol,150,41.5,3.0
 1 Series,2014,15594,Semi-Auto,23000,Petrol,125,50.4,1.6
 3 Series,2015,15561,Semi-Auto,44533,Diesel,20,68.9,2.0
 1 Series,2017,20144,Semi-Auto,6200,Petrol,145,55.5,1.5
 1 Series,2019,24694,Semi-Auto,5975,Petrol,145,55.5,1.5
 4 Series,2019,33794,Semi-Auto,13309,Diesel,145,60.1,2.0
 X2,2018,29894,Semi-Auto,24136,Petrol,145,38.7,2.0
 X5,2019,56831,Automatic,7163,Diesel,145,37.7,3.0
 2 Series,2018,23681,Automatic,5193,Petrol,145,48.7,2.0
 5 Series,2019,42765,Automatic,6071,Diesel,145,53.3,3.0
 X3,2019,40451,Automatic,8813,Diesel,145,54.3,2.0
 5 Series,2019,39642,Semi-Auto,13098,Hybrid,135,156.9,2.0
 X5,2019,59792,Automatic,4943,Diesel,145,37.7,3.0
 1 Series,2019,35094,Manual,2771,Petrol,150,41.5,1.5
 X1,2019,33028,Automatic,3796,Diesel,145,60.1,2.0
 5 Series,2019,36291,Automatic,6456,Diesel,145,60.1,2.0
 X3,2019,40451,Automatic,8186,Diesel,145,54.3,2.0
 X5,2019,56935,Automatic,6742,Diesel,145,37.7,3.0
 X5,2019,57130,Automatic,6883,Diesel,145,37.7,3.0
 X5,2019,60762,Automatic,4399,Diesel,145,37.7,3.0
 8 Series,2019,96057,Semi-Auto,3369,Petrol,150,26.7,4.4
 3 Series,2019,49394,Semi-Auto,3437,Petrol,145,41.5,2.0
 M5,2019,92294,Semi-Auto,23,Petrol,145,24.1,4.4
 3 Series,2019,44192,Semi-Auto,296,Diesel,145,49.6,2.0
 3 Series,2019,54592,Semi-Auto,8754,Petrol,145,34.9,3.0
 5 Series,2019,45492,Semi-Auto,1756,Diesel,145,51.4,3.0
 2 Series,2019,35092,Automatic,13,Hybrid,135,113.0,1.5
 X5,2019,60666,Automatic,5127,Diesel,145,37.7,3.0
 X3,2019,41582,Automatic,8998,Diesel,145,54.3,2.0
 X5,2019,61303,Automatic,6480,Diesel,145,37.7,3.0
 3 Series,2019,34874,Automatic,7015,Petrol,145,41.5,3.0
 3 Series,2016,21450,Semi-Auto,41345,Diesel,150,56.5,3.0
 X1,2017,18980,Manual,40831,Diesel,145,68.9,2.0
 X5,2019,56818,Automatic,8093,Diesel,145,37.7,3.0
 X5,2019,56818,Automatic,8204,Diesel,145,37.7,3.0
 X5,2019,56831,Automatic,7329,Diesel,145,37.7,3.0
 X7,2019,88382,Automatic,5825,Petrol,145,24.8,3.0
 1 Series,2019,26952,Semi-Auto,965,Petrol,145,54.3,1.5
 4 Series,2019,34427,Semi-Auto,2124,Diesel,150,65.7,2.0
 2 Series,2018,23394,Semi-Auto,17421,Diesel,145,60.1,2.0
 6 Series,2016,29783,Semi-Auto,25596,Diesel,200,49.6,3.0
 3 Series,2015,13481,Semi-Auto,75238,Petrol,125,54.3,1.5
 X1,2015,20228,Semi-Auto,40104,Diesel,125,57.6,2.0
 4 Series,2013,14352,Manual,78402,Diesel,125,57.6,2.0
 1 Series,2015,9802,Manual,79999,Diesel,0,83.1,1.5
 1 Series,2017,22750,Semi-Auto,23863,Petrol,145,47.9,2.0
 X1,2016,27560,Automatic,6341,Petrol,160,44.8,2.0
 X4,2019,51987,Automatic,9210,Diesel,145,42.8,2.0
 X5,2019,61922,Semi-Auto,13156,Diesel,145,37.7,3.0
 X3,2019,44138,Semi-Auto,5974,Diesel,145,54.3,2.0
 2 Series,2019,26342,Semi-Auto,5122,Petrol,145,53.3,1.5
 X5,2019,62586,Semi-Auto,9115,Diesel,145,37.7,3.0
 1 Series,2016,22168,Semi-Auto,16264,Diesel,30,65.7,2.0
 X2,2019,31724,Manual,5884,Diesel,145,55.4,2.0
 X3,2019,43307,Semi-Auto,6224,Diesel,145,54.3,2.0
 3 Series,2019,33934,Manual,6193,Diesel,145,54.3,2.0
 X5,2019,62026,Semi-Auto,11126,Diesel,145,37.7,3.0
 X3,2019,43241,Semi-Auto,8468,Diesel,145,54.3,2.0
 X5,2019,62949,Semi-Auto,7324,Diesel,145,37.7,3.0
 3 Series,2019,39718,Semi-Auto,6294,Diesel,145,52.3,2.0
 X3,2019,45971,Semi-Auto,4186,Diesel,145,54.3,2.0
 X5,2019,67473,Semi-Auto,3224,Diesel,145,37.7,3.0
 5 Series,2019,43631,Semi-Auto,2490,Diesel,145,60.1,2.0
 X5,2019,66602,Semi-Auto,5545,Diesel,145,37.7,3.0
 X5,2019,67369,Semi-Auto,3465,Diesel,145,37.7,3.0
 3 Series,2019,36937,Semi-Auto,6223,Diesel,145,52.3,2.0
 X3,2019,45880,Semi-Auto,4599,Diesel,145,54.3,2.0
 3 Series,2019,34887,Semi-Auto,6746,Diesel,145,52.3,2.0
 2 Series,2019,30654,Semi-Auto,5122,Petrol,145,50.4,2.0
 5 Series,2019,41594,Semi-Auto,6655,Diesel,145,60.1,2.0
 X5,2019,63396,Automatic,5701,Diesel,145,37.7,3.0
 2 Series,2019,29237,Automatic,1500,Petrol,145,53.3,1.5
 X6,2019,84048,Automatic,4331,Petrol,145,26.4,3.0
 4 Series,2019,40157,Semi-Auto,6100,Petrol,145,41.5,3.0
 X5,2019,59644,Semi-Auto,9000,Diesel,145,37.7,3.0
 3 Series,2019,35354,Semi-Auto,4036,Diesel,145,52.3,2.0
 1 Series,2019,25974,Semi-Auto,6102,Petrol,145,54.3,1.5
 3 Series,2019,39068,Semi-Auto,6549,Diesel,145,52.3,2.0
 3 Series,2019,39549,Semi-Auto,4429,Diesel,145,52.3,2.0
 1 Series,2019,35088,Semi-Auto,2343,Petrol,145,40.4,1.5
 5 Series,2019,40602,Semi-Auto,8691,Hybrid,150,60.1,2.0
 5 Series,2019,40173,Semi-Auto,11421,Hybrid,150,60.1,2.0
 1 Series,2019,23429,Semi-Auto,2501,Petrol,150,55.5,1.5
 X5,2019,65497,Semi-Auto,4846,Diesel,150,37.7,3.0
 X5,2019,57130,Automatic,5856,Diesel,145,37.7,3.0
 X5,2019,57546,Automatic,2308,Diesel,145,37.7,3.0
 X5,2019,57130,Automatic,5914,Diesel,145,37.7,3.0
 1 Series,2019,39234,Automatic,5979,Diesel,145,48.7,2.0
 4 Series,2019,40294,Automatic,1500,Petrol,145,41.5,3.0
 X5,2019,58326,Automatic,7259,Diesel,145,37.7,3.0
 X6,2019,76310,Automatic,9010,Diesel,145,34.9,3.0
 Z4,2016,23052,Semi-Auto,16761,Petrol,200,41.5,2.0
 5 Series,2019,36543,Semi-Auto,6659,Diesel,145,65.7,2.0
 X3,2019,41257,Automatic,6579,Diesel,145,54.3,2.0
 X3,2019,40555,Automatic,10155,Diesel,145,54.3,2.0
 3 Series,2019,43511,Semi-Auto,4500,Diesel,145,49.6,2.0
 3 Series,2019,36686,Automatic,1500,Diesel,145,48.7,2.0
 5 Series,2019,44070,Semi-Auto,3000,Diesel,145,56.5,3.0
 5 Series,2019,37487,Automatic,2891,Diesel,145,60.1,2.0
 X4,2019,47307,Semi-Auto,8310,Diesel,145,42.8,2.0
 5 Series,2019,36239,Automatic,11598,Diesel,145,60.1,2.0
 X3,2019,41374,Automatic,6314,Diesel,145,54.3,2.0
 X3,2019,42048,Semi-Auto,5865,Diesel,145,54.3,2.0
 X4,2019,55894,Automatic,5980,Diesel,145,37.2,3.0
 X4,2019,50694,Automatic,8610,Diesel,145,40.9,3.0
 1 Series,2019,34554,Automatic,4604,Diesel,145,51.4,2.0
 X5,2019,58157,Semi-Auto,6056,Diesel,145,37.7,3.0
 X2,2019,36290,Semi-Auto,2946,Diesel,145,48.7,2.0
 X5,2019,61095,Automatic,6891,Diesel,145,37.7,3.0
 4 Series,2019,35311,Automatic,4734,Petrol,145,48.7,2.0
 X1,2016,24909,Semi-Auto,21292,Diesel,125,57.6,2.0
 5 Series,2016,19890,Semi-Auto,41052,Diesel,30,62.8,2.0
 X3,2019,43241,Semi-Auto,6792,Diesel,145,54.3,2.0
 X3,2019,43688,Automatic,6527,Diesel,145,54.3,2.0
 X5,2019,60445,Semi-Auto,11164,Diesel,145,37.7,3.0
 2 Series,2019,28249,Automatic,5054,Petrol,145,39.2,1.5
 3 Series,2019,32149,Semi-Auto,3049,Diesel,145,62.8,2.0
 X3,2019,43696,Semi-Auto,5852,Diesel,145,54.3,2.0
 X5,2019,62273,Semi-Auto,6171,Diesel,145,37.7,3.0
 X3,2019,44164,Semi-Auto,4809,Diesel,145,54.3,2.0
 1 Series,2019,29238,Semi-Auto,8000,Petrol,145,48.7,2.0
 5 Series,2019,39679,Semi-Auto,6371,Diesel,145,60.1,2.0
 1 Series,2018,28694,Semi-Auto,7901,Diesel,145,47.9,2.0
 3 Series,2019,36543,Automatic,1500,Petrol,145,42.2,2.0
 2 Series,2019,37232,Semi-Auto,4400,Petrol,145,46.3,2.0
 X1,2019,40872,Semi-Auto,9507,Petrol,145,38.7,2.0
 3 Series,2019,34817,Semi-Auto,5626,Petrol,150,42.2,2.0
 X2,2019,38988,Semi-Auto,3898,Petrol,150,39.2,2.0
 X1,2018,31149,Semi-Auto,21336,Petrol,150,44.8,2.0
 X5,2019,61377,Semi-Auto,9278,Diesel,145,37.7,3.0
 X5,2019,61260,Semi-Auto,8442,Diesel,145,37.7,3.0
 1 Series,2015,17982,Semi-Auto,13600,Petrol,145,48.7,1.6
 X5,2019,62651,Semi-Auto,6776,Diesel,145,37.7,3.0
 X1,2014,16771,Semi-Auto,65912,Diesel,165,52.3,2.0
 3 Series,2013,14964,Manual,68991,Diesel,125,58.9,2.0
 1 Series,2019,31944,Semi-Auto,5916,Petrol,145,40.4,1.5
 X1,2017,27275,Semi-Auto,12224,Diesel,150,55.4,2.0
 1 Series,2018,25195,Semi-Auto,4506,Petrol,150,48.7,2.0
 2 Series,2017,19839,Manual,14143,Diesel,150,74.3,1.5
 X1,2014,16888,Semi-Auto,49445,Diesel,150,56.5,2.0
 2 Series,2017,25992,Automatic,15076,Petrol,145,45.6,2.0
 5 Series,2017,42894,Semi-Auto,23000,Diesel,150,51.4,3.0
 X5,2019,59102,Semi-Auto,5345,Diesel,145,37.7,3.0
 X5,2019,61351,Semi-Auto,6776,Diesel,145,37.7,3.0
 X3,2019,41993,Semi-Auto,4646,Diesel,145,54.3,2.0
 5 Series,2019,41694,Semi-Auto,6215,Hybrid,145,60.1,2.0
 X5,2019,62793,Semi-Auto,7450,Diesel,145,37.7,3.0
 X5,2019,58698,Semi-Auto,7956,Diesel,145,37.7,3.0
 3 Series,2015,27615,Semi-Auto,18283,Diesel,160,51.4,3.0
 X1,2019,30956,Automatic,15846,Petrol,145,37.7,2.0
 X6,2016,40158,Semi-Auto,21088,Diesel,200,47.1,3.0
 1 Series,2019,32494,Manual,5085,Petrol,150,41.5,1.5
 X3,2019,48744,Semi-Auto,9250,Diesel,150,48.7,3.0
 1 Series,2019,28594,Manual,4869,Petrol,150,44.8,1.5
 1 Series,2019,22744,Semi-Auto,12375,Diesel,145,72.4,1.5
 4 Series,2016,27300,Semi-Auto,37000,Petrol,200,41.5,3.0
 4 Series,2015,23777,Semi-Auto,25000,Diesel,145,56.5,3.0
 X3,2014,18837,Semi-Auto,45000,Diesel,165,50.4,2.0
 X1,2016,26302,Semi-Auto,24592,Petrol,160,44.8,2.0
 X1,2019,38093,Semi-Auto,5795,Diesel,145,50.4,2.0
 X2,2019,28590,Manual,7189,Diesel,145,48.7,2.0
 X2,2018,26398,Manual,5438,Diesel,145,52.3,2.0
 X2,2019,31658,Semi-Auto,3011,Petrol,145,38.7,2.0
 M4,2018,51730,Semi-Auto,8797,Petrol,145,34.0,3.0
 X2,2018,30090,Manual,3752,Diesel,145,49.6,2.0
 4 Series,2019,33020,Semi-Auto,7398,Petrol,145,48.7,2.0
 4 Series,2019,33020,Semi-Auto,6370,Diesel,145,65.7,2.0
 M3,2015,42835,Semi-Auto,13537,Petrol,300,34.0,3.0
 X6,2019,86177,Automatic,1000,Petrol,145,26.4,3.0
 X4,2019,57194,Semi-Auto,4742,Diesel,145,40.9,3.0
 2 Series,2019,28594,Semi-Auto,3000,Petrol,145,42.2,1.5
 X2,2019,38994,Semi-Auto,1920,Diesel,145,50.4,2.0
 1 Series,2019,34944,Semi-Auto,4210,Diesel,145,51.4,2.0
 3 Series,2013,21178,Semi-Auto,40900,Diesel,145,54.3,3.0
 4 Series,2019,39692,Automatic,8402,Petrol,145,41.5,3.0
 3 Series,2015,19438,Manual,31828,Petrol,200,43.5,2.0
 X7,2019,89336,Semi-Auto,5000,Diesel,145,33.6,3.0
 1 Series,2019,27950,Manual,3251,Petrol,145,44.1,1.5
 X1,2016,28068,Semi-Auto,22070,Petrol,160,44.8,2.0
 X5,2019,74094,Automatic,3375,Diesel,145,37.7,3.0
 1 Series,2020,42894,Semi-Auto,2797,Petrol,145,34.5,2.0
 X1,2020,37694,Semi-Auto,1600,Petrol,145,37.7,1.5
 3 Series,2019,36374,Semi-Auto,7759,Petrol,145,42.2,2.0
 1 Series,2019,31785,Manual,5793,Petrol,145,41.5,1.5
 X1,2019,36078,Semi-Auto,4475,Diesel,145,53.3,2.0
 4 Series,2019,32009,Semi-Auto,2043,Diesel,145,65.7,2.0
 X1,2019,37635,Semi-Auto,3546,Diesel,145,60.1,2.0
 1 Series,2019,31720,Manual,3024,Petrol,145,41.5,1.5
 X2,2019,39884,Automatic,1500,Diesel,145,58.9,2.0
 4 Series,2020,55244,Semi-Auto,18,Diesel,150,58.9,2.0
 Z4,2019,37635,Automatic,8316,Petrol,145,38.7,2.0
 2 Series,2018,23335,Semi-Auto,30000,Diesel,145,49.6,2.0
 X1,2017,26625,Semi-Auto,17285,Diesel,145,60.1,2.0
 4 Series,2019,40638,Automatic,3000,Petrol,145,45.6,2.0
 M4,2019,58920,Semi-Auto,6397,Petrol,145,34.0,3.0
 1 Series,2019,26429,Semi-Auto,9200,Diesel,145,67.3,2.0
 1 Series,2019,25805,Semi-Auto,8000,Petrol,145,54.3,1.5
 3 Series,2019,31968,Semi-Auto,9153,Diesel,145,60.1,2.0
 X2,2019,41588,Semi-Auto,8791,Diesel,145,61.4,2.0
 6 Series,2019,40836,Semi-Auto,27713,Diesel,145,47.9,3.0
 5 Series,2020,45234,Semi-Auto,102,Diesel,145,55.4,2.0
 M4,2017,45494,Semi-Auto,23250,Petrol,300,34.0,3.0
 1 Series,2017,25084,Automatic,22595,Petrol,200,39.8,3.0
 2 Series,2019,29762,Semi-Auto,5571,Petrol,145,39.2,1.5
 4 Series,2017,33491,Automatic,23446,Diesel,145,49.6,3.0
 X5,2016,47583,Automatic,31525,Diesel,235,42.8,3.0
 X6,2017,63027,Semi-Auto,19924,Petrol,145,25.4,4.4
 5 Series,2014,21323,Semi-Auto,21880,Diesel,125,57.6,2.0
 2 Series,2016,23195,Automatic,31931,Diesel,145,55.4,2.0
 3 Series,2017,24807,Automatic,17236,Petrol,145,48.7,2.0
 X1,2019,34822,Automatic,3012,Petrol,145,46.3,1.5
 X1,2017,25975,Semi-Auto,32286,Diesel,145,55.4,2.0
 5 Series,2013,16552,Manual,28204,Diesel,30,62.8,2.0
 1 Series,2019,32321,Semi-Auto,5810,Petrol,145,40.4,1.5
 6 Series,2015,30618,Semi-Auto,26797,Diesel,160,49.6,3.0
 2 Series,2018,27966,Semi-Auto,9005,Diesel,145,65.7,2.0
 X1,2018,31409,Semi-Auto,9261,Petrol,145,44.8,2.0
 5 Series,2014,16823,Semi-Auto,68489,Diesel,125,57.6,2.0
 1 Series,2017,20794,Semi-Auto,19164,Petrol,150,55.5,1.5
 X5,2020,82284,Semi-Auto,150,Diesel,150,33.6,3.0
 4 Series,2017,24694,Manual,10594,Petrol,150,46.3,2.0
 1 Series,2019,23387,Semi-Auto,5900,Diesel,150,72.4,1.5
 5 Series,2019,31584,Semi-Auto,4982,Petrol,145,50.4,2.0
 X1,2017,27944,Semi-Auto,6550,Diesel,145,60.1,2.0
 X1,2016,26644,Semi-Auto,13200,Diesel,125,57.6,2.0
 7 Series,2017,35094,Semi-Auto,25050,Diesel,145,57.6,3.0
 X6,2020,72657,Semi-Auto,9710,Diesel,145,34.9,3.0
 X2,2020,36257,Manual,10,Diesel,145,48.7,2.0
 2 Series,2020,37557,Semi-Auto,6000,Petrol,145,39.8,3.0
 3 Series,2020,57194,Semi-Auto,2252,Petrol,145,34.9,3.0
 X4,2019,51350,Automatic,155,Diesel,145,40.9,3.0
 5 Series,2019,58494,Semi-Auto,1600,Diesel,145,51.4,3.0
 5 Series,2019,34931,Semi-Auto,8560,Petrol,145,50.4,2.0
 X2,2019,36148,Semi-Auto,2198,Petrol,145,36.2,2.0
 X3,2019,71916,Automatic,7154,Petrol,145,24.8,3.0
 X2,2019,40248,Automatic,7021,Petrol,145,34.0,2.0
 X5,2014,35855,Automatic,35881,Diesel,240,44.8,3.0
 1 Series,2016,15523,Manual,29378,Petrol,30,56.5,1.5
 2 Series,2019,26970,Automatic,5063,Diesel,145,67.3,2.0
 X4,2019,45494,Semi-Auto,8098,Diesel,145,42.8,2.0
 X5,2018,65644,Semi-Auto,31855,Petrol,145,25.4,4.4
 1 Series,2019,38994,Semi-Auto,4591,Petrol,145,34.5,2.0
 2 Series,2019,25992,Automatic,2268,Petrol,145,42.2,1.5
 1 Series,2019,36392,Semi-Auto,6879,Petrol,145,39.8,3.0
 i3,2017,27942,Automatic,16867,Hybrid,135,470.8,0.0
 X2,2019,36257,Semi-Auto,2724,Petrol,145,38.7,2.0
 3 Series,2019,44194,Semi-Auto,3633,Petrol,145,41.5,2.0
 X3,2019,76692,Semi-Auto,3017,Petrol,145,24.8,3.0
 1 Series,2019,37692,Semi-Auto,2973,Diesel,145,48.7,2.0
 2 Series,2019,35121,Automatic,1402,Petrol,145,39.8,3.0
 2 Series,2019,28049,Automatic,9794,Petrol,145,47.9,2.0
 X1,2016,28460,Semi-Auto,18307,Petrol,165,44.8,2.0
 3 Series,2015,20127,Semi-Auto,22288,Diesel,125,58.9,2.0
 2 Series,2017,19426,Automatic,15110,Petrol,145,55.4,1.5
 X1,2016,23531,Semi-Auto,33049,Diesel,125,57.6,2.0
 X4,2015,34232,Semi-Auto,8732,Diesel,205,47.9,3.0
 1 Series,2017,21314,Semi-Auto,23400,Petrol,145,54.3,1.5
 4 Series,2019,33794,Semi-Auto,7389,Petrol,145,48.7,2.0
 3 Series,2016,22094,Semi-Auto,22594,Diesel,30,64.2,2.0
 4 Series,2020,42894,Semi-Auto,10,Diesel,145,50.4,3.0
 3 Series,2019,30284,Semi-Auto,4050,Petrol,145,47.9,2.0
 1 Series,2019,34834,Semi-Auto,3788,Diesel,145,51.4,2.0
 3 Series,2017,19884,Manual,41208,Diesel,30,67.3,2.0
 5 Series,2018,33274,Semi-Auto,11646,Diesel,145,49.6,2.0
 1 Series,2019,24694,Semi-Auto,5250,Petrol,145,55.5,1.5
 1 Series,2019,28594,Semi-Auto,6441,Diesel,145,67.3,2.0
 X3,2013,22094,Semi-Auto,50567,Diesel,165,50.4,2.0
 4 Series,2016,23392,Semi-Auto,21991,Petrol,150,48.7,2.0
 M5,2016,47442,Semi-Auto,25780,Petrol,565,28.5,4.4
 2 Series,2018,27294,Semi-Auto,18000,Diesel,150,60.1,2.0
 4 Series,2017,27294,Semi-Auto,17056,Diesel,150,65.7,2.0
 2 Series,2017,29892,Semi-Auto,25219,Petrol,235,38.2,3.0
 3 Series,2016,29242,Semi-Auto,24144,Diesel,160,51.4,3.0
 1 Series,2020,35744,Semi-Auto,6000,Diesel,145,48.7,2.0
 3 Series,2020,42757,Semi-Auto,6000,Diesel,145,49.6,2.0
 1 Series,2020,44194,Semi-Auto,102,Petrol,145,34.5,2.0
 X1,2018,27294,Semi-Auto,8550,Diesel,145,60.1,2.0
 1 Series,2017,27294,Semi-Auto,24650,Petrol,200,39.8,3.0
 X4,2017,35094,Semi-Auto,25350,Diesel,200,47.9,3.0
 X5,2015,33794,Automatic,46250,Diesel,200,47.1,3.0
 2 Series,2016,26384,Semi-Auto,28271,Petrol,260,37.2,3.0
 1 Series,2019,32234,Semi-Auto,11318,Petrol,145,39.8,3.0
 2 Series,2018,26774,Semi-Auto,5500,Petrol,145,38.2,2.0
 2 Series,2020,32494,Semi-Auto,2200,Petrol,145,50.4,2.0
 5 Series,2019,43550,Automatic,3402,Diesel,145,60.1,3.0
 3 Series,2019,39706,Semi-Auto,6294,Diesel,145,52.3,2.0
 7 Series,2017,46144,Semi-Auto,14550,Petrol,145,35.3,4.4
 6 Series,2016,32816,Semi-Auto,21050,Diesel,160,51.4,3.0
 X3,2017,32487,Semi-Auto,38350,Diesel,200,47.1,3.0
 X6,2019,90991,Semi-Auto,1402,Petrol,145,26.4,3.0
 X2,2020,50661,Semi-Auto,600,Diesel,145,58.9,2.0
 X3,2018,48094,Semi-Auto,9210,Petrol,145,34.5,3.0
 X3,2019,57022,Semi-Auto,4824,Petrol,145,34.5,3.0
 4 Series,2016,25994,Semi-Auto,14530,Petrol,145,48.7,2.0
 X1,2016,26384,Semi-Auto,20800,Petrol,160,44.8,2.0
 1 Series,2019,23004,Manual,3400,Petrol,145,52.3,1.5
 4 Series,2020,55276,Semi-Auto,102,Diesel,145,65.7,2.0
 X1,2020,48516,Semi-Auto,102,Petrol,145,39.8,2.0
 X3,2020,46794,Semi-Auto,102,Diesel,145,54.3,2.0
 X5,2020,84494,Semi-Auto,102,Diesel,145,37.7,3.0
 3 Series,2019,35086,Semi-Auto,4026,Diesel,145,53.3,3.0
 1 Series,2019,25336,Manual,7931,Diesel,145,70.6,1.5
 X1,2017,23387,Semi-Auto,33000,Diesel,150,55.4,2.0
 3 Series,2016,18187,Semi-Auto,68800,Diesel,30,64.2,2.0
 i3,2016,20787,Automatic,68000,Hybrid,0,470.8,0.0
 1 Series,2015,15079,Manual,14714,Diesel,20,72.4,1.5
 i3,2016,19370,Automatic,59945,Hybrid,0,470.8,0.0
 X1,2016,22880,Semi-Auto,26382,Diesel,145,55.4,2.0
 3 Series,2017,25298,Automatic,11076,Diesel,145,56.5,3.0
 1 Series,2014,14560,Manual,45400,Diesel,30,64.2,2.0
 6 Series,2016,30674,Semi-Auto,24600,Diesel,160,51.4,3.0
 X7,2019,94637,Semi-Auto,5349,Diesel,145,33.6,3.0
 1 Series,2019,25864,Semi-Auto,5312,Petrol,145,54.3,1.5
 M4,2017,47574,Semi-Auto,10950,Petrol,145,34.0,3.0
 8 Series,2020,80594,Semi-Auto,101,Diesel,145,40.4,3.0
 2 Series,2019,28464,Semi-Auto,5536,Diesel,145,68.9,2.0
 1 Series,2019,32487,Semi-Auto,3225,Petrol,145,40.4,1.5
 5 Series,2019,45494,Semi-Auto,102,Petrol,145,50.4,2.0
 4 Series,2019,33266,Automatic,4300,Petrol,145,48.7,2.0
 1 Series,2019,23880,Manual,4410,Diesel,145,65.7,2.0
 X2,2019,36386,Semi-Auto,8942,Diesel,145,58.9,2.0
 3 Series,2019,29730,Semi-Auto,11824,Diesel,145,54.3,2.0
 3 Series,2019,34566,Semi-Auto,9988,Diesel,145,52.3,2.0
 1 Series,2016,18966,Automatic,45000,Diesel,30,65.7,2.0
 X2,2020,50686,Semi-Auto,6000,Petrol,145,34.0,2.0
 4 Series,2015,18135,Manual,25510,Petrol,160,46.3,2.0
 1 Series,2020,33791,Semi-Auto,906,Petrol,145,40.4,1.5
 2 Series,2018,29931,Semi-Auto,9579,Diesel,145,64.2,2.0
 X1,2017,24998,Semi-Auto,29866,Diesel,145,55.4,2.0
 1 Series,2018,23394,Semi-Auto,14200,Petrol,145,36.7,1.5
 3 Series,2019,42117,Semi-Auto,2150,Petrol,145,42.2,2.0
 4 Series,2019,38533,Semi-Auto,6650,Petrol,145,48.7,2.0
 1 Series,2019,25994,Semi-Auto,2604,Diesel,145,70.6,2.0
 X3,2016,28594,Semi-Auto,35700,Diesel,145,54.3,2.0
 M2,2019,53294,Semi-Auto,3500,Petrol,145,29.1,3.0
 1 Series,2019,25596,Manual,1581,Diesel,145,70.6,1.5
 X7,2019,88386,Semi-Auto,17561,Petrol,145,24.8,3.0
 Z4,2019,40260,Automatic,5500,Petrol,145,38.7,2.0
 Z4,2019,42886,Semi-Auto,6000,Petrol,145,38.7,2.0
 X2,2019,40026,Semi-Auto,3795,Diesel,145,58.9,2.0
 1 Series,2017,23380,Automatic,24229,Diesel,125,60.1,2.0
 X1,2017,26636,Automatic,6391,Diesel,145,65.7,2.0
 X2,2018,33760,Semi-Auto,12271,Diesel,145,61.4,2.0
 3 Series,2020,45486,Semi-Auto,100,Diesel,145,50.4,2.0
 X4,2019,51285,Semi-Auto,7310,Diesel,145,40.9,3.0
 3 Series,2019,45486,Semi-Auto,6000,Diesel,145,49.6,2.0
 4 Series,2016,24270,Semi-Auto,16622,Petrol,160,44.8,2.0
 1 Series,2016,25705,Semi-Auto,31661,Petrol,200,39.8,3.0
 X2,2019,35970,Semi-Auto,13440,Diesel,145,58.9,2.0
 5 Series,2019,35736,Automatic,6499,Hybrid,135,156.9,2.0
 4 Series,2019,32870,Semi-Auto,9212,Petrol,145,45.6,2.0
 X5,2019,58305,Automatic,12369,Diesel,145,37.7,3.0
 X5,2019,58305,Automatic,9740,Diesel,145,37.7,3.0
 X5,2019,58305,Semi-Auto,9341,Diesel,145,37.7,3.0
 X5,2019,58305,Automatic,12000,Diesel,145,37.7,3.0
 5 Series,2019,39377,Automatic,5800,Hybrid,145,49.6,2.0
 1 Series,2019,32305,Manual,3602,Petrol,145,41.5,1.5
 1 Series,2019,39910,Automatic,7381,Petrol,145,34.5,2.0
 X5,2019,68894,Semi-Auto,5256,Petrol,145,27.2,3.0
 Z4,2020,42894,Semi-Auto,102,Petrol,145,38.7,2.0
 X5,2019,62368,Semi-Auto,6413,Diesel,145,37.7,3.0
 X3,2019,70974,Semi-Auto,1604,Petrol,145,24.8,3.0
 3 Series,2020,49394,Semi-Auto,102,Petrol,145,40.4,2.0
 X4,2019,61803,Automatic,7555,Diesel,145,40.9,3.0
 X3,2019,52859,Automatic,3755,Diesel,145,54.3,2.0
 2 Series,2019,38988,Automatic,1893,Petrol,145,47.9,2.0
 1 Series,2019,30902,Manual,3559,Petrol,145,44.1,1.5
 1 Series,2019,22094,Automatic,9399,Diesel,145,70.6,2.0
 3 Series,2017,24036,Automatic,18374,Diesel,145,64.2,2.0
 2 Series,2020,35086,Semi-Auto,3000,Petrol,145,47.9,2.0
 7 Series,2020,72136,Semi-Auto,10300,Diesel,145,41.5,3.0
 X6,2020,77986,Semi-Auto,3000,Diesel,145,34.9,3.0
 1 Series,2017,24235,Semi-Auto,28120,Diesel,125,60.1,2.0
 X5,2019,62647,Automatic,7580,Diesel,145,37.7,3.0
 2 Series,2019,24154,Manual,6556,Petrol,145,40.9,1.5
 3 Series,2019,40794,Automatic,7307,Diesel,145,49.6,2.0
 Z4,2019,38923,Semi-Auto,5465,Petrol,145,38.7,2.0
 4 Series,2019,50960,Semi-Auto,6455,Petrol,145,39.2,3.0
 1 Series,2019,30901,Automatic,7287,Petrol,145,42.8,1.5
 5 Series,2019,41171,Automatic,11537,Diesel,145,62.8,2.0
 4 Series,2019,32708,Semi-Auto,7208,Diesel,145,65.7,2.0
 5 Series,2020,46531,Semi-Auto,15,Petrol,145,48.7,2.0
 5 Series,2020,54594,Semi-Auto,100,Diesel,145,60.1,2.0
 3 Series,2018,25864,Semi-Auto,13909,Diesel,145,60.1,2.0
 X3,2018,47386,Semi-Auto,10300,Diesel,145,48.7,3.0
 2 Series,2020,42984,Semi-Auto,102,Diesel,145,49.6,2.0
 3 Series,2020,55159,Semi-Auto,102,Diesel,145,50.4,2.0
 1 Series,2018,22744,Semi-Auto,7700,Petrol,145,36.7,1.5
 X4,2020,79294,Semi-Auto,100,Petrol,145,24.8,3.0
 X1,2019,35094,Semi-Auto,4183,Diesel,145,65.7,2.0
 X2,2018,31194,Semi-Auto,21271,Diesel,145,58.9,2.0
 i3,2017,26644,Automatic,20082,Hybrid,135,470.8,0.0
 3 Series,2020,51994,Semi-Auto,1898,Petrol,145,41.5,2.0
 4 Series,2015,23394,Semi-Auto,44800,Diesel,145,53.3,3.0
 2 Series,2019,37691,Semi-Auto,2236,Diesel,145,47.1,2.0
 X3,2020,68888,Semi-Auto,4360,Hybrid,135,5.5,2.0
 2 Series,2019,31707,Semi-Auto,2469,Diesel,145,52.3,2.0
 X4,2019,49894,Automatic,3502,Diesel,145,42.8,2.0
 2 Series,2019,25376,Automatic,2048,Diesel,145,51.4,2.0
 X2,2018,28244,Semi-Auto,5000,Diesel,145,50.4,2.0
 1 Series,2018,22283,Semi-Auto,29869,Diesel,150,65.7,2.0
 4 Series,2016,30772,Semi-Auto,26044,Diesel,205,47.9,3.0
 4 Series,2018,28317,Semi-Auto,16701,Diesel,145,65.7,2.0
 2 Series,2015,21999,Semi-Auto,29538,Petrol,200,43.5,2.0
 7 Series,2019,71703,Automatic,4330,Diesel,145,41.5,3.0
 X3,2016,29875,Semi-Auto,33421,Diesel,150,54.3,2.0
 3 Series,2018,28283,Automatic,7794,Petrol,145,47.9,2.0
 6 Series,2016,35069,Automatic,17264,Petrol,325,32.1,4.4
 3 Series,2015,28694,Semi-Auto,27536,Petrol,200,41.5,3.0
 2 Series,2019,28808,Automatic,2000,Diesel,145,49.6,2.0
 X5,2019,57143,Semi-Auto,10175,Diesel,145,37.7,3.0
 Z4,2019,49603,Semi-Auto,3140,Petrol,145,33.2,3.0
 3 Series,2019,49400,Automatic,7900,Petrol,145,34.9,3.0
 X1,2020,36394,Semi-Auto,2364,Diesel,145,65.7,2.0
 3 Series,2020,45494,Semi-Auto,100,Petrol,145,42.2,2.0
 X5,2019,90994,Semi-Auto,1606,Hybrid,135,188.3,3.0
 1 Series,2019,21704,Semi-Auto,5100,Diesel,145,72.4,1.5
 2 Series,2019,28594,Semi-Auto,6100,Diesel,145,62.8,2.0
 1 Series,2020,32494,Semi-Auto,102,Petrol,145,40.4,1.5
 1 Series,2020,36992,Semi-Auto,102,Petrol,145,42.8,1.5
 2 Series,2015,20647,Semi-Auto,23742,Petrol,125,51.4,1.5
 X1,2013,11174,Manual,72834,Diesel,160,51.4,2.0
 5 Series,2014,15594,Automatic,36450,Diesel,30,62.8,2.0
 2 Series,2018,25585,Semi-Auto,15609,Diesel,150,49.6,2.0
 3 Series,2017,27288,Semi-Auto,26321,Diesel,150,56.5,3.0
 5 Series,2015,20907,Semi-Auto,43836,Diesel,30,62.8,2.0
 3 Series,2015,20775,Semi-Auto,33836,Diesel,125,60.1,2.0
 X2,2019,38948,Semi-Auto,6321,Diesel,145,58.9,2.0
 X5,2019,59592,Automatic,10923,Diesel,145,37.7,3.0
 4 Series,2019,33626,Automatic,4767,Petrol,145,48.7,2.0
 X1,2019,35108,Automatic,3195,Diesel,145,60.1,2.0
 3 Series,2019,43518,Semi-Auto,8576,Diesel,145,49.6,2.0
 2 Series,2018,28588,Automatic,4828,Hybrid,135,113.0,1.5
 3 Series,2017,24580,Semi-Auto,34134,Diesel,145,53.3,3.0
 2 Series,2019,26000,Semi-Auto,10539,Petrol,145,47.9,2.0
 2 Series,2019,34425,Manual,2033,Petrol,145,52.3,1.5
 2 Series,2018,30813,Semi-Auto,25029,Petrol,145,39.8,3.0
 X5,2019,60783,Automatic,6650,Diesel,145,37.7,3.0
 1 Series,2016,30436,Semi-Auto,9097,Petrol,200,39.8,3.0
 1 Series,2019,42303,Automatic,4260,Diesel,145,48.7,2.0
 X6,2019,77988,Automatic,4509,Diesel,145,34.9,3.0
 X2,2019,43616,Automatic,4501,Petrol,145,39.2,2.0
 M5,2019,96187,Automatic,1501,Petrol,145,24.1,4.4
 X1,2019,45228,Semi-Auto,3796,Diesel,145,36.7,2.0
 X1,2015,16873,Semi-Auto,48102,Diesel,160,52.3,2.0
 2 Series,2020,30926,Semi-Auto,1500,Petrol,150,50.4,1.5
 1 Series,2014,19330,Semi-Auto,35093,Diesel,125,60.1,2.0
 4 Series,2018,28326,Automatic,35423,Diesel,145,55.4,3.0
 1 Series,2019,29834,Manual,1300,Petrol,145,44.1,1.5
 X2,2019,37674,Semi-Auto,14230,Diesel,145,58.9,2.0
 X1,2020,38319,Semi-Auto,100,Diesel,145,36.7,2.0
 X3,2019,71218,Semi-Auto,7536,Petrol,145,24.8,3.0
 2 Series,2019,29114,Semi-Auto,2504,Diesel,145,68.9,2.0
 M4,2020,74094,Semi-Auto,1200,Petrol,145,32.5,3.0
 X7,2020,103436,Semi-Auto,1000,Petrol,145,24.8,3.0
 1 Series,2019,23201,Manual,3731,Petrol,145,53.3,1.5
 2 Series,2019,26854,Semi-Auto,4560,Petrol,145,50.4,1.5
 X5,2015,58258,Semi-Auto,22103,Petrol,570,25.4,4.4
 1 Series,2019,46794,Semi-Auto,1000,Petrol,145,34.5,2.0
 3 Series,2019,38994,Semi-Auto,1000,Petrol,150,42.2,2.0
 3 Series,2016,27141,Semi-Auto,25145,Diesel,160,51.4,3.0
 7 Series,2019,68900,Semi-Auto,3000,Diesel,145,41.5,3.0
 4 Series,2017,27897,Semi-Auto,23039,Diesel,145,55.4,3.0
 1 Series,2019,20144,Manual,2282,Petrol,145,53.3,1.5
 2 Series,2019,29894,Manual,1000,Petrol,145,42.8,1.5
 5 Series,2019,36914,Semi-Auto,1792,Diesel,145,62.8,2.0
 X1,2019,40294,Semi-Auto,1000,Diesel,145,60.1,2.0
 4 Series,2019,39195,Semi-Auto,7701,Petrol,145,48.7,2.0
 2 Series,2016,20268,Semi-Auto,68185,Diesel,125,60.1,2.0
 1 Series,2014,15018,Semi-Auto,66449,Petrol,125,50.4,1.6
 2 Series,2018,26835,Semi-Auto,6614,Petrol,145,36.2,2.0
 1 Series,2017,20008,Semi-Auto,25131,Petrol,145,55.5,1.5
 X1,2015,20645,Semi-Auto,21992,Diesel,160,52.3,2.0
 X2,2019,52556,Semi-Auto,100,Petrol,145,34.0,2.0
 X7,2019,90994,Semi-Auto,5283,Diesel,145,33.6,3.0
 6 Series,2016,34346,Semi-Auto,29403,Petrol,260,35.8,3.0
 4 Series,2016,29302,Semi-Auto,24932,Diesel,160,49.6,3.0
 i3,2017,25932,Automatic,20929,Hybrid,135,470.8,0.0
 X1,2016,23772,Semi-Auto,35300,Diesel,125,57.6,2.0
 X5,2019,68894,Semi-Auto,5853,Diesel,145,37.7,3.0
 7 Series,2017,46103,Semi-Auto,28338,Diesel,145,56.5,3.0
 X4,2016,35094,Semi-Auto,13005,Diesel,145,54.3,2.0
 X3,2016,28532,Semi-Auto,35621,Diesel,145,54.3,2.0
 1 Series,2019,29894,Manual,1000,Petrol,145,44.1,1.5
 3 Series,2017,20691,Manual,24669,Petrol,145,48.7,2.0
 X3,2016,31569,Semi-Auto,15497,Diesel,145,54.3,2.0
 5 Series,2017,32380,Semi-Auto,8605,Diesel,145,65.7,2.0
 X3,2017,36331,Semi-Auto,33158,Diesel,200,47.1,3.0
 2 Series,2016,20558,Semi-Auto,28966,Petrol,125,52.3,1.5
 3 Series,2020,54282,Semi-Auto,1881,Petrol,150,34.9,3.0
 3 Series,2020,42688,Semi-Auto,1370,Diesel,150,52.3,2.0
 M5,2018,77965,Semi-Auto,10455,Petrol,150,26.9,4.4
 8 Series,2019,77602,Semi-Auto,2881,Petrol,150,31.7,3.0
 2 Series,2019,38994,Semi-Auto,1089,Petrol,150,38.2,3.0
 M3,2015,44550,Semi-Auto,37249,Petrol,300,34.0,3.0
 3 Series,2018,29871,Semi-Auto,8702,Petrol,145,46.3,2.0
 1 Series,2017,28382,Semi-Auto,23114,Petrol,200,39.8,3.0
 2 Series,2019,38994,Semi-Auto,460,Petrol,150,38.2,3.0
 4 Series,2019,41594,Semi-Auto,1297,Diesel,145,58.9,2.0
 4 Series,2019,40944,Semi-Auto,1133,Diesel,145,65.7,2.0
 X1,2018,33094,Semi-Auto,9421,Diesel,145,60.1,2.0
 X3,2019,46794,Semi-Auto,3708,Diesel,145,54.3,2.0
 5 Series,2017,29891,Semi-Auto,23310,Diesel,160,51.4,2.0
 X5,2016,41508,Automatic,25701,Diesel,200,47.1,3.0
 X5,2015,36197,Automatic,44087,Diesel,200,47.1,3.0
 3 Series,2017,24515,Semi-Auto,29190,Diesel,145,62.8,2.0
 3 Series,2017,27914,Semi-Auto,43703,Diesel,160,51.4,3.0
 2 Series,2017,25994,Semi-Auto,16266,Petrol,145,43.5,2.0
 3 Series,2019,45287,Semi-Auto,8200,Diesel,145,48.7,2.0
 X6,2019,72794,Semi-Auto,1500,Diesel,145,34.9,3.0
 1 Series,2019,23914,Semi-Auto,1060,Diesel,145,70.6,2.0
 5 Series,2017,22957,Semi-Auto,31585,Diesel,30,62.8,2.0
 M4,2017,47866,Semi-Auto,27806,Petrol,145,34.0,3.0
 2 Series,2016,23230,Semi-Auto,39955,Petrol,205,43.5,2.0
 i3,2017,29244,Automatic,21025,Hybrid,0,470.8,0.0
 3 Series,2020,93587,Semi-Auto,150,Diesel,150,47.1,3.0
 1 Series,2015,13325,Manual,35869,Petrol,125,53.3,1.5
 3 Series,2017,30996,Semi-Auto,19888,Diesel,145,51.4,3.0
 1 Series,2016,24510,Semi-Auto,21685,Diesel,125,60.1,2.0
 X1,2019,34408,Semi-Auto,4153,Diesel,145,65.7,2.0
 5 Series,2019,41594,Semi-Auto,6111,Diesel,145,60.1,2.0
 1 Series,2014,16894,Automatic,37390,Diesel,30,64.2,2.0
 3 Series,2017,27944,Semi-Auto,47518,Diesel,160,51.4,3.0
 3 Series,2018,32494,Semi-Auto,11350,Diesel,145,56.5,3.0
 X6,2020,72794,Semi-Auto,5000,Diesel,145,34.9,3.0
 2 Series,2020,41594,Semi-Auto,1000,Diesel,145,62.8,2.0
 2 Series,2020,38994,Semi-Auto,1000,Petrol,145,47.9,2.0
 Z4,2020,45494,Semi-Auto,1000,Petrol,145,38.7,2.0
 Z4,2020,42244,Semi-Auto,2200,Petrol,145,38.7,2.0
 2 Series,2017,22087,Manual,13566,Diesel,30,64.2,2.0
 3 Series,2018,29244,Automatic,13700,Diesel,145,62.8,2.0
 3 Series,2017,27287,Semi-Auto,18309,Diesel,145,56.5,3.0
 3 Series,2019,54594,Automatic,3000,Diesel,145,43.5,3.0
 1 Series,2019,30485,Semi-Auto,5500,Petrol,145,42.8,1.5
 3 Series,2020,44194,Semi-Auto,4000,Petrol,145,41.5,2.0
 3 Series,2016,23394,Semi-Auto,56327,Diesel,145,53.3,3.0
 X5,2019,74094,Semi-Auto,3677,Diesel,145,33.6,3.0
 X4,2019,50696,Semi-Auto,10,Diesel,145,40.9,3.0
 5 Series,2019,41587,Semi-Auto,14585,Hybrid,135,156.9,2.0
 4 Series,2019,32494,Semi-Auto,1893,Diesel,145,60.1,2.0
 2 Series,2019,29894,Semi-Auto,1000,Petrol,145,40.9,1.5
 1 Series,2019,36394,Semi-Auto,101,Diesel,145,51.4,2.0
 X7,2020,101394,Semi-Auto,7500,Diesel,150,31.4,3.0
 4 Series,2016,23394,Semi-Auto,24709,Diesel,30,65.7,2.0
 2 Series,2020,40294,Semi-Auto,1000,Diesel,145,48.7,2.0
 4 Series,2014,22094,Semi-Auto,25276,Diesel,145,56.5,2.0
 1 Series,2013,11044,Manual,49711,Diesel,30,65.7,2.0
 4 Series,2018,29894,Semi-Auto,7450,Diesel,145,55.4,3.0
 4 Series,2015,27494,Semi-Auto,29627,Diesel,160,49.6,3.0
 5 Series,2018,29244,Semi-Auto,19474,Diesel,145,62.8,2.0
 1 Series,2019,24694,Semi-Auto,5955,Diesel,145,70.6,2.0
 5 Series,2019,36394,Semi-Auto,15808,Petrol,145,48.7,2.0
 5 Series,2014,19447,Semi-Auto,31039,Diesel,145,55.4,2.0
 4 Series,2019,33794,Semi-Auto,1000,Diesel,145,60.1,2.0
 1 Series,2019,31844,Manual,1000,Petrol,145,41.5,1.5
 5 Series,2019,40294,Automatic,4000,Diesel,145,60.1,2.0
 1 Series,2017,28594,Semi-Auto,15948,Petrol,200,39.8,3.0
 1 Series,2020,48094,Semi-Auto,3000,Petrol,150,34.5,2.0
 X3,2019,42894,Semi-Auto,7200,Diesel,150,54.3,2.0
 X1,2017,32494,Semi-Auto,4645,Petrol,150,44.8,2.0
 1 Series,2015,15594,Manual,30241,Diesel,20,72.4,1.5
 3 Series,2016,18194,Manual,34328,Diesel,125,61.4,2.0
 2 Series,2017,22744,Semi-Auto,15336,Petrol,125,48.7,2.0
 1 Series,2018,23394,Manual,13132,Petrol,150,52.3,1.5
 3 Series,2019,32494,Semi-Auto,7130,Petrol,150,47.9,2.0
 4 Series,2019,31064,Semi-Auto,5630,Diesel,145,65.7,2.0
 5 Series,2019,48094,Semi-Auto,6142,Petrol,145,39.2,3.0
 M4,2019,61094,Semi-Auto,5239,Petrol,145,34.0,3.0
 X7,2019,80438,Semi-Auto,5071,Diesel,145,33.6,3.0
 3 Series,2018,28438,Semi-Auto,7509,Diesel,145,62.8,2.0
 2 Series,2019,36394,Semi-Auto,7296,Petrol,145,39.8,3.0
 3 Series,2017,21938,Semi-Auto,19493,Diesel,0,74.3,2.0
 X3,2015,28438,Semi-Auto,23000,Diesel,150,54.3,2.0
 2 Series,2020,29738,Semi-Auto,8,Petrol,150,50.4,1.5
 2 Series,2019,29218,Semi-Auto,5558,Petrol,150,50.4,2.0
 X1,2017,25838,Semi-Auto,26109,Diesel,145,55.4,2.0
 3 Series,2018,28438,Semi-Auto,3582,Petrol,150,48.7,2.0
 3 Series,2017,25838,Semi-Auto,20000,Diesel,150,64.2,2.0
 5 Series,2019,34938,Semi-Auto,11794,Diesel,150,62.8,2.0
 1 Series,2019,27138,Manual,7879,Petrol,145,44.1,1.5
 1 Series,2019,27138,Manual,5599,Petrol,145,44.1,1.5
 2 Series,2019,25838,Semi-Auto,17303,Diesel,145,51.4,2.0
 4 Series,2018,27294,Automatic,3500,Diesel,145,55.4,3.0
 1 Series,2014,18187,Manual,33580,Petrol,200,42.8,2.0
 X2,2019,38994,Semi-Auto,2315,Diesel,145,58.9,2.0
 4 Series,2019,32487,Semi-Auto,1777,Diesel,145,58.9,2.0
 2 Series,2016,19494,Automatic,35004,Diesel,30,64.2,2.0
 X1,2016,23394,Manual,31345,Diesel,125,60.1,2.0
 3 Series,2018,32494,Semi-Auto,17173,Diesel,145,56.5,3.0
 X3,2016,28594,Automatic,41277,Diesel,145,54.3,2.0
 4 Series,2015,21965,Semi-Auto,41000,Diesel,150,56.5,2.0
 3 Series,2017,23394,Semi-Auto,27823,Petrol,150,44.1,2.0
 2 Series,2019,26644,Manual,4467,Petrol,150,52.3,1.5
 2 Series,2015,20794,Manual,19361,Diesel,30,64.2,2.0
 3 Series,2020,45338,Semi-Auto,2000,Diesel,145,50.4,2.0
 X3,2020,46638,Semi-Auto,2000,Diesel,145,54.3,2.0
 3 Series,2017,34418,Semi-Auto,28740,Diesel,200,49.6,3.0
 2 Series,2019,29738,Semi-Auto,2144,Petrol,145,50.4,1.5
 4 Series,2018,34938,Semi-Auto,6488,Diesel,145,51.4,3.0
 1 Series,2017,21418,Manual,12194,Petrol,125,52.3,1.5
 2 Series,2017,31038,Semi-Auto,16261,Petrol,145,39.8,3.0
 3 Series,2018,28438,Semi-Auto,15769,Petrol,145,48.7,2.0
 2 Series,2020,38994,Semi-Auto,1000,Petrol,145,47.9,2.0
 1 Series,2017,19494,Semi-Auto,28921,Petrol,30,55.5,1.5
 2 Series,2015,16900,Manual,24600,Petrol,145,47.9,2.0
 X5,2014,28795,Automatic,49450,Diesel,200,47.1,3.0
 1 Series,2017,26644,Semi-Auto,27866,Petrol,145,39.8,3.0
 1 Series,2019,23394,Manual,4658,Diesel,145,68.9,2.0
 X2,2018,28594,Semi-Auto,13056,Diesel,145,61.4,2.0
 3 Series,2020,49238,Semi-Auto,2000,Diesel,145,47.9,3.0
 2 Series,2019,27138,Manual,5907,Petrol,145,42.2,1.5
 1 Series,2019,27138,Manual,8500,Petrol,145,44.1,1.5
 1 Series,2019,27138,Manual,2832,Petrol,145,44.1,1.5
 1 Series,2019,27138,Manual,4143,Petrol,145,44.1,1.5
 1 Series,2019,27138,Manual,8464,Petrol,145,44.1,1.5
 1 Series,2019,27138,Manual,5922,Petrol,145,44.1,1.5
 1 Series,2019,27138,Manual,10532,Petrol,145,44.1,1.5
 3 Series,2017,25838,Semi-Auto,16456,Petrol,145,46.3,2.0
 6 Series,2017,38838,Semi-Auto,9769,Diesel,145,51.4,3.0
 1 Series,2016,25838,Automatic,31800,Petrol,235,37.7,3.0
 X3,2018,38987,Semi-Auto,20087,Diesel,145,48.7,3.0
 1 Series,2018,23400,Semi-Auto,7929,Petrol,150,36.7,1.5
 X3,2015,28600,Semi-Auto,26000,Diesel,205,47.9,3.0
 4 Series,2018,29894,Automatic,18792,Petrol,145,45.6,2.0
 2 Series,2019,38994,Semi-Auto,2069,Petrol,145,39.8,3.0
 3 Series,2019,38344,Semi-Auto,5326,Diesel,145,53.3,3.0
 1 Series,2019,28438,Manual,9086,Petrol,145,41.5,1.5
 5 Series,2019,40138,Semi-Auto,2135,Petrol,145,48.7,2.0
 1 Series,2020,37538,Semi-Auto,150,Petrol,145,42.8,1.5
 3 Series,2020,38838,Semi-Auto,150,Petrol,145,42.2,2.0
 5 Series,2016,29738,Semi-Auto,29286,Petrol,235,37.7,3.0
 3 Series,2020,44038,Semi-Auto,2000,Petrol,145,40.4,2.0
 3 Series,2020,45338,Semi-Auto,2000,Diesel,145,52.3,2.0
 X5,2020,58338,Semi-Auto,2000,Diesel,145,36.7,3.0
 1 Series,2019,28438,Manual,9261,Petrol,145,41.5,1.5
 1 Series,2017,20638,Manual,16000,Diesel,150,68.9,2.0
 2 Series,2018,34938,Semi-Auto,8353,Petrol,150,32.5,3.0
 2 Series,2019,27138,Manual,718,Petrol,150,54.3,1.5
 1 Series,2019,31038,Semi-Auto,5693,Petrol,150,40.4,1.5
 X3,2019,51838,Semi-Auto,8988,Diesel,150,36.7,3.0
 X1,2019,36238,Semi-Auto,10001,Diesel,150,50.4,2.0
 1 Series,2017,21040,Automatic,37834,Diesel,145,67.3,2.0
 4 Series,2017,25330,Semi-Auto,40542,Diesel,30,65.7,2.0
 X1,2018,28594,Manual,7252,Petrol,145,51.4,1.5
 3 Series,2018,27294,Semi-Auto,47386,Diesel,145,64.2,2.0
 2 Series,2019,29244,Semi-Auto,5633,Diesel,145,49.6,2.0
 3 Series,2015,22087,Semi-Auto,46890,Diesel,125,58.9,2.0
 2 Series,2016,19581,Manual,19657,Diesel,20,68.9,1.5
 X5,2017,42887,Automatic,23010,Diesel,145,47.1,3.0
 3 Series,2019,38994,Semi-Auto,3150,Petrol,145,42.2,2.0
 2 Series,2020,29738,Semi-Auto,13,Petrol,150,50.4,1.5
 1 Series,2019,27138,Manual,12845,Petrol,150,44.1,1.5
 2 Series,2020,31180,Automatic,1968,Petrol,145,50.4,2.0
 1 Series,2020,35678,Automatic,2047,Diesel,145,51.4,2.0
 3 Series,2020,43270,Semi-Auto,4323,Diesel,145,50.4,2.0
 X3,2016,31038,Semi-Auto,31839,Diesel,145,54.3,2.0
 2 Series,2020,34320,Semi-Auto,150,Petrol,145,42.2,1.5
 2 Series,2019,28438,Semi-Auto,3995,Petrol,145,50.4,1.5
 5 Series,2017,27684,Automatic,16774,Diesel,125,62.8,2.0
 3 Series,2017,24044,Automatic,29681,Petrol,145,48.7,2.0
 5 Series,2019,40930,Semi-Auto,3123,Diesel,150,60.1,3.0
 3 Series,2020,45480,Semi-Auto,1987,Diesel,150,53.3,2.0
 2 Series,2020,42764,Semi-Auto,1548,Petrol,150,36.2,2.0
 2 Series,2019,29880,Semi-Auto,7836,Petrol,150,47.9,2.0
 Z4,2020,41464,Semi-Auto,10,Petrol,150,38.7,2.0
 2 Series,2019,29764,Semi-Auto,8319,Diesel,150,51.4,2.0
 X5,2019,68738,Semi-Auto,10,Diesel,150,37.7,3.0
 X5,2019,68738,Semi-Auto,13,Diesel,150,37.7,3.0
 2 Series,2020,28438,Semi-Auto,7,Petrol,150,50.4,1.5
 1 Series,2019,28438,Manual,13252,Petrol,145,41.5,1.5
 X3,2019,53138,Semi-Auto,9045,Petrol,150,34.5,3.0
 5 Series,2019,34938,Semi-Auto,12391,Diesel,150,62.8,2.0
 3 Series,2018,27138,Semi-Auto,16969,Petrol,150,48.7,2.0
 3 Series,2020,53930,Semi-Auto,2084,Diesel,145,43.5,3.0
 3 Series,2019,45480,Automatic,2974,Diesel,145,47.9,3.0
 3 Series,2019,45480,Automatic,10742,Diesel,145,48.7,2.0
 2 Series,2020,33130,Semi-Auto,877,Diesel,145,64.2,2.0
 X1,2020,34964,Semi-Auto,1074,Diesel,145,40.9,2.0
 2 Series,2019,25200,Automatic,8599,Petrol,145,40.9,1.5
 X3,2019,57038,Automatic,8200,Petrol,145,34.5,3.0
 X1,2019,37538,Semi-Auto,150,Petrol,145,35.3,2.0
 5 Series,2017,25838,Semi-Auto,24655,Diesel,145,68.9,2.0
 3 Series,2016,23238,Semi-Auto,27016,Hybrid,0,148.7,2.0
 2 Series,2018,24018,Semi-Auto,14616,Petrol,145,50.4,1.5
 i3,2016,25838,Automatic,20013,Hybrid,0,470.8,0.0
 1 Series,2018,19480,Manual,14530,Diesel,145,51.4,1.5
 5 Series,2017,31064,Semi-Auto,24172,Hybrid,135,156.9,2.0
 1 Series,2015,13630,Manual,66563,Diesel,20,68.9,2.0
 1 Series,2018,20520,Semi-Auto,7229,Petrol,145,58.9,1.5
 X1,2017,27138,Semi-Auto,9637,Diesel,145,55.4,2.0
 3 Series,2016,29218,Automatic,22533,Diesel,160,51.4,3.0
 i8,2018,72130,Automatic,13909,Hybrid,135,134.5,1.5
 4 Series,2016,28580,Automatic,33074,Diesel,160,51.4,3.0
 3 Series,2019,35470,Semi-Auto,11439,Petrol,145,40.9,2.0
 X1,2017,26890,Automatic,19116,Diesel,145,57.6,2.0
 1 Series,2014,14280,Manual,42574,Diesel,30,64.2,2.0
 X1,2018,30530,Semi-Auto,11586,Diesel,145,60.1,2.0
 X1,2016,24564,Automatic,26083,Diesel,125,60.1,2.0
 6 Series,2016,27930,Automatic,19411,Petrol,260,37.2,3.0
 1 Series,2015,15970,Manual,42676,Diesel,30,65.7,2.0
 1 Series,2016,20468,Automatic,17237,Petrol,125,54.3,1.5
 3 Series,2020,37680,Semi-Auto,2958,Petrol,145,42.2,2.0
 8 Series,2020,79930,Semi-Auto,6374,Diesel,145,26.7,3.0
 M4,2016,39630,Semi-Auto,32866,Petrol,300,34.0,3.0
 X1,2019,32870,Automatic,11884,Diesel,145,60.1,2.0
 X6,2020,72780,Semi-Auto,1365,Diesel,145,34.9,3.0
 2 Series,2018,21938,Automatic,32618,Petrol,145,51.4,1.5
 X5,2019,60938,Semi-Auto,9438,Diesel,145,37.7,3.0
 X5,2019,60938,Semi-Auto,8318,Diesel,145,37.7,3.0
 3 Series,2015,18038,Automatic,35697,Diesel,30,62.8,2.0
 X5,2019,60938,Semi-Auto,10834,Diesel,145,37.7,3.0
 5 Series,2019,34938,Automatic,9029,Hybrid,135,156.9,2.0
 5 Series,2019,34938,Automatic,10597,Hybrid,135,156.9,2.0
 3 Series,2017,33118,Semi-Auto,27024,Diesel,145,51.4,3.0
 5 Series,2002,2074,Automatic,115000,Petrol,325,28.5,2.2
 X3,2004,4544,Automatic,100000,Petrol,330,23.7,2.5
 1 Series,2019,43420,Semi-Auto,3450,Petrol,145,34.5,2.0
 3 Series,2019,40294,Semi-Auto,1000,Diesel,145,49.6,2.0
 X3,2019,50694,Semi-Auto,10,Diesel,145,54.3,2.0
 3 Series,2017,22470,Manual,30761,Diesel,125,58.9,2.0
 1 Series,2019,25864,Semi-Auto,13171,Diesel,150,67.3,2.0
 3 Series,2007,11440,Manual,63000,Petrol,565,29.7,3.0
 1 Series,2008,9718,Manual,59000,Diesel,110,58.9,2.0
 X1,2011,9747,Manual,69561,Diesel,160,49.6,2.0
 1 Series,2017,28196,Automatic,17988,Petrol,145,39.8,3.0
 5 Series,2019,38864,Semi-Auto,1000,Petrol,145,50.4,2.0
 5 Series,2019,40294,Semi-Auto,1000,Diesel,145,60.1,2.0
 X6,2019,77994,Semi-Auto,101,Diesel,145,34.9,3.0
 1 Series,2019,21704,Manual,4160,Petrol,145,53.3,1.5
 i3,2017,27944,Automatic,24041,Hybrid,0,470.8,0.0
 4 Series,2016,24694,Semi-Auto,40340,Diesel,30,65.7,2.0
 4 Series,2017,31584,Semi-Auto,27292,Diesel,160,49.6,3.0
 Z4,2015,29764,Semi-Auto,15768,Petrol,330,30.1,3.0
 3 Series,2019,33664,Semi-Auto,7225,Diesel,150,52.3,2.0
 3 Series,2019,30790,Semi-Auto,12288,Petrol,150,47.9,2.0
 3 Series,2018,29764,Semi-Auto,33188,Diesel,150,53.3,3.0
 4 Series,2020,38330,Semi-Auto,45,Diesel,150,52.3,3.0
 7 Series,2014,24030,Semi-Auto,74269,Diesel,165,50.4,3.0
 3 Series,2012,12994,Automatic,50000,Diesel,30,62.8,2.0
 2 Series,2016,13910,Automatic,36500,Diesel,20,72.4,1.5
 4 Series,2016,14294,Manual,103500,Diesel,30,67.3,2.0
 5 Series,2016,20794,Automatic,23500,Diesel,20,68.9,2.0
 5 Series,2019,40294,Semi-Auto,5271,Petrol,145,46.3,2.0
 2 Series,2019,29894,Automatic,8646,Hybrid,135,148.7,1.5
 M4,2017,51935,Automatic,5735,Petrol,145,32.5,3.0
 3 Series,2019,25994,Automatic,18253,Diesel,145,62.8,2.0
 M4,2018,66300,Automatic,3033,Petrol,145,33.6,3.0
 X5,2017,46794,Automatic,39060,Diesel,145,42.8,3.0
 1 Series,2019,25994,Semi-Auto,11754,Diesel,145,68.9,1.5
 1 Series,2019,31194,Manual,3148,Petrol,145,41.5,1.5
 3 Series,2019,36387,Semi-Auto,12500,Diesel,145,48.7,2.0
 2 Series,2020,35094,Semi-Auto,3500,Petrol,145,50.4,1.5
 3 Series,2017,22744,Semi-Auto,23000,Petrol,145,48.7,2.0
 3 Series,2020,49394,Semi-Auto,1000,Diesel,145,47.9,3.0
 X1,2016,18187,Manual,43529,Diesel,125,60.1,2.0
 1 Series,2020,40294,Semi-Auto,1000,Diesel,145,48.7,2.0
 3 Series,2019,38330,Semi-Auto,4686,Petrol,150,42.2,2.0
 3 Series,2019,30270,Semi-Auto,11618,Diesel,150,54.3,2.0
 3 Series,2019,28580,Semi-Auto,6659,Diesel,150,55.4,2.0
 5 Series,2012,19500,Automatic,60300,Diesel,160,50.4,3.0
 5 Series,2015,14294,Manual,94500,Diesel,125,58.9,2.0
 3 Series,2019,33664,Semi-Auto,9754,Diesel,150,52.3,2.0
 5 Series,2018,38864,Semi-Auto,1153,Petrol,150,37.7,2.0
 X1,2013,16490,Semi-Auto,60926,Diesel,160,52.3,2.0
 5 Series,2020,39630,Semi-Auto,6,Petrol,145,50.4,2.0
 5 Series,2019,40164,Semi-Auto,10707,Hybrid,135,156.9,2.0
 1 Series,2019,24290,Semi-Auto,11423,Diesel,145,74.3,2.0
 X1,2015,11694,Manual,90000,Diesel,160,51.4,2.0
 1 Series,2012,8834,Manual,75900,Diesel,30,62.8,2.0
 3 Series,2011,6494,Manual,88850,Petrol,160,44.8,2.0
 3 Series,2009,5850,Manual,97000,Diesel,125,58.9,2.0
 3 Series,2009,4804,Automatic,123300,Petrol,200,44.1,2.0
 X3,2014,21125,Automatic,64500,Diesel,205,47.9,3.0
 X3,2011,12675,Automatic,71000,Diesel,165,50.4,2.0
 1 Series,2013,8450,Manual,89000,Diesel,0,74.3,1.6
 5 Series,2020,48080,Semi-Auto,12,Diesel,145,56.5,3.0
 2 Series,2015,20390,Semi-Auto,24862,Diesel,30,64.2,2.0
 i3,2017,25864,Automatic,29851,Hybrid,0,470.8,0.0
 X1,2016,21697,Automatic,32333,Diesel,145,55.4,2.0
 1 Series,2015,16887,Automatic,62338,Diesel,125,61.4,2.0
 X5,2016,38980,Automatic,80058,Diesel,235,42.8,3.0
 3 Series,2019,30790,Semi-Auto,11454,Petrol,145,47.9,2.0
 1 Series,2014,13370,Manual,41659,Petrol,145,50.4,1.6
 X1,2017,21430,Semi-Auto,56728,Diesel,145,65.7,2.0
 3 Series,2014,19494,Manual,25372,Diesel,30,61.4,2.0
 1 Series,2016,21054,Semi-Auto,21947,Diesel,20,68.9,1.5
 X1,2013,12604,Manual,44000,Diesel,125,57.6,2.0
 Z4,2006,4674,Manual,114000,Petrol,260,37.7,2.0
 1 Series,2004,3244,Manual,112000,Diesel,200,49.6,2.0
 1 Series,2019,22477,Automatic,17500,Diesel,150,68.9,1.5
 X5,2015,31187,Automatic,60749,Diesel,205,47.1,3.0
 1 Series,2013,11670,Manual,63000,Diesel,0,74.3,1.6
 1 Series,2018,17520,Manual,51000,Diesel,145,50.4,2.0
 3 Series,2016,20794,Automatic,43000,Diesel,125,60.1,2.0
 3 Series,2010,10919,Manual,45000,Diesel,195,49.6,3.0
 X4,2015,25077,Automatic,50323,Diesel,145,54.3,2.0
 1 Series,2014,12077,Automatic,44446,Diesel,20,68.9,2.0
 X3,2006,5454,Manual,88000,Diesel,300,39.2,2.0
 3 Series,2007,10394,Automatic,59000,Petrol,185,42.2,2.0
 1 Series,2012,10394,Automatic,54792,Diesel,145,53.3,2.0
 X3,2016,31135,Automatic,20000,Diesel,145,54.3,2.0
 2 Series,2019,23335,Manual,3387,Petrol,145,42.2,1.5
 4 Series,2018,29835,Automatic,1300,Petrol,145,48.7,2.0
 2 Series,2019,20475,Manual,9589,Petrol,145,40.9,1.5
 4 Series,2015,18168,Automatic,70381,Diesel,145,55.4,3.0
 6 Series,2015,41568,Automatic,38509,Petrol,555,28.5,4.4
 4 Series,2017,23396,Automatic,20407,Diesel,145,65.7,2.0
 X1,2017,23134,Automatic,40787,Diesel,125,57.6,2.0
 5 Series,2016,20118,Automatic,30227,Diesel,20,68.9,2.0
 6 Series,2017,29218,Automatic,35357,Diesel,205,49.6,3.0
 1 Series,2015,14138,Manual,35084,Diesel,20,68.9,2.0
 X1,2018,27235,Automatic,7000,Diesel,145,60.1,2.0
 4 Series,2015,17544,Automatic,68787,Diesel,30,65.7,2.0
 3 Series,2015,17778,Manual,34637,Petrol,200,41.5,2.0
 X5,2013,22068,Automatic,71098,Diesel,300,38.2,3.0
 3 Series,2017,20118,Automatic,58913,Diesel,150,62.8,2.0
 1 Series,2017,18168,Automatic,20206,Diesel,0,74.3,2.0
 X5,2017,38968,Automatic,23160,Diesel,150,47.1,3.0
 1 Series,2016,19468,Automatic,25562,Diesel,20,68.9,1.5
 1 Series,2019,21418,Manual,3510,Diesel,145,72.4,1.5
 X5,2011,13650,Automatic,87984,Diesel,305,38.2,3.0
 1 Series,2011,6494,Manual,59326,Petrol,165,46.3,2.0
 2 Series,2018,20794,Manual,28857,Diesel,150,54.3,1.5
 3 Series,2015,11257,Manual,65412,Diesel,20,68.9,2.0
 M4,2016,100087,Automatic,4550,Petrol,300,33.2,3.0
 5 Series,2016,17934,Automatic,65251,Diesel,125,60.1,2.0
 X4,2016,24694,Automatic,74001,Diesel,145,54.3,2.0
 3 Series,2015,22094,Automatic,35973,Diesel,160,51.4,3.0
 3 Series,2016,18194,Automatic,75179,Diesel,30,62.8,2.0
 1 Series,2015,14008,Manual,40561,Diesel,20,68.9,2.0
 1 Series,2016,22874,Automatic,51215,Petrol,205,39.8,3.0
 X5,2016,41535,Automatic,38000,Diesel,200,47.1,3.0
 X2,2019,33735,Automatic,3078,Petrol,145,36.2,2.0
 X3,2016,29835,Automatic,9000,Diesel,145,54.3,2.0
 3 Series,2007,4544,Manual,130000,Petrol,200,44.8,2.0
 Z4,2003,4544,Automatic,70000,Petrol,325,29.7,3.0
 1 Series,2014,15990,Automatic,41850,Diesel,30,64.2,2.0
 X1,2016,21710,Manual,30590,Diesel,125,60.1,2.0
 X4,2015,30550,Automatic,31723,Diesel,200,47.9,3.0
 3 Series,2013,13650,Manual,68000,Diesel,30,61.4,2.0
 X3,2015,28925,Automatic,37000,Diesel,200,47.9,3.0
 1 Series,2012,9750,Manual,62000,Petrol,145,49.6,1.6
 X1,2017,22879,Automatic,31691,Diesel,145,55.4,2.0
 1 Series,2015,14300,Manual,37574,Diesel,20,72.4,1.5
 4 Series,2015,21450,Automatic,29796,Diesel,30,65.7,2.0
 4 Series,2015,27300,Automatic,21883,Petrol,260,37.2,3.0
 1 Series,2015,16250,Manual,37584,Diesel,30,62.8,2.0
 3 Series,2015,20150,Manual,23677,Diesel,125,60.1,2.0
 3 Series,2015,19240,Manual,25481,Diesel,30,64.2,2.0
 3 Series,2016,22620,Manual,21786,Petrol,125,45.6,2.0
 1 Series,2017,18200,Manual,16791,Petrol,145,53.3,1.5
 X3,2016,28600,Automatic,34208,Diesel,145,54.3,2.0
 1 Series,2017,16640,Manual,18067,Petrol,20,68.9,0.0
 3 Series,2016,16900,Manual,31474,Petrol,150,48.7,2.0
 X1,2017,22620,Automatic,18911,Diesel,145,65.7,2.0
 X1,2016,20800,Manual,20737,Diesel,125,60.1,2.0
 X1,2017,21314,Manual,25080,Diesel,125,58.9,2.0
 3 Series,2008,7475,Automatic,100790,Diesel,165,51.4,2.0
 3 Series,2006,3250,Manual,105000,Petrol,240,38.7,2.0
 1 Series,2009,4550,Automatic,103735,Petrol,205,44.1,1.6
 3 Series,2012,9100,Manual,94111,Diesel,30,62.8,2.0
 3 Series,2010,8184,Manual,93261,Diesel,125,60.1,2.0
 3 Series,2013,13975,Manual,56000,Diesel,125,60.1,2.0
 3 Series,2016,22100,Automatic,48142,Diesel,145,53.3,3.0
 2 Series,2017,24310,Automatic,17814,Petrol,145,47.9,2.0
 X1,2016,20800,Manual,47908,Diesel,125,60.1,2.0
 2 Series,2017,21320,Automatic,22124,Hybrid,0,141.2,1.5
 3 Series,2015,19500,Automatic,54593,Diesel,145,53.3,3.0
 1 Series,2018,21450,Automatic,23011,Petrol,145,48.7,2.0
 X1,2016,20800,Manual,50402,Diesel,20,68.9,2.0
 1 Series,2017,25610,Automatic,36069,Petrol,200,39.8,3.0
 3 Series,2017,22880,Manual,9601,Diesel,145,64.2,2.0
 X1,2016,22360,Manual,26117,Diesel,125,60.1,2.0
 2 Series,2016,17290,Manual,49753,Diesel,30,64.2,2.0
 3 Series,2016,16380,Manual,47546,Diesel,30,67.3,2.0
 3 Series,2017,26000,Automatic,29164,Hybrid,135,134.5,2.0
 3 Series,2016,23400,Automatic,38984,Diesel,145,54.3,3.0
 5 Series,2013,11174,Automatic,143624,Diesel,120,57.6,2.0
 X3,2006,4549,Manual,91000,Diesel,305,39.2,2.0
 3 Series,2018,24024,Automatic,24043,Diesel,145,64.2,2.0
 3 Series,2017,32435,Automatic,5000,Diesel,150,51.4,3.0
 5 Series,2017,38025,Automatic,32000,Diesel,150,53.3,3.0
 3 Series,2018,23400,Automatic,21057,Diesel,150,64.2,0.0
 1 Series,2016,15178,Manual,28637,Petrol,125,53.3,1.5
 3 Series,2017,19045,Automatic,64218,Diesel,30,64.2,2.0
 4 Series,2015,24050,Manual,17000,Petrol,200,42.2,2.0
 3 Series,2016,22750,Automatic,48000,Other,0,134.5,2.0
 X3,2016,23725,Automatic,68000,Diesel,145,54.3,2.0
 3 Series,2017,25025,Automatic,69000,Diesel,160,51.4,3.0
 2 Series,2016,27274,Automatic,17500,Petrol,200,39.8,3.0
 1 Series,2015,13649,Manual,28200,Petrol,30,56.5,1.5
 4 Series,2016,23399,Manual,11834,Diesel,125,57.6,2.0
 1 Series,2013,10254,Manual,77419,Diesel,125,60.1,2.0
 3 Series,2016,25935,Automatic,56000,Diesel,160,51.4,3.0
 3 Series,2015,24050,Automatic,50000,Diesel,145,56.5,3.0
 3 Series,2016,22295,Automatic,56000,Diesel,125,57.6,2.0
 X5,2014,24687,Automatic,97000,Diesel,200,47.9,3.0
 1 Series,2017,19760,Manual,4000,Diesel,150,68.9,2.0
 1 Series,2015,22750,Manual,42000,Petrol,305,35.3,3.0
 3 Series,2009,5395,Manual,125000,Diesel,125,60.1,2.0
 X1,2015,19208,Manual,37679,Diesel,125,58.9,2.0
 4 Series,2016,24018,Automatic,24650,Diesel,145,53.3,3.0
 3 Series,2016,21808,Automatic,23442,Diesel,30,64.2,2.0
 X4,2017,29634,Automatic,40666,Diesel,145,54.3,2.0
 X6,2013,25734,Automatic,70650,Diesel,325,36.7,3.0
 X5,2014,25864,Automatic,40530,Diesel,200,45.6,3.0
 1 Series,2013,12155,Manual,56000,Diesel,30,62.8,2.0
 4 Series,2014,19435,Automatic,27000,Petrol,160,46.3,2.0
 M4,2017,46794,Manual,15500,Petrol,330,32.1,3.0
 1 Series,2013,9734,Manual,89000,Diesel,30,65.7,2.0
 1 Series,2013,13000,Manual,50248,Diesel,30,65.7,2.0
 6 Series,2017,37570,Automatic,18000,Diesel,145,51.4,3.0
 1 Series,2014,10920,Manual,81000,Diesel,30,65.7,2.0
 1 Series,2016,14755,Manual,44000,Diesel,20,72.4,1.5
 X3,2016,27040,Manual,28000,Diesel,160,52.3,2.0
 X5,2012,25350,Automatic,37000,Diesel,300,37.7,3.0
 3 Series,2009,9035,Manual,78000,Diesel,125,58.9,2.0
 3 Series,2017,27235,Automatic,30000,Diesel,145,51.4,3.0
 X5,2015,29835,Automatic,80000,Diesel,200,47.1,3.0
 5 Series,2017,28405,Automatic,33000,Diesel,145,65.7,2.0
 3 Series,2011,12675,Automatic,44000,Diesel,145,53.3,2.0
 4 Series,2017,18199,Manual,40000,Diesel,30,67.3,2.0
 4 Series,2015,20800,Automatic,45000,Diesel,30,65.7,2.0
 4 Series,2016,22750,Automatic,34993,Diesel,30,65.7,2.0
 1 Series,2019,24050,Automatic,16189,Diesel,150,67.3,2.0
 1 Series,2016,14105,Manual,44000,Petrol,125,53.3,1.5
 1 Series,2016,15587,Manual,39000,Petrol,125,53.3,1.5
 1 Series,2016,16250,Manual,32000,Petrol,125,53.3,1.5
 5 Series,2014,16835,Automatic,53000,Diesel,125,60.1,2.0
 X3,2015,26650,Automatic,33000,Diesel,145,54.3,2.0
 3 Series,2006,18850,Automatic,20000,Petrol,540,28.8,2.2
 3 Series,2011,11050,Automatic,108000,Diesel,200,46.3,3.0
 3 Series,2014,18200,Manual,41384,Petrol,200,41.5,2.0
 X5,2012,20150,Automatic,79100,Diesel,300,37.7,3.0
 3 Series,2012,14950,Automatic,83850,Petrol,200,43.5,2.0
 5 Series,2013,11050,Automatic,100400,Diesel,125,57.6,2.0
 5 Series,2013,13975,Automatic,78500,Diesel,125,57.6,2.0
 X1,2014,11050,Manual,92500,Diesel,160,51.4,2.0
 5 Series,2016,23725,Automatic,17000,Diesel,125,60.1,2.0
 X3,2015,26325,Automatic,42000,Diesel,145,54.3,2.0
 5 Series,2010,12025,Automatic,105000,Diesel,235,43.5,3.0
 X3,2013,19175,Automatic,62000,Diesel,160,50.4,2.0
 1 Series,2014,20475,Manual,53000,Petrol,300,35.3,3.0
 X3,2016,26975,Automatic,63000,Diesel,200,47.9,3.0
 X3,2015,25805,Automatic,54000,Diesel,145,54.3,2.0
 M3,2016,43875,Semi-Auto,33000,Petrol,300,34.0,3.0
 2 Series,2016,17485,Manual,50000,Diesel,30,64.2,2.0
 1 Series,2013,12675,Automatic,50000,Diesel,30,53.3,2.0
 3 Series,2015,20085,Automatic,73000,Diesel,145,56.5,3.0
 5 Series,2012,12025,Automatic,76000,Diesel,125,60.1,2.0
 3 Series,2012,13650,Automatic,84000,Diesel,30,62.8,2.0
 5 Series,2013,15015,Automatic,92000,Diesel,125,57.6,2.0
 3 Series,2014,15275,Automatic,92000,Diesel,125,60.1,2.0
 3 Series,2018,27040,Automatic,23217,Diesel,145,64.2,2.0
 3 Series,2014,16640,Manual,51477,Diesel,125,57.6,2.0
 X4,2015,22100,Automatic,59016,Diesel,145,54.3,2.0
 1 Series,2013,11310,Manual,57542,Diesel,30,62.8,2.0
 3 Series,2018,28210,Automatic,20778,Diesel,145,57.7,2.0
 1 Series,2015,19240,Automatic,40960,Diesel,125,61.4,2.0
 3 Series,2017,31200,Automatic,28254,Diesel,145,51.4,3.0
 X1,2017,28340,Automatic,15313,Diesel,150,60.1,2.0
 3 Series,2012,12987,Automatic,58000,Diesel,235,44.1,3.0
 3 Series,2015,14937,Manual,26000,Diesel,30,67.3,2.0
 4 Series,2015,20085,Automatic,67000,Diesel,30,65.7,2.0
 3 Series,2013,14235,Automatic,58000,Diesel,145,53.3,2.0
 1 Series,2013,12350,Manual,67000,Diesel,30,62.8,2.0
 X5,2015,33670,Automatic,50000,Diesel,200,47.1,3.0
 5 Series,2012,12935,Manual,82000,Diesel,125,57.6,2.0
 3 Series,2007,11375,Automatic,79000,Petrol,565,28.5,3.0
 1 Series,2017,15535,Manual,53000,Diesel,20,72.4,1.5
 3 Series,2017,24700,Automatic,30000,Diesel,145,64.2,2.0
 X5,2012,20670,Automatic,94000,Diesel,300,37.7,3.0
 3 Series,2016,21450,Automatic,20000,Diesel,135,56.5,3.0
 1 Series,2016,15275,Manual,43000,Diesel,0,83.1,1.5
 2 Series,2015,18525,Manual,11000,Petrol,125,50.4,1.5
 5 Series,2016,20475,Automatic,59000,Diesel,30,62.8,2.0
 X3,2015,26650,Automatic,35000,Diesel,145,54.3,2.0
 3 Series,2016,13637,Manual,63000,Diesel,20,72.4,2.0
 3 Series,2015,14287,Manual,50000,Diesel,30,67.3,2.0
 3 Series,2015,19487,Automatic,66000,Diesel,145,53.3,3.0
 1 Series,2015,12337,Manual,43000,Diesel,30,65.7,2.0
 5 Series,2015,16237,Automatic,89000,Diesel,160,51.4,3.0
 4 Series,2017,26637,Automatic,21000,Diesel,145,53.3,3.0
 3 Series,2014,13637,Automatic,83000,Diesel,125,60.1,2.0
 3 Series,2011,11050,Automatic,97000,Diesel,150,53.3,2.0
 1 Series,2016,18525,Manual,40000,Petrol,125,52.3,1.5
 3 Series,2016,20020,Manual,36000,Diesel,30,64.2,2.0
 4 Series,2017,22750,Manual,30000,Diesel,145,62.8,2.0
 5 Series,2003,19435,Automatic,37000,Petrol,325,26.4,3.0
 M3,2010,23075,Manual,79000,Petrol,570,22.8,4.0
 M3,2010,22945,Manual,81000,Petrol,570,22.8,4.0
 X3,2015,29835,Automatic,19000,Diesel,200,47.1,3.0
 M3,2004,19435,Automatic,55000,Petrol,315,23.3,3.2
 4 Series,2015,20787,Automatic,36000,Petrol,160,46.3,2.0
 3 Series,2013,14625,Automatic,94000,Diesel,150,55.4,2.0
 1 Series,2010,10387,Automatic,60000,Diesel,145,53.3,2.0
 5 Series,2015,16770,Automatic,82000,Diesel,30,62.8,2.0
 3 Series,2016,23075,Automatic,28000,Diesel,30,64.2,2.0
 X1,2019,29250,Manual,7000,Petrol,150,51.4,1.5
 3 Series,2016,21775,Automatic,46000,Diesel,30,64.2,2.0
 4 Series,2016,18525,Automatic,57000,Diesel,30,65.7,2.0
 1 Series,2015,14235,Manual,33000,Diesel,20,72.4,1.5
 M4,2016,51350,Automatic,800,Petrol,300,34.0,3.0
 3 Series,2017,21450,Automatic,60000,Diesel,145,64.2,2.0
 5 Series,2014,18187,Automatic,59000,Diesel,125,57.6,2.0
 4 Series,2015,20137,Automatic,76000,Diesel,160,50.4,3.0
 X1,2015,16887,Automatic,57000,Diesel,160,51.4,2.0
 1 Series,2015,11037,Manual,48000,Petrol,125,50.4,1.6
 X1,2013,11687,Manual,47000,Diesel,160,51.4,2.0
 1 Series,2016,23387,Automatic,14000,Petrol,235,37.7,3.0
 1 Series,2016,11687,Manual,45000,Diesel,20,72.4,1.5
 1 Series,2016,14937,Manual,49000,Diesel,30,62.8,2.0
 5 Series,2016,18187,Automatic,87000,Diesel,160,51.4,3.0
 5 Series,2015,20137,Automatic,60000,Diesel,160,51.4,3.0
 X3,2012,14287,Automatic,90000,Diesel,160,50.4,2.0
 3 Series,2016,20137,Automatic,44000,Diesel,30,62.8,2.0
 1 Series,2015,11687,Manual,43000,Petrol,125,50.4,1.6
 5 Series,2015,18187,Automatic,48000,Diesel,30,62.8,2.0
 1 Series,2015,11687,Manual,39000,Petrol,30,56.5,1.5
 5 Series,2015,18187,Automatic,25000,Diesel,20,68.9,2.0
 1 Series,2015,12987,Manual,26000,Petrol,145,48.7,1.6
 5 Series,2013,13637,Automatic,88000,Diesel,125,57.6,2.0
 5 Series,2015,17537,Automatic,47000,Diesel,30,62.8,2.0
 3 Series,2013,14287,Automatic,76000,Diesel,125,58.9,2.0
 X6,2013,22087,Automatic,80000,Diesel,300,37.7,3.0
 X3,2016,25987,Automatic,50000,Diesel,145,54.3,2.0
 1 Series,2014,11037,Manual,59000,Diesel,30,65.7,2.0
 5 Series,2014,16237,Automatic,59000,Diesel,125,57.6,2.0
 5 Series,2014,17537,Automatic,39000,Diesel,125,57.6,2.0
 5 Series,2012,14937,Automatic,82000,Diesel,160,51.4,3.0
 Z4,2014,16237,Manual,31000,Petrol,200,41.5,2.0
 1 Series,2015,11037,Manual,49000,Petrol,125,50.4,1.6
 3 Series,2011,8437,Manual,90000,Diesel,30,62.8,2.0
 3 Series,2016,16887,Manual,53000,Diesel,30,64.2,2.0
 3 Series,2013,12987,Manual,51000,Diesel,145,55.4,2.0
 5 Series,2016,18187,Automatic,57000,Diesel,30,62.8,2.0
 1 Series,2016,9087,Manual,86000,Diesel,20,68.9,2.0
 1 Series,2015,11037,Manual,50000,Petrol,125,50.4,1.6
 3 Series,2015,20787,Automatic,29000,Diesel,145,56.5,3.0
 1 Series,2017,21437,Manual,31000,Petrol,260,36.2,3.0
 3 Series,2012,11687,Manual,59000,Diesel,145,55.4,2.0
 1 Series,2015,9737,Manual,83000,Diesel,20,68.9,2.0
 7 Series,2015,33787,Automatic,52000,Diesel,145,56.5,3.0
 5 Series,2015,18187,Automatic,64000,Diesel,145,56.5,2.0
 2 Series,2016,24687,Automatic,22000,Petrol,235,38.2,3.0
 4 Series,2017,23387,Manual,19000,Petrol,145,46.3,2.0
 5 Series,2016,40287,Automatic,32000,Petrol,555,28.5,4.4
 5 Series,2016,19487,Automatic,34000,Diesel,30,62.8,2.0
 4 Series,2015,20137,Automatic,40000,Diesel,125,60.1,2.0
 5 Series,2015,20787,Automatic,50000,Diesel,160,50.4,3.0
 X5,2013,27287,Automatic,81000,Diesel,200,45.6,3.0
 1 Series,2017,20137,Automatic,26000,Diesel,125,61.4,2.0
 3 Series,2016,27287,Automatic,35000,Diesel,160,51.4,3.0
 5 Series,2016,20787,Automatic,53000,Diesel,160,51.4,3.0
 1 Series,2015,10387,Manual,62000,Petrol,125,50.4,1.6
 3 Series,2014,14937,Automatic,77000,Diesel,145,55.4,2.0
 1 Series,2015,13637,Manual,30000,Diesel,20,70.6,1.5
 X3,2015,20137,Automatic,74000,Diesel,145,54.3,2.0
 2 Series,2017,17537,Manual,28000,Diesel,125,60.1,2.0
 3 Series,2012,11687,Manual,62000,Diesel,145,55.4,2.0
 2 Series,2015,16887,Manual,36000,Petrol,145,47.1,1.5
 5 Series,2017,32487,Automatic,42000,Diesel,145,53.3,3.0
 2 Series,2016,21437,Manual,24000,Petrol,300,34.9,3.0
 3 Series,2016,23387,Automatic,40000,Diesel,160,51.4,3.0
 5 Series,2015,21437,Automatic,60000,Diesel,160,50.4,3.0
 5 Series,2016,41587,Automatic,37000,Petrol,555,28.5,4.4
 1 Series,2015,11687,Manual,74000,Diesel,30,65.7,2.0
 1 Series,2012,9737,Automatic,75000,Diesel,30,62.8,2.0
 3 Series,2014,15587,Automatic,91000,Diesel,145,55.4,2.0
 3 Series,2015,14287,Automatic,68000,Diesel,20,70.6,2.0
 3 Series,2011,9737,Manual,78000,Diesel,30,62.8,2.0
 3 Series,2013,11687,Manual,80000,Diesel,125,60.1,2.0
 X5,2012,20137,Automatic,60000,Diesel,300,37.7,3.0
 Z4,2009,12337,Manual,76000,Petrol,325,30.1,3.0
 3 Series,2015,14287,Automatic,85000,Diesel,125,61.4,2.0
 X3,2015,18837,Automatic,31000,Diesel,145,55.4,2.0
 5 Series,2013,13637,Automatic,75000,Diesel,125,60.1,2.0
 1 Series,2016,12337,Manual,42000,Petrol,125,53.3,1.5
 3 Series,2011,12337,Automatic,59000,Diesel,235,44.1,3.0
 4 Series,2015,19487,Automatic,41000,Diesel,30,65.7,2.0
 1 Series,2016,11687,Manual,43000,Diesel,20,72.4,1.5
 1 Series,2015,11687,Manual,47000,Petrol,125,53.3,1.5
 3 Series,2016,17537,Manual,50000,Diesel,125,58.9,2.0
 5 Series,2012,16887,Automatic,67000,Diesel,160,49.6,3.0
 3 Series,2016,16237,Manual,25000,Diesel,30,67.3,2.0
 4 Series,2016,42887,Automatic,28000,Petrol,300,34.0,3.0
 3 Series,2012,14287,Automatic,47000,Diesel,235,44.1,3.0
 1 Series,2015,11687,Manual,56000,Diesel,20,68.9,2.0
 3 Series,2014,14287,Automatic,82000,Diesel,125,58.9,2.0
 X1,2013,10387,Manual,64000,Diesel,160,51.4,2.0
 3 Series,2015,11037,Manual,83000,Diesel,125,62.8,2.0
 4 Series,2017,20137,Automatic,51000,Diesel,30,65.7,2.0
 5 Series,2015,20787,Automatic,56000,Diesel,160,50.4,3.0
 3 Series,2013,15587,Automatic,73000,Diesel,125,57.6,3.0
 3 Series,2013,11687,Automatic,75000,Diesel,145,53.3,2.0
 1 Series,2015,11037,Manual,46000,Petrol,125,53.3,1.5
 1 Series,2016,13637,Manual,51000,Diesel,20,70.6,1.5
 X1,2011,9087,Manual,92000,Diesel,145,54.3,2.0
 5 Series,2013,14287,Automatic,75000,Diesel,125,57.6,2.0
 1 Series,2012,9087,Manual,74000,Diesel,30,62.8,2.0
 3 Series,2013,11687,Automatic,90000,Diesel,160,50.4,2.0
 X3,2011,11687,Automatic,90000,Diesel,160,50.4,2.0
 5 Series,2015,15587,Automatic,76000,Diesel,30,62.8,2.0
 1 Series,2016,13637,Manual,17000,Diesel,20,72.4,1.5
 1 Series,2017,15587,Manual,12000,Diesel,145,72.4,1.5
 5 Series,2014,14937,Automatic,73000,Diesel,125,57.6,2.0
 1 Series,2015,14287,Manual,42000,Diesel,125,57.6,2.0
 1 Series,2017,24037,Automatic,33000,Petrol,145,39.8,3.0
 5 Series,2013,14287,Automatic,88000,Diesel,145,55.4,2.0
 3 Series,2015,17537,Automatic,63000,Diesel,30,64.2,2.0
 1 Series,2013,10387,Manual,65000,Diesel,30,65.7,2.0
 5 Series,2016,18187,Automatic,37000,Diesel,30,62.8,2.0
 1 Series,2016,12987,Manual,40000,Diesel,0,83.1,1.5
 3 Series,2013,14287,Manual,98000,Diesel,30,62.8,2.0
 3 Series,2014,16894,Manual,61000,Diesel,125,60.1,2.0
 5 Series,2015,16237,Automatic,88000,Diesel,30,62.8,2.0
 5 Series,2014,16237,Automatic,68000,Diesel,125,57.6,2.0
 X3,2012,16237,Automatic,70000,Diesel,160,50.4,2.0
 5 Series,2017,26637,Automatic,33000,Diesel,145,65.7,2.0
 X5,2016,33787,Automatic,62000,Diesel,200,47.1,3.0
 3 Series,2017,25987,Automatic,29000,Diesel,145,51.4,3.0
 5 Series,2015,16887,Automatic,86000,Diesel,160,51.4,3.0
 3 Series,2017,16237,Manual,26000,Petrol,125,52.3,1.5
 1 Series,2015,12337,Manual,35000,Petrol,125,50.4,1.6
 3 Series,2016,16237,Manual,32000,Diesel,30,67.3,2.0
 3 Series,2014,13637,Automatic,76000,Diesel,30,62.8,2.0
 4 Series,2014,12987,Manual,92000,Diesel,125,60.1,2.0
 2 Series,2017,15587,Manual,22000,Petrol,145,52.3,1.5
 5 Series,2015,18187,Automatic,52000,Diesel,30,62.8,2.0
 3 Series,2017,28587,Automatic,24000,Diesel,145,49.6,3.0
 Z4,2014,15587,Manual,36000,Petrol,200,41.5,2.0
 5 Series,2015,16887,Automatic,61000,Diesel,30,62.8,2.0
 3 Series,2015,12337,Manual,76000,Diesel,20,68.9,2.0
 1 Series,2016,22087,Automatic,26000,Petrol,235,37.7,3.0
 5 Series,2016,16887,Automatic,80000,Diesel,30,62.8,2.0
 5 Series,2015,14287,Automatic,96000,Diesel,30,62.8,2.0
 3 Series,2016,23387,Automatic,36000,Diesel,160,51.4,3.0
 1 Series,2015,13637,Manual,45000,Diesel,30,65.7,2.0
 1 Series,2016,22087,Manual,23000,Petrol,260,36.2,3.0
 2 Series,2015,14937,Manual,76000,Diesel,30,64.2,2.0
 5 Series,2016,18837,Automatic,47000,Diesel,30,62.8,2.0
 5 Series,2016,18187,Automatic,57000,Diesel,30,62.8,2.0
 5 Series,2013,13637,Automatic,74000,Diesel,125,57.6,2.0
 X5,2016,32487,Automatic,34000,Diesel,200,47.9,3.0
 3 Series,2013,13637,Automatic,95000,Diesel,125,58.9,2.0
 3 Series,2011,9737,Manual,78000,Diesel,125,60.1,2.0
 5 Series,2016,18837,Automatic,50000,Diesel,30,62.8,2.0
 3 Series,2016,18187,Automatic,46000,Diesel,30,64.2,2.0
 X5,2015,32487,Automatic,48000,Diesel,200,47.1,3.0
 3 Series,2012,11687,Manual,64000,Diesel,145,55.4,2.0
 1 Series,2016,13637,Manual,36000,Diesel,20,68.9,2.0
 1 Series,2016,14937,Manual,40000,Diesel,30,65.7,2.0
 1 Series,2015,11687,Manual,40000,Diesel,20,72.4,1.5
 6 Series,2016,27287,Automatic,34000,Diesel,200,49.6,3.0
 X1,2014,12337,Manual,50000,Diesel,160,51.4,2.0
 1 Series,2015,13637,Manual,43000,Petrol,145,49.6,1.6
 3 Series,2012,11687,Manual,65000,Diesel,125,60.1,2.0
 3 Series,2015,16887,Manual,62000,Diesel,145,55.4,2.0
 3 Series,2016,19487,Automatic,63000,Diesel,125,57.6,2.0
 X5,2015,29887,Automatic,53000,Diesel,200,47.1,3.0
 1 Series,2013,12337,Automatic,63000,Diesel,160,51.4,2.0
 3 Series,2016,24687,Automatic,38000,Diesel,160,51.4,3.0
 5 Series,2016,16887,Automatic,89000,Diesel,125,60.1,2.0
 3 Series,2013,9737,Manual,93000,Petrol,145,47.9,1.6
 X5,2015,32487,Automatic,60000,Diesel,200,47.1,3.0
 X5,2011,19487,Automatic,70000,Diesel,300,37.7,3.0
 X5,2012,16887,Automatic,92000,Diesel,300,38.2,3.0
 3 Series,2011,9737,Manual,84000,Diesel,125,60.1,2.0
 1 Series,2016,13637,Manual,25000,Diesel,20,72.4,1.5
 3 Series,2013,14287,Automatic,62000,Diesel,30,62.8,2.0
 X5,2010,16887,Automatic,77000,Diesel,300,37.7,3.0
 3 Series,2012,9737,Manual,81000,Diesel,30,61.4,2.0
 3 Series,2010,12987,Automatic,55000,Diesel,235,44.1,3.0
 3 Series,2016,12337,Manual,69000,Diesel,20,68.9,2.0
 3 Series,2011,12987,Automatic,77000,Diesel,200,45.6,3.0
 3 Series,2013,12337,Automatic,60000,Diesel,30,62.8,2.0
 4 Series,2014,16237,Automatic,72000,Diesel,125,60.1,2.0
 X1,2014,12987,Automatic,68000,Diesel,145,56.5,2.0
 1 Series,2013,9087,Manual,66000,Diesel,125,60.1,2.0
 X5,2019,61425,Automatic,3330,Diesel,150,37.7,3.0
 8 Series,2019,84500,Automatic,11111,Petrol,150,26.9,4.4
 2 Series,2015,16237,Manual,33000,Diesel,30,64.2,2.0
 1 Series,2016,9737,Manual,84000,Diesel,20,72.4,1.5
 1 Series,2016,14937,Manual,35000,Petrol,125,52.3,1.5
 3 Series,2011,13637,Automatic,73000,Diesel,235,42.8,3.0
 1 Series,2014,10387,Manual,42000,Petrol,145,50.4,1.6
 5 Series,2015,20787,Automatic,38000,Diesel,160,51.4,3.0
 5 Series,2015,20137,Automatic,45000,Diesel,160,51.4,3.0
 5 Series,2019,41015,Automatic,1550,Hybrid,140,156.9,2.0
 X5,2019,64675,Automatic,5800,Diesel,150,37.7,3.0
 X5,2019,68250,Automatic,6283,Petrol,145,27.2,3.0
 7 Series,2019,66105,Automatic,4202,Diesel,145,41.5,3.0
 1 Series,2016,23335,Automatic,46704,Petrol,205,39.8,3.0
 5 Series,2020,45175,Automatic,101,Diesel,145,60.1,3.0
 2 Series,2016,15405,Manual,42281,Diesel,20,68.9,2.0
 1 Series,2019,20475,Manual,8910,Diesel,145,78.5,1.5
 3 Series,2019,34775,Automatic,6579,Petrol,150,42.2,2.0
 X3,2019,43355,Automatic,4020,Diesel,150,54.3,2.0
 X5,2019,80015,Automatic,11311,Diesel,150,33.6,3.0
 3 Series,2015,18135,Automatic,71501,Diesel,145,56.5,3.0
 5 Series,2014,15587,Automatic,85000,Diesel,125,57.6,2.0
 5 Series,2020,34775,Automatic,101,Diesel,145,52.3,2.0
 1 Series,2019,29250,Manual,2252,Petrol,145,41.5,1.5
 3 Series,2020,54405,Automatic,101,Diesel,145,44.1,3.0
 Z4,2020,37050,Automatic,101,Petrol,145,38.7,2.0
 7 Series,2019,67535,Automatic,1775,Diesel,145,41.5,3.0
 3 Series,2019,40105,Automatic,7624,Diesel,145,48.7,2.0
 5 Series,2017,28405,Automatic,34704,Diesel,150,65.7,2.0
 3 Series,2014,18187,Automatic,85000,Diesel,145,55.4,2.0
 3 Series,2010,10790,Manual,67000,Diesel,125,60.1,2.0
 5 Series,2015,18187,Automatic,37000,Diesel,30,62.8,2.0
 7 Series,2016,38987,Automatic,33000,Diesel,145,54.3,3.0
 1 Series,2017,14937,Manual,31000,Diesel,20,68.9,2.0
 1 Series,2015,11037,Manual,50000,Petrol,125,50.4,1.6
 4 Series,2017,29250,Automatic,25168,Diesel,160,51.4,3.0
 X1,2019,40105,Automatic,6300,Diesel,145,50.4,2.0
 5 Series,2017,36075,Automatic,15899,Diesel,145,57.7,2.0
 2 Series,2015,14287,Automatic,30000,Petrol,125,53.3,1.5
 1 Series,2017,14937,Manual,16000,Diesel,145,72.4,1.5
 5 Series,2013,15587,Automatic,56000,Diesel,125,57.6,2.0
 1 Series,2015,17537,Automatic,45000,Diesel,125,60.1,2.0
 1 Series,2016,16237,Automatic,43000,Diesel,30,65.7,2.0
 3 Series,2016,18187,Automatic,45000,Diesel,30,64.2,2.0
 5 Series,2014,18837,Automatic,62000,Diesel,160,51.4,3.0
 1 Series,2015,11687,Manual,39000,Diesel,20,72.4,1.5
 5 Series,2016,18837,Automatic,52000,Diesel,30,62.8,2.0
 i3,2016,25805,Automatic,19995,Hybrid,0,470.8,0.0
 5 Series,2019,41015,Automatic,18733,Hybrid,140,141.3,2.0
 5 Series,2017,31135,Automatic,28629,Diesel,125,60.1,2.0
 3 Series,2019,24635,Automatic,22500,Petrol,150,51.4,1.5
 5 Series,2019,37635,Automatic,6800,Petrol,145,50.4,2.0
 5 Series,2019,40105,Automatic,6000,Diesel,145,62.8,2.0
 X7,2019,81705,Automatic,9811,Diesel,145,33.6,3.0
 5 Series,2019,50050,Automatic,7390,Petrol,145,39.2,3.0
 5 Series,2019,39000,Automatic,16267,Hybrid,140,156.9,2.0
 X3,2015,27105,Automatic,36054,Diesel,145,54.3,2.0
 6 Series,2017,34450,Automatic,31328,Diesel,145,51.4,3.0
 X2,2020,39000,Automatic,101,Petrol,145,42.2,1.5
 5 Series,2019,41015,Automatic,1550,Hybrid,140,156.9,2.0
 6 Series,2020,47515,Automatic,101,Petrol,145,42.8,2.0
 X3,2019,47775,Automatic,9701,Diesel,145,48.7,3.0
 X5,2019,67535,Automatic,5984,Petrol,145,27.2,3.0
 Z4,2019,42315,Automatic,824,Petrol,145,38.7,2.0
 5 Series,2020,44915,Automatic,110,Diesel,145,44.8,2.0
 2 Series,2019,33605,Automatic,5560,Diesel,150,48.7,2.0
 5 Series,2019,37505,Automatic,1565,Diesel,145,60.1,2.0
 5 Series,2019,37505,Automatic,1647,Diesel,145,60.1,2.0
 5 Series,2019,36400,Automatic,1651,Diesel,145,65.7,2.0
 5 Series,2019,42250,Automatic,7000,Diesel,145,55.4,2.0
 3 Series,2019,44135,Automatic,9903,Diesel,145,47.9,3.0
 7 Series,2019,71500,Automatic,8546,Diesel,145,41.5,3.0
 5 Series,2019,45305,Automatic,1524,Hybrid,135,141.3,2.0
 5 Series,2019,45305,Automatic,1522,Hybrid,135,141.3,2.0
 5 Series,2019,45305,Automatic,1516,Hybrid,135,141.3,2.0
 X1,2019,41405,Automatic,3500,Petrol,145,38.7,2.0
 X5,2019,78000,Automatic,8700,Diesel,145,37.7,3.0
 1 Series,2019,21385,Automatic,9964,Diesel,145,78.5,1.5
 Z4,2019,49725,Automatic,3066,Petrol,145,33.2,3.0
 1 Series,2017,24050,Automatic,20148,Diesel,150,60.1,2.0
 5 Series,2019,36400,Automatic,1662,Diesel,145,65.7,2.0
 5 Series,2019,49335,Automatic,3141,Petrol,145,29.1,3.0
 3 Series,2017,32175,Automatic,29449,Diesel,145,49.6,3.0
 X3,2018,40105,Automatic,6293,Diesel,145,56.5,2.0
 X3,2019,70135,Automatic,3512,Petrol,145,24.8,3.0
 3 Series,2019,52000,Automatic,9735,Diesel,145,45.6,3.0
 4 Series,2019,33735,Automatic,101,Petrol,145,48.7,2.0
 3 Series,2019,40105,Automatic,6272,Diesel,145,48.7,2.0
 6 Series,2019,42575,Automatic,9205,Diesel,145,44.1,2.0
 Z4,2020,40755,Automatic,111,Petrol,145,38.7,2.0
 X1,2019,38675,Automatic,6695,Diesel,150,50.4,2.0
 X2,2019,31135,Manual,4242,Petrol,150,42.8,1.5
 3 Series,2016,26000,Automatic,39510,Petrol,205,41.5,3.0
 5 Series,2016,19500,Automatic,33476,Diesel,20,68.9,2.0
 1 Series,2017,19435,Manual,12519,Diesel,30,65.7,2.0
 1 Series,2019,25805,Automatic,1555,Petrol,145,54.3,1.5
 4 Series,2019,41600,Automatic,5177,Petrol,145,39.2,3.0
 1 Series,2019,36075,Automatic,1947,Diesel,145,48.7,2.0
 X4,2019,52000,Automatic,3170,Petrol,145,26.9,3.0
 X3,2019,47450,Automatic,9770,Diesel,145,48.7,3.0
 5 Series,2019,38285,Automatic,2701,Diesel,145,62.8,2.0
 5 Series,2019,38415,Automatic,2220,Diesel,145,62.8,2.0
 5 Series,2019,38805,Automatic,1550,Diesel,145,62.8,2.0
 3 Series,2019,34775,Automatic,6504,Petrol,150,42.2,2.0
 3 Series,2019,37050,Automatic,5513,Petrol,150,42.2,2.0
 2 Series,2019,28275,Automatic,4416,Diesel,150,65.7,2.0
 4 Series,2019,33605,Automatic,8675,Diesel,145,60.1,2.0
 3 Series,2019,34905,Automatic,5900,Diesel,145,62.8,2.0
 4 Series,2017,25935,Manual,19506,Petrol,145,40.9,2.0
 3 Series,2018,34775,Automatic,8482,Petrol,145,41.5,3.0
 5 Series,2019,37050,Automatic,9676,Hybrid,135,156.9,2.0
 1 Series,2017,22555,Automatic,14386,Petrol,145,54.3,1.5
 Z4,2020,39000,Automatic,110,Petrol,145,38.7,2.0
 5 Series,2018,27105,Automatic,22247,Diesel,145,68.9,2.0
 2 Series,2015,17485,Manual,36359,Diesel,20,68.9,1.5
 1 Series,2019,27235,Automatic,5573,Diesel,145,65.7,2.0
 1 Series,2019,20475,Manual,9943,Diesel,145,78.5,1.5
 2 Series,2019,28015,Automatic,6498,Diesel,150,67.3,2.0
 M5,2019,89505,Automatic,4359,Petrol,150,24.1,4.4
 3 Series,2019,24115,Manual,7478,Petrol,150,49.6,1.5
 7 Series,2019,70135,Automatic,8652,Diesel,145,41.5,3.0
 X5,2019,61750,Automatic,14391,Petrol,150,27.2,3.0
 X2,2018,33735,Automatic,10429,Diesel,145,58.9,2.0
 3 Series,2016,26000,Automatic,51497,Diesel,160,51.4,3.0
 2 Series,2019,39000,Automatic,4900,Diesel,145,62.8,2.0
 7 Series,2017,40105,Automatic,19812,Diesel,145,53.3,3.0
 1 Series,2019,25675,Automatic,7841,Diesel,145,67.3,2.0
 2 Series,2019,24635,Manual,9806,Petrol,145,40.4,1.5
 6 Series,2017,45500,Automatic,11541,Petrol,145,31.0,4.4
 2 Series,2019,25675,Automatic,5141,Petrol,145,39.2,1.5
 3 Series,2019,29575,Automatic,7005,Petrol,145,44.8,2.0
 7 Series,2017,35750,Automatic,20671,Diesel,125,57.6,3.0
 4 Series,2017,24635,Automatic,30145,Diesel,145,58.9,2.0
 X1,2019,32500,Automatic,4534,Petrol,145,46.3,1.5
 1 Series,2019,26000,Automatic,5011,Diesel,145,67.3,2.0
 1 Series,2017,22750,Automatic,9020,Diesel,150,65.7,2.0
 3 Series,2016,26715,Automatic,26047,Petrol,200,41.5,3.0
 X3,2016,28535,Automatic,27702,Diesel,145,54.3,2.0
 4 Series,2017,22750,Manual,39256,Diesel,145,62.8,2.0
 4 Series,2019,33735,Automatic,296,Petrol,145,48.7,2.0
 3 Series,2019,33735,Automatic,1517,Diesel,145,64.2,2.0
 3 Series,2020,54405,Automatic,111,Petrol,145,34.9,3.0
 1 Series,2019,20786,Automatic,7892,Petrol,145,55.5,1.5
 6 Series,2014,22099,Automatic,29178,Diesel,160,50.4,3.0
 2 Series,2019,32500,Automatic,4000,Petrol,145,47.9,2.0
 4 Series,2019,39000,Automatic,4500,Diesel,145,60.1,2.0
 X2,2019,38935,Automatic,4300,Petrol,145,39.2,2.0
 5 Series,2019,39000,Automatic,6172,Diesel,145,62.8,2.0
 8 Series,2019,78000,Automatic,8000,Petrol,145,33.6,3.0
 3 Series,2020,48425,Automatic,101,Diesel,145,47.9,3.0
 2 Series,2020,32500,Automatic,101,Petrol,145,47.9,2.0
 3 Series,2016,16741,Automatic,49620,Diesel,20,74.3,2.0
 4 Series,2016,25999,Automatic,14408,Petrol,145,48.7,2.0
 3 Series,2015,14702,Automatic,64797,Diesel,0,74.3,2.0
 3 Series,2019,35035,Automatic,12777,Diesel,145,53.3,3.0
 X3,2016,26000,Automatic,43025,Diesel,200,47.9,3.0
 2 Series,2015,22035,Automatic,22876,Petrol,160,44.1,2.0
 3 Series,2017,28795,Automatic,6272,Diesel,145,51.4,3.0
 3 Series,2019,25805,Automatic,11505,Petrol,145,51.4,1.5
 Z4,2019,52000,Automatic,2756,Petrol,145,33.2,3.0
 5 Series,2019,34515,Automatic,10770,Diesel,145,62.8,2.0
 3 Series,2015,14299,Manual,57693,Petrol,160,44.1,2.0
 3 Series,2016,13260,Manual,60465,Diesel,20,68.9,2.0
 X1,2017,25675,Automatic,13733,Diesel,145,60.1,2.0
 X1,2017,18199,Manual,54650,Diesel,20,68.9,2.0
 X3,2019,42705,Automatic,4250,Petrol,145,30.4,2.0
 3 Series,2017,27495,Automatic,17059,Hybrid,135,134.5,2.0
 X3,2018,39000,Automatic,9854,Diesel,145,56.5,2.0
 X1,2016,24050,Automatic,27418,Petrol,160,44.8,2.0
 4 Series,2016,25350,Automatic,41553,Diesel,160,50.4,3.0
 1 Series,2016,13642,Manual,41399,Diesel,20,72.4,1.5
 1 Series,2016,13842,Manual,36669,Diesel,0,83.1,1.5
 3 Series,2016,16955,Automatic,53760,Diesel,20,70.6,2.0
 4 Series,2019,36335,Automatic,4900,Petrol,145,48.7,2.0
 4 Series,2019,36335,Automatic,4700,Diesel,145,58.9,2.0
 X3,2019,47775,Automatic,9002,Diesel,145,54.3,2.0
 4 Series,2019,34775,Automatic,8018,Petrol,145,45.6,2.0
 X2,2019,36335,Automatic,7971,Diesel,150,58.9,2.0
 2 Series,2019,30485,Automatic,6127,Diesel,145,49.6,2.0
 X5,2019,61425,Automatic,6174,Diesel,145,37.7,3.0
 1 Series,2019,19435,Manual,14735,Diesel,145,78.5,1.5
 4 Series,2017,27299,Automatic,23312,Diesel,145,55.4,3.0
 3 Series,2017,25349,Automatic,24472,Diesel,30,62.8,2.0
 3 Series,2017,25089,Automatic,33206,Diesel,160,51.4,3.0
 4 Series,2016,21696,Automatic,44982,Petrol,145,48.7,2.0
 4 Series,2016,22749,Manual,26031,Diesel,30,62.8,2.0
 2 Series,2014,15141,Manual,43960,Diesel,30,62.8,2.0
 2 Series,2015,19380,Automatic,21062,Petrol,200,43.5,2.0
 3 Series,2015,21527,Automatic,42199,Diesel,160,49.6,3.0
 5 Series,2013,14299,Automatic,89693,Diesel,125,57.6,2.0
 5 Series,2018,37050,Automatic,11162,Diesel,145,60.1,3.0
 5 Series,2016,20536,Automatic,33689,Diesel,30,62.8,2.0
 3 Series,2014,16500,Manual,33179,Petrol,200,43.5,2.0
 3 Series,2017,21086,Manual,28796,Petrol,125,45.6,2.0
 2 Series,2014,17195,Automatic,29236,Petrol,145,47.1,2.0
 3 Series,2019,37050,Automatic,6072,Petrol,145,45.6,2.0
 3 Series,2017,27235,Automatic,26916,Diesel,125,57.6,2.0
 4 Series,2019,32500,Automatic,8016,Diesel,145,60.1,2.0
 Z4,2019,40950,Automatic,1682,Petrol,145,38.7,2.0
 3 Series,2017,26650,Automatic,28580,Diesel,145,51.4,3.0
 X5,2019,68055,Automatic,4158,Petrol,145,27.2,3.0
 1 Series,2016,13649,Manual,24877,Diesel,0,83.1,1.5
 4 Series,2017,22824,Automatic,36564,Diesel,145,65.7,2.0
 X4,2019,50375,Automatic,9793,Diesel,145,42.8,2.0
 M6,2015,43550,Automatic,28314,Petrol,555,28.5,4.4
 5 Series,2019,33605,Automatic,7999,Petrol,145,50.4,2.0
 3 Series,2019,31135,Automatic,7951,Petrol,150,47.9,2.0
 3 Series,2019,37050,Automatic,5109,Petrol,150,42.2,2.0
 3 Series,2014,17355,Automatic,42686,Diesel,125,60.1,2.0
 X5,2016,38999,Automatic,36996,Diesel,200,47.1,3.0
 X5,2016,36789,Automatic,40732,Hybrid,0,85.6,2.0
 6 Series,2017,30875,Automatic,39890,Diesel,145,49.6,3.0
 1 Series,2014,12480,Manual,60586,Diesel,125,58.9,2.0
 1 Series,2012,8450,Manual,58480,Diesel,125,58.9,2.0
 4 Series,2015,19109,Manual,28334,Diesel,125,58.9,2.0
 1 Series,2017,18558,Automatic,9078,Diesel,145,72.4,1.5
 1 Series,2016,14299,Automatic,65141,Diesel,0,74.3,2.0
 1 Series,2013,12869,Manual,32102,Petrol,145,50.4,1.6
 1 Series,2013,11888,Manual,48399,Diesel,30,65.7,2.0
 3 Series,2016,23205,Automatic,28702,Hybrid,0,134.5,2.0
 1 Series,2018,20645,Manual,9774,Petrol,145,37.2,1.5
 3 Series,2016,18199,Automatic,32986,Diesel,0,74.3,2.0
 X1,2017,21709,Manual,51835,Diesel,145,58.9,2.0
 1 Series,2019,20786,Automatic,7880,Petrol,145,55.5,1.5
 3 Series,2017,20669,Automatic,33642,Diesel,30,64.2,2.0
 4 Series,2016,21189,Automatic,73740,Diesel,145,55.4,3.0
 3 Series,2015,18199,Automatic,30585,Petrol,160,45.6,1.6
 2 Series,2014,22099,Automatic,39573,Petrol,260,37.2,3.0
 3 Series,2018,22619,Automatic,29433,Diesel,145,62.8,2.0
 5 Series,2015,21969,Automatic,18641,Petrol,200,43.5,2.0
 5 Series,2015,15599,Automatic,71973,Diesel,30,62.8,2.0
 5 Series,2018,30160,Automatic,9621,Diesel,145,68.9,2.0
 1 Series,2015,23399,Automatic,8064,Petrol,235,37.7,3.0
 X3,2014,23269,Automatic,55147,Diesel,200,47.1,3.0
 4 Series,2016,23139,Automatic,20986,Diesel,125,60.1,2.0
 4 Series,2014,21319,Automatic,58488,Diesel,160,50.4,3.0
 1 Series,2018,18719,Manual,16518,Petrol,145,37.7,1.5
 3 Series,2018,25999,Automatic,22510,Diesel,145,64.2,2.0
 3 Series,2016,21423,Automatic,25709,Diesel,125,60.1,2.0
 3 Series,2016,17939,Automatic,47262,Diesel,30,62.8,2.0
 4 Series,2016,23399,Automatic,21280,Petrol,145,48.7,2.0
 5 Series,2016,20794,Automatic,28608,Diesel,30,62.8,2.0
 3 Series,2016,21709,Automatic,45089,Hybrid,0,134.5,2.0
 3 Series,2018,23009,Automatic,23814,Diesel,145,64.2,2.0
 1 Series,2017,15599,Manual,32140,Diesel,145,72.4,1.5
 X1,2016,26000,Automatic,18829,Petrol,160,44.8,2.0
 3 Series,2016,18199,Manual,52713,Diesel,30,64.2,2.0
 1 Series,2019,19759,Manual,8807,Petrol,145,53.3,1.5
 5 Series,2013,15577,Automatic,60702,Diesel,125,57.6,2.0
 1 Series,2013,12694,Automatic,52799,Diesel,30,64.2,2.0
 2 Series,2018,26000,Automatic,18673,Diesel,145,47.1,2.0
 4 Series,2018,26649,Automatic,9629,Petrol,145,45.6,2.0
 3 Series,2015,15599,Automatic,29595,Diesel,30,62.8,2.0
 3 Series,2016,17809,Automatic,72111,Diesel,30,62.8,2.0
 3 Series,2018,29152,Automatic,4136,Petrol,145,46.3,2.0
 6 Series,2013,22766,Automatic,43186,Diesel,160,49.6,3.0
 3 Series,2017,23399,Automatic,31621,Diesel,145,53.3,3.0
 3 Series,2014,13519,Manual,62714,Diesel,30,62.8,2.0
 X4,2017,24699,Automatic,68689,Diesel,145,54.3,2.0
 5 Series,2014,17603,Automatic,67000,Diesel,145,55.4,2.0
 3 Series,2016,18123,Automatic,41969,Diesel,30,67.3,2.0
 5 Series,2013,15079,Automatic,58995,Diesel,200,48.7,3.0
 5 Series,2016,21449,Automatic,33370,Diesel,125,60.1,2.0
 3 Series,2016,14689,Manual,54662,Diesel,30,67.3,2.0
 1 Series,2019,20786,Automatic,5553,Petrol,145,55.5,1.5
 3 Series,2013,14800,Manual,46417,Diesel,30,62.8,2.0
 2 Series,2018,19499,Manual,18483,Petrol,145,50.4,1.5
 X1,2016,24700,Automatic,27673,Diesel,145,55.4,2.0
 2 Series,2017,20799,Automatic,63039,Hybrid,0,135.5,1.5
 4 Series,2017,20280,Automatic,43290,Diesel,30,65.7,2.0
 4 Series,2015,20410,Automatic,30401,Diesel,145,53.3,3.0
 1 Series,2015,16119,Manual,25651,Petrol,125,52.3,1.5
 1 Series,2014,14299,Manual,42169,Petrol,145,50.4,1.6
 3 Series,2015,16899,Automatic,49018,Diesel,20,70.6,2.0
 1 Series,2018,20799,Automatic,18899,Diesel,145,49.6,2.0
 3 Series,2013,13909,Automatic,40022,Diesel,30,62.8,2.0
 1 Series,2016,15340,Manual,43334,Diesel,30,65.7,2.0
 3 Series,2014,16280,Automatic,31028,Petrol,200,43.5,2.0
 3 Series,2018,24064,Automatic,19857,Petrol,145,48.7,2.0
 2 Series,2014,15339,Manual,14264,Petrol,160,44.8,2.0
 1 Series,2016,16110,Automatic,27986,Diesel,20,70.6,2.0
 3 Series,2017,25089,Automatic,15873,Diesel,145,54.3,3.0
 X5,2014,27949,Automatic,47683,Diesel,200,49.6,2.0
 1 Series,2019,29509,Automatic,14754,Petrol,145,39.8,3.0
 7 Series,2016,33994,Automatic,26093,Diesel,145,53.3,3.0
 1 Series,2015,11699,Manual,59828,Diesel,20,72.4,1.5
 X5,2018,40299,Automatic,31016,Diesel,145,47.1,3.0
 1 Series,2016,15008,Manual,22780,Diesel,0,83.1,1.5
 3 Series,2016,19499,Automatic,48380,Diesel,30,64.2,2.0
 1 Series,2017,19778,Manual,16002,Petrol,145,52.3,1.5
 1 Series,2018,25349,Automatic,8316,Diesel,145,44.1,2.0
 1 Series,2015,14299,Manual,17544,Petrol,125,53.3,1.5
 3 Series,2013,13727,Manual,64107,Diesel,30,61.4,2.0
 4 Series,2017,25480,Automatic,19293,Diesel,145,65.7,2.0
 1 Series,2015,20335,Automatic,47361,Petrol,235,37.7,3.0
 5 Series,2016,20149,Automatic,34599,Diesel,30,62.8,2.0
 X1,2015,14819,Automatic,51526,Diesel,160,52.3,2.0
 X1,2018,29249,Automatic,11124,Diesel,145,60.1,2.0
 5 Series,2017,27299,Automatic,35431,Diesel,145,65.7,2.0
 3 Series,2015,18459,Automatic,62051,Diesel,145,56.5,3.0
 3 Series,2017,24050,Automatic,29130,Hybrid,135,148.7,2.0
 X3,2015,21252,Automatic,88187,Diesel,200,47.1,3.0
 3 Series,2015,13188,Manual,55851,Diesel,20,68.9,2.0
 3 Series,2016,18975,Manual,18271,Petrol,160,45.6,2.0
 3 Series,2016,18229,Automatic,72820,Hybrid,0,134.5,2.0
 3 Series,2013,11699,Automatic,69172,Diesel,20,68.9,2.0
 2 Series,2015,14949,Manual,48937,Diesel,30,62.8,2.0
 X3,2013,12414,Manual,67652,Diesel,160,50.4,2.0
 5 Series,2016,17230,Automatic,68816,Diesel,30,62.8,2.0
 X6,2013,23399,Automatic,44176,Diesel,300,37.7,3.0
 X4,2017,30289,Automatic,53888,Diesel,145,47.9,3.0
 1 Series,2015,13649,Manual,23893,Diesel,0,83.1,1.5
 1 Series,2017,17939,Manual,22072,Diesel,145,65.7,2.0
 3 Series,2012,11108,Manual,78112,Diesel,30,61.4,2.0
 1 Series,2015,14949,Manual,53716,Diesel,30,62.8,2.0
 X1,2017,16769,Manual,66243,Diesel,145,68.9,2.0
 2 Series,2016,15792,Manual,21752,Petrol,125,52.3,1.5
 5 Series,2017,23686,Automatic,83352,Diesel,145,65.7,2.0
 1 Series,2015,15729,Manual,31321,Diesel,30,64.2,2.0
 4 Series,2016,27299,Automatic,30040,Diesel,160,50.4,3.0
 X1,2014,14949,Automatic,58599,Diesel,160,51.4,2.0
 4 Series,2017,23399,Automatic,26839,Diesel,30,65.7,2.0
 1 Series,2016,13909,Manual,47210,Diesel,0,83.1,1.5
 1 Series,2014,11829,Manual,75924,Diesel,30,65.7,2.0
 5 Series,2018,30809,Automatic,16042,Diesel,145,68.9,2.0
 5 Series,2016,18849,Automatic,35644,Diesel,20,68.9,2.0
 X1,2016,27300,Automatic,7390,Petrol,160,44.8,2.0
 2 Series,2014,16249,Manual,36479,Diesel,125,58.9,2.0
 1 Series,2019,20786,Automatic,5504,Petrol,145,55.5,1.5
 1 Series,2015,12609,Manual,36713,Diesel,0,78.5,1.5
 1 Series,2016,22750,Automatic,24299,Petrol,235,37.7,3.0
 4 Series,2014,16509,Manual,50348,Diesel,125,58.9,2.0
 4 Series,2016,22359,Automatic,31919,Diesel,30,65.7,2.0
 X1,2017,23659,Automatic,29825,Diesel,145,65.7,2.0
 1 Series,2018,27299,Automatic,24205,Petrol,145,39.8,3.0
 X1,2012,11959,Automatic,47152,Diesel,200,45.6,2.0
 Z4,2009,10399,Automatic,63179,Petrol,300,33.2,2.5
 5 Series,2018,30419,Automatic,20093,Diesel,145,68.9,2.0
 3 Series,2018,26779,Automatic,22478,Petrol,145,47.9,2.0
 3 Series,2015,18849,Manual,28656,Petrol,145,47.9,2.0
 1 Series,2016,19109,Automatic,22190,Diesel,20,68.9,1.5
 2 Series,2015,14819,Manual,32940,Diesel,30,62.8,2.0
 5 Series,2014,16250,Automatic,35677,Diesel,30,62.8,2.0
 3 Series,2016,17923,Automatic,46735,Diesel,30,65.7,2.0
 5 Series,2015,16769,Automatic,76096,Diesel,125,60.1,2.0
 1 Series,2016,15339,Manual,37549,Diesel,20,70.6,1.5
 1 Series,2012,7799,Manual,70876,Diesel,145,56.5,2.0
 6 Series,2015,26000,Automatic,40517,Petrol,260,36.2,3.0
 X5,2016,33800,Automatic,47026,Hybrid,0,85.6,2.0
 6 Series,2016,27299,Automatic,45360,Diesel,200,49.6,3.0
 3 Series,2016,16589,Manual,34239,Diesel,20,72.4,2.0
 6 Series,2015,24959,Automatic,22797,Diesel,160,49.6,3.0
 3 Series,2013,13894,Automatic,43771,Diesel,30,62.8,2.0
 6 Series,2008,11037,Automatic,72000,Diesel,260,40.9,3.0
 1 Series,2013,8385,Manual,90000,Diesel,30,65.7,2.0
 3 Series,2010,8437,Automatic,81000,Diesel,145,53.3,2.0
 3 Series,2010,7137,Manual,77523,Diesel,30,62.8,2.0
 1 Series,2013,11037,Manual,70160,Diesel,125,60.1,2.0
 3 Series,2015,12987,Manual,44000,Diesel,20,68.9,2.0
 3 Series,2011,10387,Manual,34915,Petrol,165,44.8,2.0
 3 Series,2018,25999,Automatic,16882,Diesel,145,62.8,2.0
 3 Series,2013,14911,Manual,37030,Diesel,30,62.8,2.0
 4 Series,2017,23322,Automatic,38013,Diesel,145,60.1,2.0
 2 Series,2016,16822,Manual,55272,Diesel,30,64.2,2.0
 4 Series,2018,30511,Automatic,15307,Diesel,145,52.3,3.0
 1 Series,2012,9412,Manual,89462,Diesel,30,62.8,2.0
 1 Series,2012,10322,Manual,54811,Diesel,125,60.1,2.0
 X4,2016,26611,Automatic,52131,Diesel,150,54.3,2.0
 1 Series,2014,12987,Manual,48165,Diesel,30,64.2,2.0
 X1,2013,11427,Automatic,78661,Diesel,165,52.3,2.0
 3 Series,2011,8177,Manual,72082,Diesel,125,60.1,2.0
 3 Series,2015,19109,Automatic,64523,Diesel,160,51.4,3.0
 5 Series,2019,27300,Automatic,20789,Petrol,145,50.4,2.0
 4 Series,2017,26000,Automatic,14282,Petrol,145,48.7,2.0
 3 Series,2016,20669,Automatic,27562,Diesel,145,56.5,3.0
 5 Series,2018,31589,Automatic,9273,Diesel,145,68.9,2.0
 5 Series,2017,29900,Automatic,10740,Diesel,145,65.7,2.0
 5 Series,2013,13130,Automatic,89028,Diesel,125,57.6,2.0
 4 Series,2015,22099,Automatic,46028,Diesel,125,58.9,2.0
 3 Series,2013,12926,Manual,52438,Diesel,125,60.1,2.0
 1 Series,2018,18200,Manual,8228,Diesel,145,68.9,2.0
 2 Series,2016,12986,Manual,43201,Diesel,20,68.9,2.0
 5 Series,2015,15509,Automatic,89986,Diesel,125,60.1,2.0
 2 Series,2015,15522,Automatic,78913,Diesel,30,62.8,2.0
 1 Series,2010,9685,Automatic,75000,Diesel,165,52.3,2.0
 1 Series,2017,19422,Manual,13000,Petrol,150,52.3,1.5
 1 Series,2015,12784,Manual,55018,Diesel,20,65.7,2.0
 X1,2016,16822,Automatic,81240,Diesel,30,65.7,2.0
 5 Series,2015,17472,Automatic,59775,Diesel,30,62.8,2.0
 1 Series,2013,10322,Manual,67916,Diesel,30,65.7,2.0
 5 Series,2010,12024,Automatic,94938,Diesel,240,43.5,3.0
 2 Series,2016,16302,Manual,81145,Diesel,30,62.8,2.0
 4 Series,2017,16626,Manual,85366,Diesel,145,62.8,2.0
 5 Series,2016,21372,Automatic,37323,Diesel,125,60.1,2.0
 2 Series,2015,18811,Automatic,16000,Diesel,30,67.3,2.0
 5 Series,2018,28522,Automatic,53519,Other,135,156.9,2.0
 1 Series,2008,5122,Manual,68000,Petrol,150,48.7,1.6
 1 Series,2013,9672,Manual,75323,Petrol,145,49.6,1.6
 1 Series,2013,9542,Manual,85871,Petrol,145,49.6,1.6
 1 Series,2016,11622,Manual,79675,Diesel,0,83.1,1.5
 X1,2017,20332,Automatic,89232,Diesel,145,65.7,2.0
 1 Series,2015,11530,Manual,62574,Diesel,0,83.1,1.5
 3 Series,2016,23971,Automatic,32731,Hybrid,0,134.5,2.0
 1 Series,2017,16039,Manual,15770,Diesel,0,83.1,1.5
 4 Series,2015,23269,Automatic,23413,Petrol,235,38.2,3.0
 5 Series,2016,21704,Automatic,39727,Diesel,125,60.1,2.0
 Z4,2012,13259,Manual,49289,Petrol,200,41.5,2.0
 1 Series,2016,13325,Manual,46717,Petrol,125,53.3,1.5
 1 Series,2015,14027,Manual,29550,Petrol,125,53.3,1.5
 1 Series,2017,14625,Manual,30846,Petrol,125,53.3,1.5
 1 Series,2017,15275,Manual,12600,Petrol,125,53.3,1.5
 1 Series,2012,9035,Automatic,96596,Diesel,30,64.2,2.0
 4 Series,2015,16861,Manual,40276,Diesel,30,67.3,2.0
 3 Series,2014,13299,Automatic,98381,Diesel,125,60.1,2.0
 2 Series,2018,17511,Automatic,67062,Diesel,145,51.4,2.0
 3 Series,2013,12337,Automatic,56000,Diesel,30,62.8,2.0
 X1,2017,19409,Manual,77484,Diesel,20,68.9,2.0
 5 Series,2007,8411,Automatic,75000,Diesel,330,35.8,2.5
 X5,2011,19461,Automatic,69987,Diesel,300,37.7,3.0
 4 Series,2016,22659,Automatic,55381,Diesel,145,53.3,3.0
 2 Series,2016,18122,Automatic,79983,Diesel,20,68.9,2.0
 2 Series,2017,16172,Manual,32218,Diesel,145,65.7,1.5
 4 Series,2015,15041,Manual,78217,Diesel,30,67.3,2.0
 5 Series,2016,16874,Automatic,60337,Diesel,20,68.9,2.0
 3 Series,2018,22022,Manual,10000,Petrol,150,52.3,1.5
 4 Series,2016,24232,Automatic,21000,Diesel,150,55.4,3.0
 3 Series,2013,18772,Automatic,48000,Diesel,125,57.6,3.0
 1 Series,2016,19071,Automatic,26000,Petrol,125,54.3,1.5
 1 Series,2017,12961,Manual,82000,Diesel,150,72.4,1.5
 3 Series,2013,12922,Manual,83000,Diesel,30,61.4,2.0
 5 Series,2016,20722,Automatic,66652,Diesel,160,51.4,3.0
 3 Series,2011,11011,Manual,67869,Diesel,125,60.1,2.0
 1 Series,2009,5837,Manual,79903,Diesel,30,62.8,2.0
 X5,2017,38272,Automatic,40070,Diesel,205,47.1,3.0
 3 Series,2012,13312,Automatic,37089,Petrol,160,47.1,2.0
 3 Series,2017,16172,Manual,59158,Diesel,30,67.3,2.0
 6 Series,2012,16861,Automatic,50319,Diesel,160,51.4,3.0
 1 Series,2016,16042,Manual,51727,Petrol,125,52.3,1.5
 X1,2013,13572,Automatic,46217,Diesel,165,52.3,2.0
 i3,2015,19422,Automatic,59000,Other,0,470.8,0.6
 4 Series,2016,20072,Manual,24083,Petrol,160,46.3,2.0
 X1,2017,19422,Manual,64235,Diesel,125,60.1,2.0
 3 Series,2015,15197,Automatic,69002,Diesel,125,60.1,2.0
 3 Series,2017,20722,Automatic,32997,Diesel,145,67.3,2.0
 3 Series,2018,20137,Manual,38631,Diesel,145,62.8,2.0
 1 Series,2013,12051,Automatic,53000,Diesel,30,62.8,2.0
 2 Series,2016,19487,Manual,46527,Diesel,125,60.1,2.0
 3 Series,2015,15561,Automatic,89001,Diesel,30,64.2,2.0
 1 Series,2016,12272,Manual,71000,Diesel,0,83.1,1.5
 3 Series,2016,12727,Manual,76218,Diesel,30,64.2,2.0
 X5,2016,33722,Automatic,76544,Diesel,200,47.1,3.0
 3 Series,2017,14937,Manual,65386,Petrol,125,52.3,1.5
 3 Series,2018,22412,Automatic,40739,Diesel,145,64.2,2.0
 3 Series,2015,15846,Manual,33902,Diesel,30,65.7,2.0
 1 Series,2016,17289,Manual,39077,Diesel,30,65.7,2.0
 1 Series,2017,16140,Manual,17724,Diesel,145,83.1,1.5
 1 Series,2013,18199,Automatic,48828,Petrol,235,37.7,3.0
 3 Series,2016,23322,Automatic,28136,Diesel,145,53.3,3.0
 4 Series,2016,24661,Automatic,43306,Diesel,160,51.4,3.0
 3 Series,2015,22022,Automatic,41115,Diesel,165,51.4,3.0
 5 Series,2014,17277,Automatic,62125,Diesel,150,55.4,2.0
 X1,2016,17537,Manual,78256,Diesel,20,68.9,2.0
 Z4,2010,12272,Manual,68090,Petrol,305,33.2,2.5
 3 Series,2018,25922,Automatic,27246,Diesel,145,64.2,2.0
 3 Series,2017,27689,Automatic,19351,Diesel,145,51.4,3.0
 3 Series,2014,16353,Automatic,50750,Diesel,125,57.6,2.0
 1 Series,2018,28600,Automatic,18225,Petrol,145,32.5,3.0
 X1,2016,22100,Manual,31327,Diesel,125,58.9,2.0
 X1,2017,22750,Automatic,27753,Diesel,145,65.7,2.0
 X5,2016,40949,Automatic,34367,Hybrid,0,85.6,2.0
 4 Series,2016,23322,Automatic,27069,Petrol,165,45.6,2.0
 X1,2017,18811,Automatic,80591,Diesel,30,65.7,2.0
 3 Series,2017,22945,Manual,17170,Diesel,150,60.1,2.0
 1 Series,2014,12025,Manual,55760,Diesel,30,65.7,2.0
 3 Series,2015,22061,Automatic,42938,Diesel,200,49.6,3.0
 1 Series,2014,13871,Automatic,53436,Diesel,30,64.2,2.0
 4 Series,2017,25961,Automatic,44558,Diesel,145,50.4,3.0
 2 Series,2017,23322,Manual,9369,Diesel,145,60.1,2.0
 5 Series,2010,7761,Automatic,116882,Diesel,150,54.3,2.0
 1 Series,2015,12051,Manual,62346,Diesel,0,78.5,1.5
 6 Series,2016,22737,Automatic,62156,Diesel,200,49.6,3.0
 5 Series,2011,11011,Automatic,84726,Diesel,145,54.3,2.0
 5 Series,2019,32461,Automatic,10628,Petrol,150,47.9,2.0
 1 Series,2016,20796,Automatic,52874,Petrol,235,37.7,3.0
 1 Series,2017,15596,Manual,10624,Diesel,0,83.1,1.5
 3 Series,2015,18122,Automatic,69986,Diesel,145,53.3,3.0
 X1,2018,29211,Automatic,9365,Petrol,145,44.8,2.0
 3 Series,2016,24401,Automatic,26108,Diesel,145,53.3,3.0
 2 Series,2018,21411,Semi-Auto,18323,Diesel,145,56.5,1.5
 5 Series,2012,12597,Automatic,71375,Diesel,125,57.6,2.0
 4 Series,2018,29601,Automatic,13623,Diesel,145,58.9,2.0
 3 Series,2016,16861,Manual,32046,Diesel,20,68.9,2.0
 3 Series,2017,18846,Manual,61093,Petrol,150,45.6,2.0
 1 Series,2013,14946,Manual,72000,Petrol,305,35.3,3.0
 X1,2017,23257,Automatic,33124,Diesel,125,60.1,2.0
 2 Series,2017,18161,Manual,27034,Petrol,150,48.7,1.5
 X2,2019,30212,Manual,4507,Petrol,150,41.5,1.5
 X5,2015,33111,Automatic,54000,Diesel,200,47.1,3.0
 2 Series,2017,18551,Manual,10874,Petrol,125,50.4,1.5
 1 Series,2016,13442,Manual,38936,Diesel,20,72.4,1.5
 X4,2017,29471,Automatic,41543,Diesel,150,54.3,2.0
 7 Series,2017,40625,Automatic,27791,Diesel,145,53.3,3.0
 X1,2018,29835,Automatic,14968,Diesel,150,60.1,2.0
 3 Series,2016,17147,Manual,19871,Diesel,20,72.4,2.0
 3 Series,2015,18844,Automatic,43838,Diesel,125,61.4,2.0
 3 Series,2009,7794,Manual,47125,Diesel,125,58.9,2.0
 1 Series,2015,14287,Manual,69000,Diesel,30,62.8,2.0
 1 Series,2010,6487,Manual,83844,Diesel,30,62.8,2.0
 X3,2016,27222,Automatic,19000,Diesel,150,54.3,2.0
 X3,2011,15522,Automatic,72000,Diesel,165,50.4,2.0
 3 Series,2019,32305,Automatic,7438,Petrol,145,42.2,2.0
 3 Series,2019,31785,Automatic,23150,Diesel,150,52.3,2.0
 X3,2018,37635,Automatic,13200,Petrol,150,30.4,2.0
 X1,2018,29770,Automatic,10923,Petrol,150,37.7,2.0
 2 Series,2019,29835,Automatic,8225,Diesel,150,61.4,2.0
 2 Series,2018,25025,Automatic,20682,Hybrid,140,135.5,1.5
 X5,2018,45045,Automatic,15245,Diesel,150,47.1,3.0
 3 Series,2019,36075,Automatic,4879,Petrol,150,41.5,2.0
 3 Series,2015,18525,Automatic,40528,Diesel,30,62.8,2.0
 5 Series,2017,29055,Automatic,30141,Diesel,145,60.1,2.0
 2 Series,2017,19825,Automatic,13311,Petrol,145,61.4,2.0
 X1,2019,32435,Automatic,7542,Diesel,145,60.1,2.0
 4 Series,2019,30225,Automatic,10847,Diesel,145,65.7,2.0
 X1,2019,32435,Automatic,9412,Diesel,145,60.1,2.0
 4 Series,2019,30355,Automatic,9564,Diesel,145,65.7,2.0
 X1,2019,32435,Automatic,7032,Diesel,145,60.1,2.0
 X2,2019,34775,Automatic,2077,Diesel,150,58.9,2.0
 X3,2015,24635,Automatic,15131,Diesel,150,54.3,2.0
 3 Series,2016,19435,Automatic,49967,Diesel,30,62.8,2.0
 X1,2019,32435,Automatic,5217,Diesel,145,60.1,2.0
 1 Series,2018,20981,Manual,5531,Petrol,145,37.2,1.5
 3 Series,2016,19890,Automatic,46626,Hybrid,0,134.5,2.0
 5 Series,2019,29770,Automatic,12568,Petrol,145,47.9,2.0
 2 Series,2017,20735,Automatic,39758,Diesel,145,62.8,2.0
 5 Series,2019,47125,Automatic,8062,Diesel,145,51.4,3.0
 1 Series,2017,17485,Automatic,35835,Diesel,150,70.6,2.0
 1 Series,2019,30485,Automatic,12725,Petrol,145,39.8,3.0
 X5,2016,40105,Automatic,44316,Hybrid,0,85.6,2.0
 2 Series,2019,23855,Manual,16606,Petrol,150,52.3,1.5
 Z4,2013,17810,Automatic,35554,Petrol,205,41.5,2.0
 2 Series,2017,21466,Automatic,21284,Petrol,145,48.7,2.0
 4 Series,2018,25344,Manual,7621,Diesel,150,62.8,2.0
 3 Series,2018,22734,Manual,29384,Petrol,145,47.9,2.0
 1 Series,2019,30549,Automatic,9112,Petrol,145,39.8,3.0
 3 Series,2014,14566,Manual,47735,Petrol,160,44.8,2.0
 1 Series,2016,14286,Manual,31319,Diesel,20,72.4,1.5
 5 Series,2013,15469,Automatic,38705,Diesel,125,60.1,2.0
 X1,2016,19499,Manual,26436,Diesel,20,68.9,2.0
 3 Series,2017,22803,Automatic,24536,Petrol,145,48.7,2.0
 X1,2012,7792,Manual,130000,Diesel,160,51.4,2.0
 X1,2019,32435,Automatic,9469,Diesel,145,60.1,2.0
 X1,2019,32240,Automatic,10577,Diesel,145,60.1,2.0
 4 Series,2017,29894,Automatic,29989,Diesel,150,49.6,3.0
 X5,2015,28587,Automatic,94643,Diesel,205,47.1,3.0
 1 Series,2014,7137,Manual,131347,Diesel,0,74.3,1.6
 3 Series,2017,22737,Manual,23828,Diesel,145,64.2,2.0
 1 Series,2016,11424,Manual,81750,Diesel,20,72.4,1.5
 3 Series,2017,18844,Automatic,23123,Petrol,145,54.3,1.5
 3 Series,2004,3754,Manual,133175,Petrol,300,36.2,2.0
 X3,2012,11439,Automatic,98123,Diesel,160,50.4,2.0
 1 Series,2015,13637,Manual,21563,Petrol,150,50.4,1.6
 1 Series,2017,15588,Automatic,108000,Petrol,150,47.9,2.0
 X1,2012,7792,Manual,130000,Diesel,165,51.4,2.0
 1 Series,2016,10911,Manual,82000,Diesel,0,83.1,1.5
 3 Series,2011,4541,Manual,190000,Diesel,20,68.9,2.0
 1 Series,2015,12988,Automatic,94000,Diesel,30,62.8,2.0
 2 Series,2018,18064,Manual,49631,Diesel,145,64.2,2.0
 3 Series,2015,22685,Automatic,45000,Diesel,160,51.4,3.0
 X1,2019,32240,Automatic,10576,Diesel,145,60.1,2.0
 X1,2019,32435,Automatic,9849,Diesel,145,60.1,2.0
 X1,2019,32435,Automatic,9564,Diesel,145,60.1,2.0
 4 Series,2019,30225,Automatic,10324,Diesel,145,65.7,2.0
 4 Series,2013,17549,Automatic,32247,Petrol,160,44.8,2.0
 6 Series,2014,22100,Automatic,64674,Diesel,160,49.6,3.0
 4 Series,2015,25994,Automatic,36710,Petrol,265,37.2,3.0
 3 Series,2008,9080,Automatic,98630,Petrol,240,39.2,3.0
 2 Series,2020,37635,Manual,1688,Petrol,145,43.5,1.5
 2 Series,2020,46735,Automatic,4597,Petrol,145,36.2,2.0
 3 Series,2019,52000,Automatic,9991,Diesel,150,43.5,3.0
 4 Series,2016,20995,Automatic,46545,Diesel,30,65.7,2.0
 3 Series,2018,23659,Manual,13503,Diesel,145,64.2,2.0
 3 Series,2016,16899,Manual,52224,Diesel,125,62.8,2.0
 3 Series,2016,22792,Automatic,36157,Hybrid,0,134.5,2.0
 1 Series,2014,18785,Automatic,59198,Petrol,235,37.7,3.0
 X5,2017,38285,Automatic,35032,Diesel,145,47.1,3.0
 4 Series,2019,30355,Automatic,9189,Diesel,145,65.7,2.0
 X1,2016,25349,Automatic,21822,Diesel,125,60.1,2.0
 1 Series,2016,13649,Manual,40428,Diesel,0,78.5,1.5
 1 Series,2014,14299,Manual,47208,Diesel,30,62.8,2.0
 3 Series,2016,14689,Manual,54788,Diesel,20,68.9,2.0
 3 Series,2017,19499,Automatic,78446,Hybrid,0,134.5,2.0
 X1,2016,22749,Automatic,45234,Diesel,125,60.1,2.0
 3 Series,2016,21969,Automatic,72974,Diesel,160,51.4,3.0
 6 Series,2016,25999,Automatic,41963,Diesel,160,51.4,3.0
 1 Series,2015,11699,Manual,58918,Diesel,0,83.1,1.5
 1 Series,2016,13909,Manual,35845,Diesel,0,83.1,1.5
 5 Series,2014,16769,Automatic,85547,Diesel,160,51.4,3.0
 3 Series,2016,13649,Manual,68738,Diesel,20,68.9,2.0
 1 Series,2015,12219,Manual,84179,Diesel,30,65.7,2.0
 5 Series,2016,20799,Automatic,28084,Diesel,30,62.8,2.0
 2 Series,2018,17289,Manual,45166,Diesel,145,65.7,2.0
 X5,2016,30809,Automatic,74765,Hybrid,0,85.6,2.0
 2 Series,2016,27949,Automatic,17173,Petrol,200,39.8,3.0
 1 Series,2017,14754,Manual,33215,Diesel,0,78.5,1.5
 2 Series,2017,27949,Automatic,19502,Petrol,145,39.8,3.0
 3 Series,2016,18719,Manual,34278,Diesel,30,64.2,2.0
 3 Series,2019,32305,Automatic,10633,Petrol,145,42.2,2.0
 3 Series,2016,25219,Automatic,22317,Hybrid,0,134.5,2.0
 2 Series,2016,22489,Automatic,27519,Petrol,160,44.1,2.0
 2 Series,2016,17778,Automatic,36792,Petrol,125,51.4,1.5
 X3,2016,24278,Automatic,65392,Diesel,200,47.9,3.0
 2 Series,2017,21449,Automatic,12301,Petrol,145,51.4,1.5
 3 Series,2016,23374,Automatic,48947,Hybrid,0,134.5,2.0
 X3,2015,19499,Automatic,85938,Diesel,145,54.3,2.0
 4 Series,2014,16249,Automatic,80450,Diesel,145,56.5,2.0
 4 Series,2016,20149,Automatic,78792,Diesel,30,65.7,2.0
 3 Series,2013,12999,Automatic,86364,Diesel,145,55.4,3.0
 6 Series,2013,20149,Automatic,58024,Diesel,160,51.4,3.0
 3 Series,2013,16639,Automatic,29500,Diesel,30,62.8,2.0
 1 Series,2016,17016,Automatic,29657,Diesel,20,67.3,2.0
 X1,2018,22099,Automatic,35077,Diesel,145,65.7,2.0
 1 Series,2016,24699,Automatic,19908,Petrol,235,37.7,3.0
 X1,2017,22489,Automatic,9799,Diesel,30,65.7,2.0
 5 Series,2016,13152,Manual,94419,Diesel,30,65.7,2.0
 4 Series,2017,19369,Manual,42560,Diesel,30,62.8,2.0
 1 Series,2013,12869,Manual,56370,Petrol,145,50.4,1.6
 i3,2017,24699,Automatic,20321,Electric,135,470.8,0.0
 X1,2016,26384,Automatic,16917,Diesel,145,55.4,2.0
 5 Series,2017,28755,Automatic,25399,Diesel,145,65.7,2.0
 1 Series,2014,10594,Manual,69190,Diesel,30,65.7,1.6
 1 Series,2017,18214,Manual,22677,Diesel,145,65.7,2.0
 1 Series,2016,17206,Automatic,54013,Diesel,30,62.8,2.0
 5 Series,2013,15405,Automatic,65359,Diesel,125,57.6,2.0
 3 Series,2015,14299,Manual,39245,Diesel,20,68.9,2.0
 3 Series,2017,14138,Automatic,95521,Diesel,145,70.6,2.0
 X1,2014,14299,Automatic,45740,Diesel,160,52.3,2.0
 3 Series,2015,17419,Manual,40219,Diesel,125,61.4,2.0
 2 Series,2017,17549,Manual,44011,Petrol,125,50.4,1.5
 2 Series,2016,14949,Manual,37537,Petrol,125,52.3,1.5
 3 Series,2015,17809,Automatic,85188,Diesel,145,53.3,3.0
 1 Series,2016,17549,Manual,29690,Petrol,125,52.3,1.5
 1 Series,2016,10990,Manual,76241,Diesel,0,83.1,1.5
 1 Series,2018,20669,Manual,25791,Petrol,145,52.3,1.5
 1 Series,2016,14819,Manual,24820,Diesel,0,78.5,1.5
 3 Series,2016,14299,Automatic,79248,Diesel,0,74.3,2.0
 1 Series,2016,12999,Manual,50232,Diesel,0,83.1,1.5
 X1,2016,17029,Manual,56046,Diesel,20,68.9,2.0
 2 Series,2016,15599,Manual,56953,Diesel,30,64.2,2.0
 X5,2015,27625,Automatic,78902,Diesel,160,50.4,2.0
 5 Series,2017,29249,Automatic,13022,Diesel,145,60.1,3.0
 3 Series,2011,8450,Manual,70418,Petrol,160,44.8,2.0
 i3,2016,24699,Automatic,9990,Electric,0,470.8,0.0
 3 Series,2016,17159,Manual,42170,Diesel,30,67.3,2.0
 2 Series,2017,23789,Automatic,22502,Diesel,145,55.4,2.0
 1 Series,2016,17654,Manual,36994,Petrol,125,52.3,1.5
 1 Series,2016,14689,Manual,29374,Petrol,125,53.3,1.5
 1 Series,2016,18849,Manual,13388,Petrol,125,52.3,1.5
 1 Series,2016,16730,Manual,23954,Petrol,125,52.3,1.5
 3 Series,2016,24569,Automatic,19300,Diesel,160,51.4,3.0
 2 Series,2016,14039,Manual,53653,Diesel,30,65.7,2.0
 2 Series,2016,15209,Manual,29719,Diesel,0,74.3,1.5
 3 Series,2014,11699,Manual,70968,Diesel,20,68.9,2.0
 4 Series,2016,20150,Automatic,67429,Petrol,145,48.7,2.0
 3 Series,2016,19353,Automatic,45716,Hybrid,0,134.5,2.0
 4 Series,2016,18069,Automatic,34990,Diesel,30,65.7,2.0
 1 Series,2012,12272,Automatic,48220,Diesel,30,62.8,2.0
 1 Series,2015,12739,Manual,49096,Diesel,20,68.9,2.0
 X1,2013,12349,Manual,45750,Diesel,160,51.4,2.0
 3 Series,2016,22238,Automatic,22019,Hybrid,0,148.7,2.0
 1 Series,2016,15287,Manual,55987,Diesel,20,70.6,1.5
 4 Series,2015,20799,Automatic,32558,Diesel,145,55.4,3.0
 3 Series,2018,23139,Automatic,18506,Diesel,145,64.2,2.0
 2 Series,2015,16184,Manual,23195,Diesel,20,74.3,1.5
 3 Series,2016,12284,Manual,97758,Diesel,20,72.4,2.0
 X1,2016,22094,Automatic,44016,Diesel,150,55.4,2.0
 X1,2015,9740,Manual,104000,Diesel,30,62.8,2.0
 X3,2015,15331,Automatic,113000,Diesel,145,54.3,2.0
 X3,2015,14288,Automatic,130000,Diesel,145,54.3,2.0
 1 Series,2014,7791,Manual,113000,Diesel,0,74.3,1.6
 4 Series,2017,27949,Automatic,16389,Diesel,145,51.4,3.0
 X5,2015,34450,Automatic,31885,Diesel,160,52.3,2.0
 3 Series,2016,17934,Automatic,57851,Diesel,30,64.2,2.0
 2 Series,2015,13918,Manual,27562,Diesel,20,68.9,2.0
 5 Series,2017,21593,Automatic,43316,Diesel,30,65.7,2.0
 4 Series,2016,19499,Automatic,48891,Diesel,30,62.8,2.0
 1 Series,2019,20786,Automatic,11153,Petrol,145,55.5,1.5
 4 Series,2017,25158,Automatic,36220,Diesel,145,65.7,2.0
 X5,2018,46800,Automatic,33000,Diesel,150,47.1,3.0
 4 Series,2018,26000,Automatic,35042,Diesel,145,65.7,2.0
 1 Series,2019,24700,Automatic,14759,Diesel,150,67.3,2.0
 3 Series,2018,27300,Automatic,15871,Diesel,150,64.2,2.0
 X3,2017,36919,Automatic,13955,Diesel,145,47.9,3.0
 3 Series,2009,5844,Manual,138026,Petrol,205,42.8,2.0
 2 Series,2016,17927,Manual,27255,Petrol,125,50.4,1.5
 1 Series,2016,12674,Manual,57277,Diesel,0,78.5,1.5
 3 Series,2015,11973,Automatic,98503,Diesel,30,65.7,2.0
 1 Series,2016,12609,Manual,52811,Diesel,0,83.1,1.5
 2 Series,2017,25427,Automatic,10131,Diesel,145,60.1,2.0
 3 Series,2018,25984,Manual,10877,Petrol,150,47.9,2.0
 X3,2015,29466,Automatic,32988,Diesel,205,47.1,3.0
 X5,2016,42249,Automatic,27851,Diesel,205,47.1,3.0
 X6,2015,38856,Automatic,31100,Diesel,205,44.8,3.0
 4 Series,2018,36386,Automatic,10077,Petrol,150,39.2,3.0
 2 Series,2015,16900,Automatic,38500,Diesel,20,68.9,2.0
 X1,2017,21954,Automatic,30687,Diesel,30,65.7,2.0
 1 Series,2017,19500,Automatic,46222,Petrol,145,47.9,2.0
 X5,2017,41600,Automatic,41567,Diesel,200,47.1,3.0
 X4,2016,33800,Automatic,27580,Diesel,205,47.9,3.0
 3 Series,2012,18070,Automatic,52000,Petrol,205,43.5,2.0
 3 Series,2019,44200,Automatic,4000,Diesel,150,47.9,3.0
 1 Series,2015,12610,Manual,48258,Diesel,30,65.7,2.0
 1 Series,2019,29900,Manual,5121,Petrol,145,44.1,1.5
 X2,2019,36400,Automatic,4773,Diesel,145,58.9,2.0
 X1,2019,32369,Manual,5322,Petrol,145,51.4,1.5
 3 Series,2014,13191,Manual,55150,Diesel,30,61.4,2.0
 X1,2016,19499,Manual,32794,Diesel,20,68.9,2.0
 X1,2016,21574,Manual,25913,Diesel,125,58.9,2.0
 5 Series,2016,20014,Automatic,33953,Diesel,30,62.8,2.0
 2 Series,2016,19889,Automatic,21594,Petrol,125,51.4,1.5
 4 Series,2014,15859,Manual,68000,Diesel,125,58.9,2.0
 4 Series,2016,20149,Manual,55802,Diesel,30,62.8,2.0
 X3,2016,28599,Automatic,25291,Diesel,145,54.3,2.0
 1 Series,2015,12857,Manual,30416,Diesel,0,78.5,1.5
 3 Series,2016,24427,Automatic,31000,Diesel,200,49.6,3.0
 1 Series,2014,11167,Manual,52447,Petrol,150,50.4,1.6
 2 Series,2017,18584,Manual,31453,Diesel,20,68.9,1.5
 X2,2018,25999,Automatic,27359,Diesel,145,52.3,2.0
 1 Series,2018,25994,Automatic,14449,Diesel,145,48.7,2.0
 X1,2016,23400,Automatic,32624,Diesel,125,57.6,2.0
 Z4,2017,23373,Automatic,21779,Petrol,200,41.5,2.0
 3 Series,2015,15908,Manual,56111,Diesel,30,64.2,2.0
 2 Series,2016,18194,Manual,38412,Diesel,30,64.2,2.0
 2 Series,2018,23399,Automatic,5301,Petrol,145,36.7,1.5
 2 Series,2015,16126,Automatic,39132,Petrol,125,53.3,1.5
 1 Series,2016,12970,Manual,47905,Diesel,0,78.5,1.5
 3 Series,2015,15209,Manual,42831,Diesel,20,68.9,2.0
 3 Series,2015,12705,Manual,71339,Diesel,30,67.3,2.0
 X7,2019,77984,Automatic,7791,Diesel,145,33.6,3.0
 X4,2016,30810,Automatic,30241,Diesel,200,47.9,3.0
 X3,2016,29900,Automatic,41462,Diesel,200,47.1,3.0
 1 Series,2015,21970,Automatic,39687,Petrol,235,37.7,3.0
 1 Series,2017,19402,Automatic,23786,Diesel,20,67.3,2.0
 6 Series,2015,21125,Automatic,72720,Diesel,160,49.6,3.0
 5 Series,2014,19132,Automatic,60389,Diesel,145,55.4,2.0
 1 Series,2017,15859,Manual,22361,Diesel,0,83.1,1.5
 5 Series,2015,20799,Automatic,55673,Diesel,160,49.6,3.0
 M4,2019,63686,Automatic,19,Petrol,145,32.5,3.0
 X4,2019,56550,Automatic,2380,Petrol,145,26.9,3.0
 M4,2019,59800,Automatic,2460,Petrol,145,34.0,3.0
 5 Series,2018,37700,Automatic,6500,Hybrid,140,156.9,2.0
 3 Series,2016,18979,Automatic,54518,Diesel,30,64.2,2.0
 X1,2016,20799,Manual,44434,Diesel,125,58.9,2.0
 4 Series,2016,20799,Manual,19684,Diesel,145,55.4,2.0
 1 Series,2015,18524,Automatic,24214,Diesel,30,64.2,2.0
 4 Series,2018,25999,Automatic,11631,Petrol,145,45.6,2.0
 1 Series,2011,27299,Manual,14200,Petrol,145,36.2,3.0
 3 Series,2015,16900,Automatic,45064,Diesel,20,74.3,2.0
 3 Series,2017,23400,Automatic,29000,Diesel,145,62.8,2.0
 1 Series,2017,25854,Automatic,17760,Diesel,145,61.4,2.0
 X3,2011,18200,Automatic,69117,Diesel,165,50.4,2.0
 3 Series,2015,18200,Automatic,66355,Diesel,125,60.1,2.0
 5 Series,2016,18685,Automatic,34424,Diesel,30,62.8,2.0
 5 Series,2016,18974,Automatic,37472,Diesel,20,68.9,2.0
 1 Series,2016,16054,Automatic,79212,Diesel,20,68.9,1.5
 1 Series,2015,13504,Manual,28640,Diesel,0,83.1,1.5
 2 Series,2016,19717,Automatic,27381,Diesel,20,68.9,1.5
 5 Series,2018,30160,Automatic,11868,Diesel,145,68.9,2.0
 3 Series,2016,21969,Automatic,15659,Hybrid,0,148.7,2.0
 3 Series,2016,13000,Manual,86800,Diesel,30,67.3,2.0
 5 Series,2014,14684,Automatic,96850,Diesel,160,51.4,2.0
 3 Series,2018,24439,Automatic,31150,Diesel,145,62.8,2.0
 2 Series,2018,26000,Automatic,20915,Diesel,145,49.6,2.0
 1 Series,2015,16899,Automatic,28571,Diesel,20,67.3,2.0
 1 Series,2014,11557,Manual,38484,Petrol,145,50.4,1.6
 2 Series,2017,20149,Automatic,17931,Diesel,30,67.3,2.0
 X3,2019,72800,Automatic,3771,Petrol,145,24.8,3.0
 1 Series,2019,40300,Automatic,2922,Petrol,145,34.5,2.0
 3 Series,2017,23264,Automatic,17088,Diesel,145,62.8,2.0
 1 Series,2018,29249,Automatic,9193,Petrol,145,32.5,3.0
 3 Series,2014,14034,Automatic,101040,Diesel,165,52.3,3.0
 5 Series,2015,14950,Automatic,79340,Diesel,30,62.8,2.0
 4 Series,2016,17934,Automatic,80950,Diesel,30,65.7,2.0
 3 Series,2015,15599,Manual,40461,Diesel,20,72.4,2.0
 5 Series,2015,18454,Automatic,46140,Diesel,30,62.8,2.0
 3 Series,2014,16900,Automatic,94450,Diesel,160,52.3,3.0
 1 Series,2014,9484,Manual,72910,Diesel,20,68.9,2.0
 2 Series,2016,15334,Automatic,67370,Petrol,125,50.4,2.0
 X3,2014,18200,Automatic,60590,Diesel,160,50.4,2.0
 1 Series,2015,14034,Manual,55820,Diesel,20,70.6,1.5
 4 Series,2015,13254,Automatic,110720,Diesel,125,61.4,2.0
 3 Series,2015,16250,Automatic,70620,Diesel,125,60.1,2.0
 4 Series,2015,19240,Automatic,33627,Diesel,145,56.5,2.0
 2 Series,2016,17160,Automatic,28918,Petrol,125,53.3,1.5
 3 Series,2016,20539,Manual,27218,Petrol,235,38.7,2.0
 4 Series,2017,28209,Automatic,13907,Diesel,145,55.4,3.0
 4 Series,2016,22749,Automatic,35399,Diesel,145,55.4,3.0
 5 Series,2016,20409,Automatic,34609,Diesel,30,62.8,2.0
 X1,2013,14169,Automatic,42073,Diesel,160,52.3,2.0
 1 Series,2012,9620,Automatic,43835,Petrol,145,48.7,1.6
 2 Series,2018,17939,Manual,13369,Diesel,145,65.7,1.5
 1 Series,2016,17680,Automatic,19277,Diesel,30,62.8,2.0
 3 Series,2015,18850,Automatic,54305,Diesel,125,60.1,2.0
 2 Series,2016,17550,Automatic,62140,Hybrid,0,141.2,1.5
 2 Series,2016,17809,Manual,62379,Diesel,30,62.8,2.0
 2 Series,2016,15600,Automatic,78459,Diesel,20,68.9,2.0
 2 Series,2017,18589,Automatic,69241,Diesel,125,60.1,2.0
 5 Series,2015,12350,Manual,91498,Diesel,125,61.4,2.0
 2 Series,2017,19500,Automatic,49186,Petrol,145,50.4,1.5
 1 Series,2018,16249,Manual,26146,Diesel,145,78.5,1.5
 4 Series,2015,19142,Automatic,49256,Diesel,125,60.1,2.0
 X4,2015,25350,Manual,39824,Diesel,160,52.3,2.0
 6 Series,2013,21060,Automatic,36049,Diesel,160,49.6,3.0
 3 Series,2015,16796,Automatic,48250,Diesel,30,64.2,2.0
 X3,2016,24960,Automatic,46837,Diesel,200,47.9,3.0
 3 Series,2016,19922,Automatic,20889,Hybrid,0,148.7,2.0
 3 Series,2015,13292,Manual,91246,Diesel,125,61.4,2.0
 4 Series,2015,27300,Automatic,17006,Petrol,235,38.2,3.0
 2 Series,2015,13514,Manual,63980,Diesel,20,74.3,1.5
 4 Series,2016,18200,Automatic,89200,Diesel,30,65.7,2.0
 X3,2015,17284,Automatic,110860,Diesel,145,54.3,2.0
 1 Series,2017,13650,Manual,81980,Diesel,30,65.7,2.0
 1 Series,2015,20475,Automatic,44715,Petrol,235,37.7,3.0
 3 Series,2014,18850,Automatic,10303,Diesel,30,62.8,2.0
 3 Series,2017,24049,Automatic,10501,Hybrid,135,148.7,2.0
 1 Series,2016,15244,Manual,34240,Diesel,20,68.9,2.0
 1 Series,2013,9750,Manual,63861,Diesel,30,65.7,2.0
 1 Series,2016,14300,Manual,56121,Petrol,125,52.3,1.5
 5 Series,2013,12089,Automatic,88004,Diesel,125,57.6,2.0
 4 Series,2015,16900,Automatic,106220,Diesel,160,51.4,3.0
 5 Series,2014,15600,Automatic,73500,Diesel,30,62.8,2.0
 5 Series,2015,13000,Automatic,131520,Diesel,125,60.1,2.0
 3 Series,2011,8314,Automatic,79210,Diesel,145,53.3,2.0
 2 Series,2016,14300,Manual,79060,Diesel,30,64.2,2.0
 4 Series,2016,17284,Automatic,84140,Diesel,30,65.7,2.0
 1 Series,2018,15989,Manual,38164,Diesel,145,78.5,1.5
 1 Series,2013,10009,Manual,51988,Diesel,0,74.3,1.6
 3 Series,2013,10399,Manual,76429,Diesel,20,68.9,2.0
 1 Series,2013,13000,Automatic,60260,Diesel,30,64.2,2.0
 1 Series,2014,14300,Automatic,71700,Diesel,125,60.1,2.0
 2 Series,2015,12344,Automatic,91620,Diesel,30,61.4,2.0
 X1,2014,12350,Manual,54630,Diesel,160,51.4,2.0
 1 Series,2016,18849,Manual,17467,Diesel,30,62.8,2.0
 1 Series,2016,13668,Manual,39512,Diesel,0,78.5,1.5
 1 Series,2015,13452,Automatic,57570,Diesel,0,74.3,2.0
 X1,2017,24810,Automatic,36983,Diesel,145,57.6,2.0
 3 Series,2017,21770,Automatic,32230,Diesel,30,64.2,2.0
 3 Series,2017,21450,Automatic,42205,Diesel,150,62.8,2.0
 1 Series,2014,19500,Manual,44514,Petrol,305,35.3,3.0
 3 Series,2017,25350,Automatic,35303,Hybrid,0,134.5,2.0
 X1,2018,28340,Automatic,10947,Diesel,145,60.1,2.0
 1 Series,2017,17550,Manual,16681,Diesel,150,68.9,0.0
 X1,2018,28340,Automatic,12208,Diesel,150,60.1,2.0
 5 Series,2015,16510,Automatic,50000,Diesel,20,68.9,2.0
 3 Series,2017,22100,Automatic,45000,Other,140,134.5,2.0
 4 Series,2015,21190,Automatic,57920,Diesel,165,51.4,3.0
 5 Series,2016,22750,Automatic,36155,Diesel,160,51.4,3.0
 3 Series,2016,21450,Automatic,23340,Diesel,30,64.2,2.0
 1 Series,2016,15470,Manual,26093,Petrol,125,53.3,1.5
 1 Series,2016,17290,Automatic,32404,Petrol,30,55.5,1.5
 1 Series,2015,14560,Automatic,48282,Diesel,20,70.6,2.0
 4 Series,2017,18200,Automatic,53639,Diesel,145,70.6,2.0
 2 Series,2017,18590,Automatic,7861,Petrol,30,55.4,1.5
 1 Series,2016,12220,Manual,58719,Diesel,20,72.4,1.5
 X5,2017,38610,Automatic,31000,Diesel,150,47.1,3.0
 4 Series,2016,20800,Automatic,39708,Diesel,30,65.7,2.0
 X5,2015,30940,Automatic,54248,Diesel,200,47.1,3.0
 X5,2018,42510,Automatic,17552,Diesel,145,45.6,3.0
 5 Series,2017,29250,Automatic,25000,Diesel,150,62.8,2.0
 5 Series,2018,29250,Automatic,34000,Diesel,150,62.8,2.0
 1 Series,2014,15600,Manual,15520,Diesel,30,64.2,2.0
 1 Series,2018,17030,Automatic,33372,Petrol,145,58.9,1.5
 i3,2017,25090,Automatic,32867,Other,0,470.8,0.6
 1 Series,2017,14820,Manual,37000,Petrol,125,53.3,1.5
 1 Series,2015,17940,Automatic,29867,Diesel,30,65.7,2.0
 2 Series,2018,19494,Automatic,13889,Petrol,145,55.4,1.5
 3 Series,2016,16380,Automatic,52125,Diesel,20,70.6,2.0
 2 Series,2016,14690,Automatic,34090,Diesel,20,72.4,1.5
 1 Series,2016,12740,Manual,57178,Diesel,20,72.4,1.5
 X1,2017,19760,Manual,24607,Diesel,125,60.1,2.0
 1 Series,2013,13520,Automatic,35000,Diesel,30,64.2,2.0
 3 Series,2017,18460,Manual,18059,Petrol,150,48.7,2.0
 1 Series,2018,21060,Automatic,9856,Petrol,145,55.5,1.5
 3 Series,2016,20280,Automatic,26267,Diesel,20,70.6,2.0
 4 Series,2015,24960,Automatic,41670,Diesel,200,47.9,3.0
 1 Series,2013,9750,Manual,67708,Diesel,0,74.3,1.6
 5 Series,2013,14040,Automatic,73000,Diesel,125,57.6,2.0
 2 Series,2016,16250,Manual,22500,Petrol,30,57.6,1.5
 1 Series,2018,16640,Automatic,38527,Petrol,145,58.9,1.5
 1 Series,2017,19760,Automatic,26660,Diesel,20,67.3,2.0
 1 Series,2016,19760,Automatic,23377,Diesel,30,65.7,2.0
 5 Series,2016,17550,Automatic,61425,Diesel,125,60.1,2.0
 4 Series,2016,23530,Automatic,39891,Diesel,145,53.3,3.0
 1 Series,2015,20150,Manual,45853,Petrol,300,35.3,3.0
 X3,2017,28340,Automatic,35428,Diesel,145,54.3,2.0
 3 Series,2017,18590,Automatic,36178,Diesel,150,70.6,2.0
 1 Series,2015,15990,Automatic,32694,Diesel,20,72.4,1.5
 1 Series,2017,15340,Manual,38356,Diesel,145,83.1,1.5
 1 Series,2016,15990,Manual,16483,Petrol,125,53.3,1.5
 1 Series,2016,16510,Manual,14634,Petrol,125,53.3,1.5
 1 Series,2017,17810,Manual,14232,Petrol,125,53.3,1.5
 4 Series,2016,23140,Automatic,24085,Diesel,30,65.7,2.0
 1 Series,2014,15210,Automatic,29626,Petrol,125,50.4,1.6
 5 Series,2017,28990,Automatic,12727,Diesel,150,65.7,2.0
 1 Series,2018,18590,Manual,13778,Petrol,150,53.3,1.5
 3 Series,2018,27690,Automatic,11258,Diesel,145,64.2,2.0
 3 Series,2018,20930,Automatic,44155,Diesel,145,60.1,2.0
 X1,2018,29380,Automatic,11070,Petrol,145,44.8,2.0
 1 Series,2016,13910,Manual,27382,Diesel,0,83.1,1.5
 1 Series,2013,12610,Manual,58689,Petrol,145,47.9,1.6
 5 Series,2012,14690,Automatic,47185,Diesel,125,57.6,2.0
 1 Series,2015,16185,Automatic,54789,Diesel,30,65.7,2.0
 3 Series,2015,16510,Automatic,49122,Diesel,30,67.3,2.0
 3 Series,2016,18850,Automatic,52000,Diesel,30,64.2,2.0
 3 Series,2016,22620,Automatic,61852,Diesel,200,49.6,3.0
 4 Series,2017,26650,Automatic,24231,Diesel,145,55.4,3.0
 2 Series,2016,19500,Manual,14395,Petrol,145,47.1,1.5
 1 Series,2015,21190,Manual,34271,Petrol,300,35.3,3.0
 3 Series,2014,12350,Manual,58470,Diesel,30,62.8,2.0
 X4,2016,31200,Automatic,25465,Diesel,200,47.9,3.0
 3 Series,2016,21450,Automatic,36584,Diesel,30,62.8,2.0
 4 Series,2017,25350,Automatic,32632,Diesel,125,58.9,2.0
 3 Series,2019,21840,Manual,13648,Diesel,145,62.8,2.0
 3 Series,2015,18200,Manual,33021,Diesel,125,60.1,2.0
 X5,2016,37700,Automatic,20851,Diesel,200,47.1,3.0
 X3,2016,27300,Automatic,31955,Diesel,150,54.3,2.0
 3 Series,2017,18720,Manual,14358,Petrol,150,48.7,2.0
 4 Series,2017,22100,Manual,21869,Petrol,150,46.3,2.0
 1 Series,2012,9080,Manual,72300,Diesel,30,62.8,2.0
 3 Series,2014,12994,Automatic,103000,Diesel,125,60.1,2.0
 2 Series,2017,18460,Manual,7329,Petrol,125,52.3,1.5
 4 Series,2018,23400,Automatic,27000,Petrol,150,48.7,2.0
 2 Series,2016,15925,Manual,20905,Petrol,125,52.3,1.5
 1 Series,2017,15405,Manual,29227,Petrol,125,53.3,1.5
 X3,2017,25740,Automatic,38636,Diesel,145,54.3,2.0
 4 Series,2018,27300,Automatic,15865,Petrol,145,48.7,2.0
 1 Series,2014,21710,Automatic,32271,Petrol,235,37.7,3.0
 2 Series,2016,20020,Manual,6593,Diesel,20,68.9,1.5
 1 Series,2015,15730,Manual,15113,Diesel,20,72.4,1.5
 3 Series,2016,18850,Automatic,30284,Diesel,30,65.7,2.0
 5 Series,2017,28600,Automatic,38002,Diesel,145,60.1,2.0
 4 Series,2017,24440,Automatic,19708,Diesel,145,65.7,2.0
 6 Series,2017,30420,Automatic,23954,Petrol,260,36.7,3.0
 5 Series,2016,23400,Automatic,32868,Diesel,125,60.1,2.0
 3 Series,2018,23400,Manual,45344,Diesel,145,64.2,2.0
 3 Series,2018,27300,Automatic,17932,Diesel,145,64.2,2.0
 1 Series,2019,22880,Automatic,12839,Diesel,145,70.6,2.0
 1 Series,2019,20800,Automatic,9119,Petrol,150,38.7,1.5
 4 Series,2016,20800,Manual,33650,Petrol,160,44.8,2.0
 1 Series,2001,16900,Manual,22633,Petrol,125,53.3,0.0
 1 Series,2016,15600,Manual,30445,Petrol,125,53.3,1.5
 1 Series,2017,16640,Manual,30521,Diesel,145,68.9,0.0
 4 Series,2017,22100,Manual,36163,Diesel,145,62.8,2.0
 3 Series,2018,23400,Automatic,23611,Diesel,150,64.2,0.0
 X3,2011,12994,Automatic,76000,Diesel,165,50.4,2.0
 3 Series,2016,19240,Automatic,65000,Diesel,125,57.6,2.0
 4 Series,2016,18135,Manual,43480,Diesel,30,62.8,2.0
 3 Series,2018,26000,Automatic,27725,Diesel,145,64.2,2.0
 3 Series,2015,18850,Automatic,16255,Diesel,30,65.7,2.0
 1 Series,2016,14300,Manual,34683,Diesel,0,83.1,1.5
 3 Series,2018,23400,Automatic,24716,Diesel,150,64.2,0.0
 1 Series,2016,17810,Manual,36948,Diesel,30,62.8,2.0
 1 Series,2016,16120,Manual,24528,Diesel,20,68.9,0.0
 M4,2015,37050,Semi-Auto,40000,Petrol,305,34.0,3.0
 2 Series,2017,17290,Manual,19029,Petrol,150,52.3,1.5
 2 Series,2017,18720,Automatic,25975,Petrol,150,53.3,1.5
 1 Series,2016,16250,Manual,11734,Petrol,125,53.3,1.5
 X1,2016,19500,Manual,13449,Diesel,20,68.9,2.0
 1 Series,2017,14820,Manual,40000,Diesel,20,72.4,1.5
 2 Series,2019,25025,Automatic,13414,Petrol,150,50.4,1.5
 3 Series,2016,24700,Automatic,26114,Diesel,145,53.3,3.0
 4 Series,2015,19760,Automatic,49450,Diesel,20,62.8,2.0
 1 Series,2018,20540,Manual,2901,Petrol,145,37.7,1.5
 3 Series,2016,17940,Manual,19401,Diesel,30,67.3,2.0
 3 Series,2017,24700,Automatic,19345,Diesel,150,64.2,2.0
 1 Series,2017,16900,Manual,24104,Petrol,125,53.3,1.5
 3 Series,2016,24050,Automatic,24585,Diesel,145,56.5,3.0
 1 Series,2016,15990,Manual,30856,Diesel,20,68.9,2.0
 3 Series,2018,21060,Automatic,40151,Diesel,145,67.3,2.0
 3 Series,2018,26650,Automatic,28918,Diesel,145,64.2,2.0
 1 Series,2018,19890,Manual,36469,Diesel,150,50.4,1.5
 2 Series,2018,22100,Automatic,20000,Petrol,150,50.4,1.5
 5 Series,2019,33800,Automatic,13000,Diesel,145,65.7,2.0
 1 Series,2019,23400,Automatic,11961,Diesel,145,47.9,1.5
 1 Series,2015,17940,Automatic,39141,Diesel,30,65.7,2.0
 1 Series,2014,16640,Manual,10503,Petrol,145,50.4,1.6
 1 Series,2019,18850,Manual,30372,Petrol,145,53.3,1.5
 2 Series,2016,19500,Automatic,17097,Diesel,20,68.9,0.0
 1 Series,2017,19500,Automatic,17392,Petrol,30,55.5,1.5
 3 Series,2018,20540,Manual,27692,Diesel,145,68.9,2.0
 X1,2015,23010,Automatic,27460,Diesel,125,57.6,2.0
 2 Series,2017,22100,Automatic,33000,Diesel,145,65.7,2.0
 3 Series,2017,17550,Automatic,48704,Petrol,125,51.4,2.0
 X1,2017,21190,Manual,27473,Diesel,125,58.9,2.0
 2 Series,2017,16510,Manual,22397,Petrol,125,52.3,1.5
 1 Series,2018,19110,Automatic,16313,Petrol,145,55.5,1.5
 X2,2018,26650,Automatic,6471,Diesel,145,52.3,2.0
 3 Series,2017,21580,Automatic,50000,Other,0,134.5,2.0
 3 Series,2015,27287,Manual,17620,Petrol,265,36.7,3.0
 1 Series,2016,25077,Automatic,28451,Petrol,240,37.7,3.0
 1 Series,2017,21840,Automatic,22396,Petrol,145,54.3,1.5
 3 Series,2016,21970,Automatic,38480,Hybrid,0,148.7,2.0
 3 Series,2016,21450,Automatic,42298,Diesel,125,60.1,2.0
 3 Series,2015,20280,Automatic,33452,Diesel,30,64.2,2.0
 X1,2016,19500,Manual,32313,Diesel,20,68.9,2.0
 1 Series,2018,16510,Automatic,35742,Petrol,145,58.9,1.5
 3 Series,2017,17875,Manual,27779,Petrol,150,48.7,2.0
 X1,2017,20020,Manual,18000,Diesel,20,68.9,2.0
 2 Series,2017,17420,Automatic,49264,Diesel,150,62.8,2.0
 1 Series,2015,16640,Manual,37391,Diesel,30,65.7,2.0
 3 Series,2016,21710,Automatic,52880,Hybrid,0,134.5,2.0
 3 Series,2016,15990,Manual,32759,Diesel,20,72.4,2.0
 1 Series,2015,20137,Automatic,31141,Diesel,30,64.2,2.0
 5 Series,2014,19487,Automatic,55306,Diesel,125,57.6,2.0
 X1,2016,22100,Manual,41377,Diesel,125,58.9,2.0
 4 Series,2017,25740,Automatic,23609,Diesel,125,60.1,2.0
 1 Series,2016,20410,Manual,19732,Diesel,30,62.8,2.0
 1 Series,2017,16770,Automatic,42159,Diesel,150,70.6,2.0
 2 Series,2017,15600,Automatic,39370,Diesel,150,68.9,2.0
 2 Series,2017,19500,Automatic,36729,Diesel,30,67.3,2.0
 2 Series,2016,19760,Automatic,24146,Diesel,30,65.7,2.0
 1 Series,2019,23140,Manual,7218,Petrol,150,52.3,1.5
 X1,2017,22100,Manual,18000,Diesel,125,58.9,2.0
 8 Series,2019,96070,Automatic,953,Petrol,145,26.9,4.4
 4 Series,2019,34437,Automatic,6751,Petrol,145,48.7,2.0
 3 Series,2018,25740,Automatic,29473,Diesel,145,64.2,2.0
 1 Series,2014,15600,Automatic,34795,Diesel,30,64.2,2.0
 3 Series,2013,11050,Manual,49884,Petrol,145,47.9,1.6
 2 Series,2017,21190,Automatic,36869,Petrol,145,47.9,2.0
 3 Series,2016,21580,Automatic,31741,Diesel,20,65.7,2.0
 3 Series,2015,20410,Automatic,42492,Diesel,145,56.5,3.0
 2 Series,2018,25480,Manual,15621,Diesel,145,60.1,2.0
 X5,2017,39000,Automatic,23882,Diesel,145,47.1,3.0
 1 Series,2018,25987,Automatic,20022,Diesel,150,48.7,2.0
 1 Series,2017,27820,Automatic,23000,Petrol,205,39.8,3.0
 2 Series,2017,21320,Automatic,8012,Petrol,150,53.3,1.5
 3 Series,2018,23394,Automatic,17500,Petrol,150,54.3,1.5
 4 Series,2019,37050,Automatic,5123,Petrol,145,48.7,2.0
 3 Series,2020,42120,Automatic,2121,Diesel,145,52.3,2.0
 X3,2019,46670,Automatic,4078,Petrol,145,30.4,2.0
 4 Series,2016,25077,Automatic,44675,Diesel,125,58.9,2.0
 X5,2015,46020,Automatic,27947,Diesel,235,42.8,3.0
 2 Series,2019,28587,Manual,1243,Petrol,145,42.2,1.5
 2 Series,2015,17277,Automatic,27419,Diesel,30,55.4,2.0
 X1,2017,28600,Automatic,14105,Diesel,150,60.1,2.0
 X1,2017,28600,Automatic,10048,Diesel,150,60.1,2.0
 X1,2017,23790,Automatic,43147,Diesel,145,57.6,2.0
 1 Series,2013,14300,Manual,37012,Diesel,30,62.8,2.0
 1 Series,2018,22750,Manual,4971,Petrol,150,52.3,1.5
 1 Series,2017,19500,Automatic,15592,Petrol,30,55.5,1.5
 2 Series,2016,25610,Automatic,26193,Petrol,260,37.2,3.0
 2 Series,2016,17420,Manual,35437,Diesel,30,64.2,2.0
 1 Series,2015,15600,Manual,48489,Diesel,30,65.7,2.0
 2 Series,2014,18187,Manual,42947,Petrol,205,42.8,2.0
 X5,2016,34970,Automatic,17303,Diesel,205,47.9,3.0
 3 Series,2018,24687,Automatic,42967,Petrol,150,48.7,2.0
 2 Series,2015,18070,Automatic,29867,Diesel,30,68.9,2.0
 3 Series,2016,22620,Automatic,32500,Diesel,30,64.2,2.0
 1 Series,2017,22087,Automatic,23000,Diesel,30,65.7,2.0
 2 Series,2018,25740,Automatic,10764,Petrol,145,47.9,2.0
 X3,2017,30030,Automatic,35903,Diesel,145,54.3,2.0
 1 Series,2017,16884,Manual,42069,Diesel,20,68.9,2.0
 1 Series,2013,14820,Manual,59824,Diesel,125,58.9,2.0
 3 Series,2014,20397,Automatic,44900,Diesel,125,58.9,2.0
 1 Series,2014,16887,Manual,34902,Petrol,145,50.4,1.6
 2 Series,2016,26780,Automatic,22901,Petrol,260,37.2,3.0
 5 Series,2017,35087,Automatic,20508,Diesel,145,56.5,3.0
 1 Series,2017,20020,Automatic,57414,Diesel,145,68.9,1.5
 1 Series,2013,18837,Manual,34628,Petrol,145,52.3,1.6
 4 Series,2015,24687,Automatic,24102,Diesel,145,56.5,2.0
 3 Series,2019,40936,Automatic,7834,Diesel,145,49.6,2.0
 X4,2020,58369,Automatic,100,Petrol,145,26.9,3.0
 3 Series,2020,45370,Automatic,100,Diesel,145,50.4,2.0
 3 Series,2020,51870,Automatic,13,Diesel,145,44.1,3.0
 X6,2019,76570,Automatic,15,Diesel,145,34.9,3.0
 3 Series,2016,15600,Manual,42119,Diesel,30,67.3,2.0
 5 Series,2014,17550,Automatic,41522,Diesel,30,62.8,2.0
 1 Series,2015,17680,Automatic,38046,Diesel,20,67.3,2.0
 1 Series,2017,20540,Automatic,30257,Diesel,145,68.9,2.0
 X4,2018,36140,Automatic,17878,Diesel,145,54.3,2.0
 4 Series,2016,22490,Automatic,32837,Diesel,30,65.7,2.0
 3 Series,2015,17030,Manual,36801,Diesel,30,61.4,2.0
 X1,2016,22620,Manual,28999,Diesel,125,58.9,2.0
 5 Series,2017,29120,Automatic,16942,Petrol,145,48.7,2.0
 3 Series,2018,29640,Automatic,18627,Petrol,145,47.9,2.0
 2 Series,2018,24037,Automatic,7913,Diesel,145,56.5,1.5
 4 Series,2015,21970,Automatic,57317,Petrol,160,44.8,2.0
 i3,2015,22620,Automatic,29465,Electric,0,470.8,1.0
 X3,2018,40287,Automatic,13034,Diesel,145,54.3,2.0
 1 Series,2017,28587,Automatic,13905,Petrol,145,39.8,3.0
 3 Series,2014,20137,Manual,47701,Diesel,145,55.4,2.0
 1 Series,2015,14937,Manual,62538,Petrol,30,56.5,1.5
 4 Series,2018,29770,Automatic,15814,Petrol,145,48.7,2.0
 X1,2019,35087,Automatic,7288,Petrol,145,39.8,2.0
 Z4,2020,51987,Automatic,1784,Petrol,150,33.2,3.0
 2 Series,2015,16497,Manual,29400,Diesel,20,68.9,2.0
 3 Series,2019,44057,Automatic,2993,Diesel,150,47.9,3.0
 1 Series,2018,24694,Automatic,11885,Petrol,150,36.7,2.0
 X1,2020,43420,Manual,321,Diesel,145,50.4,2.0
 3 Series,2020,57070,Automatic,11,Petrol,145,34.9,3.0
 i8,2015,58487,Automatic,43323,Hybrid,0,134.5,1.5
 3 Series,2014,12350,Automatic,75083,Diesel,20,68.9,2.0
 3 Series,2015,16900,Manual,34533,Diesel,125,60.1,2.0
 3 Series,2016,13000,Automatic,84878,Diesel,0,74.3,2.0
 3 Series,2015,25597,Automatic,47741,Diesel,200,49.6,3.0
 6 Series,2015,24687,Automatic,62953,Diesel,160,51.4,3.0
 3 Series,2016,26520,Automatic,40421,Diesel,160,51.4,3.0
 2 Series,2019,31070,Automatic,2426,Diesel,145,47.1,2.0
 3 Series,2016,20020,Manual,21854,Petrol,145,48.7,2.0
 2 Series,2018,25987,Automatic,19234,Diesel,145,47.1,2.0
 X3,2016,28587,Automatic,35121,Diesel,145,54.3,2.0
 3 Series,2014,18850,Automatic,45140,Diesel,125,57.6,3.0
 3 Series,2016,13000,Automatic,104720,Petrol,125,51.4,1.5
 4 Series,2016,16900,Automatic,129590,Petrol,150,48.7,2.0
 2 Series,2016,18194,Manual,36250,Diesel,30,64.2,2.0
 3 Series,2007,7534,Automatic,83350,Petrol,325,31.4,3.0
 3 Series,2020,38337,Automatic,12,Petrol,145,42.2,2.0
 3 Series,2019,34969,Automatic,11512,Diesel,145,52.3,2.0
 1 Series,2019,35086,Automatic,5444,Diesel,145,51.4,2.0
 3 Series,2020,45370,Automatic,10,Petrol,145,40.4,2.0
 3 Series,2018,26897,Automatic,16986,Diesel,145,64.2,2.0
 2 Series,2016,18070,Manual,38811,Diesel,20,68.9,1.5
 5 Series,2016,18849,Automatic,53689,Diesel,30,62.8,2.0
 2 Series,2014,14300,Manual,37148,Diesel,30,62.8,2.0
 1 Series,2014,12350,Manual,36672,Diesel,30,65.7,2.0
 X1,2016,18199,Manual,30466,Diesel,20,68.9,2.0
 2 Series,2016,15599,Automatic,68945,Diesel,20,68.9,1.5
 1 Series,2016,22359,Manual,18706,Petrol,260,36.2,3.0
 3 Series,2012,9750,Manual,75453,Diesel,30,62.8,2.0
 2 Series,2017,21450,Manual,66410,Petrol,260,36.2,3.0
 5 Series,2014,15204,Automatic,65520,Diesel,30,62.8,2.0
 3 Series,2014,18850,Automatic,48760,Diesel,125,57.6,3.0
 1 Series,2014,8834,Manual,102520,Diesel,30,62.8,2.0
 3 Series,2015,16250,Automatic,107940,Diesel,145,56.5,3.0
 4 Series,2016,15600,Automatic,117230,Diesel,30,65.7,2.0
 X3,2015,16900,Manual,105320,Diesel,160,52.3,2.0
 1 Series,2016,10400,Manual,101980,Diesel,20,68.9,2.0
 2 Series,2015,9614,Manual,100230,Diesel,20,68.9,2.0
 4 Series,2015,18200,Automatic,58900,Diesel,30,65.7,2.0
 3 Series,2015,17284,Automatic,76720,Diesel,165,51.4,3.0
 1 Series,2018,17452,Manual,22045,Petrol,150,53.3,1.5
 3 Series,2016,14625,Automatic,70600,Diesel,30,70.6,2.0
 3 Series,2016,18454,Automatic,56140,Hybrid,0,148.7,2.0
 5 Series,2016,15984,Automatic,97930,Diesel,125,60.1,2.0
 2 Series,2016,13650,Manual,83200,Diesel,30,64.2,2.0
 3 Series,2017,18199,Manual,23608,Petrol,150,48.7,2.0
 1 Series,2013,13162,Manual,61040,Petrol,205,42.8,2.0
 7 Series,2006,6494,Automatic,81000,Diesel,325,34.4,3.0
 3 Series,2009,5454,Manual,70000,Petrol,165,47.9,2.0
 1 Series,2014,13514,Manual,25000,Diesel,0,74.3,1.6
 3 Series,2017,19955,Automatic,40244,Diesel,30,64.2,2.0
 1 Series,2016,14950,Manual,54156,Diesel,30,65.7,2.0
 1 Series,2018,17875,Manual,17613,Petrol,145,37.7,1.5
 X1,2016,22392,Manual,17531,Diesel,125,58.9,2.0
 3 Series,2017,11434,Manual,108190,Diesel,30,62.8,2.0
 1 Series,2015,13904,Automatic,52770,Petrol,145,48.7,1.6
 3 Series,2014,10400,Manual,99920,Diesel,125,58.9,2.0
 3 Series,2016,18584,Automatic,94810,Hybrid,0,134.5,2.0
 3 Series,2014,11434,Manual,130340,Diesel,145,55.4,2.0
 5 Series,2016,14300,Automatic,100170,Diesel,20,68.9,2.0
 3 Series,2016,25344,Automatic,27500,Diesel,160,51.4,3.0
 3 Series,2014,14684,Automatic,52117,Diesel,30,62.8,2.0
 3 Series,2015,18174,Automatic,36816,Diesel,30,70.6,2.0
 3 Series,2009,7404,Semi-Auto,110931,Diesel,160,51.4,2.0
 4 Series,2015,19494,Manual,51611,Diesel,125,58.9,2.0
 7 Series,2014,18199,Automatic,53329,Diesel,160,50.4,3.0
 X1,2017,22489,Automatic,35779,Diesel,145,55.4,2.0
 3 Series,2015,11050,Manual,71915,Diesel,20,68.9,2.0
 2 Series,2017,21255,Automatic,13750,Diesel,145,62.8,2.0
 X1,2013,12994,Manual,44013,Diesel,160,51.4,2.0
 3 Series,2015,13000,Automatic,99530,Diesel,30,67.3,2.0
 3 Series,2016,18584,Automatic,86060,Hybrid,0,134.5,2.0
 3 Series,2015,12350,Manual,128850,Diesel,145,56.5,2.0
 X3,2016,20150,Manual,72070,Diesel,160,52.3,2.0
 X3,2016,21184,Automatic,81050,Diesel,150,54.3,2.0
 5 Series,2016,11700,Manual,93240,Diesel,30,65.7,2.0
 1 Series,2015,15204,Automatic,58620,Diesel,20,67.3,2.0
 3 Series,2010,4940,Manual,156800,Diesel,125,58.9,2.0
 3 Series,2012,11680,Automatic,67458,Diesel,30,62.8,2.0
 4 Series,2014,18188,Automatic,44042,Diesel,125,57.7,2.0
 X1,2012,10380,Automatic,82570,Diesel,150,56.5,2.0
 X3,2015,18180,Automatic,77120,Diesel,150,54.3,2.0
 X5,2013,27300,Automatic,52000,Diesel,200,45.6,3.0
 3 Series,2013,12336,Manual,52757,Diesel,30,62.8,2.0
 3 Series,2017,24699,Automatic,24658,Hybrid,0,134.5,2.0
 5 Series,2016,20149,Automatic,35487,Diesel,30,65.7,2.0
 2 Series,2015,19110,Automatic,32882,Diesel,125,60.1,0.0
 2 Series,2016,19499,Manual,21985,Petrol,160,44.1,2.0
 5 Series,2013,14689,Automatic,73876,Diesel,145,55.4,3.0
 1 Series,2016,13519,Manual,33546,Diesel,0,83.1,1.5
 3 Series,2013,14294,Manual,45883,Diesel,30,62.8,2.0
 3 Series,2016,22094,Automatic,14867,Diesel,145,56.5,3.0
 5 Series,2014,18194,Automatic,48280,Diesel,30,62.8,2.0
 1 Series,2015,13644,Manual,27000,Diesel,0,78.5,1.5
 5 Series,2016,16242,Automatic,49305,Diesel,20,68.9,2.0
 5 Series,2016,17809,Automatic,36813,Diesel,20,68.9,2.0
 X1,2016,20792,Manual,24984,Diesel,125,58.9,2.0
 X5,2018,62392,Automatic,19750,Diesel,140,47.1,3.0
 3 Series,2007,7792,Automatic,118000,Diesel,300,38.2,3.0
 2 Series,2016,12739,Automatic,67170,Diesel,20,72.4,1.5
 3 Series,2015,18199,Manual,40430,Diesel,145,56.5,2.0
 5 Series,2015,15599,Automatic,74014,Diesel,30,62.8,2.0
 3 Series,2017,24699,Automatic,29528,Diesel,145,64.2,2.0
 3 Series,2015,15599,Manual,40814,Diesel,20,68.9,2.0
 4 Series,2016,24049,Automatic,60018,Diesel,160,49.6,3.0
 4 Series,2016,20149,Manual,32157,Petrol,200,42.8,2.0
 3 Series,2018,27560,Automatic,13590,Diesel,150,64.2,2.0
 3 Series,2018,23400,Automatic,24240,Diesel,150,64.2,0.0
 2 Series,2015,11694,Automatic,64888,Diesel,20,68.9,2.0
 3 Series,2016,22099,Manual,18520,Petrol,200,43.5,2.0
 1 Series,2015,12349,Manual,54228,Diesel,0,83.1,1.5
 1 Series,2013,9619,Manual,58149,Diesel,0,74.3,1.6
 5 Series,2017,32499,Automatic,5336,Hybrid,135,156.9,2.0
 4 Series,2015,20149,Manual,32423,Diesel,145,53.3,2.0
 5 Series,2017,28859,Automatic,21319,Diesel,145,62.8,2.0
 5 Series,2014,19175,Automatic,20741,Diesel,30,62.8,2.0
 1 Series,2015,15677,Automatic,69758,Diesel,125,60.1,2.0
 2 Series,2017,18200,Manual,18234,Petrol,145,52.3,1.5
 1 Series,2016,13779,Manual,27636,Diesel,0,83.1,1.5
 3 Series,2011,6492,Manual,112000,Diesel,30,62.8,2.0
 5 Series,2013,14300,Automatic,86000,Diesel,160,51.4,2.0
 1 Series,2012,8450,Manual,93000,Diesel,30,62.8,2.0
 1 Series,2017,25675,Automatic,29000,Petrol,205,39.8,3.0
 5 Series,2014,14950,Automatic,92000,Diesel,125,57.6,2.0
 1 Series,2013,10400,Manual,50000,Petrol,145,49.6,1.6
 3 Series,2017,17159,Automatic,54962,Diesel,145,74.3,2.0
 5 Series,2016,21319,Automatic,45036,Petrol,160,44.8,2.0
 2 Series,2016,13942,Manual,45930,Petrol,145,48.7,1.5
 X1,2016,19759,Automatic,41571,Diesel,125,60.1,2.0
 4 Series,2016,18199,Manual,45253,Diesel,30,67.3,2.0
 1 Series,2014,12999,Manual,63169,Diesel,30,64.2,2.0
 3 Series,2017,19954,Automatic,53347,Hybrid,0,148.7,2.0
 1 Series,2016,13909,Manual,34933,Diesel,0,83.1,1.5
 1 Series,2013,12999,Manual,48279,Petrol,145,50.4,1.6
 3 Series,2017,17549,Automatic,52716,Diesel,145,70.6,2.0
 X3,2014,19499,Automatic,47925,Diesel,160,50.4,2.0
 X3,2015,24309,Automatic,24288,Diesel,145,54.3,2.0
 3 Series,2018,21060,Automatic,10591,Diesel,145,67.3,2.0
 2 Series,2017,21449,Automatic,16888,Petrol,145,51.4,1.5
 2 Series,2017,20653,Automatic,46827,Hybrid,135,141.2,1.5
 X1,2013,13389,Automatic,33412,Diesel,160,52.3,2.0
 4 Series,2015,20409,Automatic,33689,Diesel,20,70.6,2.0
 1 Series,2016,16379,Manual,29752,Diesel,20,70.6,1.5
 4 Series,2014,19499,Automatic,32463,Petrol,200,43.5,2.0
 X1,2017,20019,Manual,18097,Diesel,145,68.9,2.0
 3 Series,2016,20149,Manual,42571,Diesel,125,58.9,2.0
 5 Series,2015,13909,Automatic,93056,Diesel,20,68.9,2.0
 3 Series,2015,18199,Automatic,46531,Diesel,125,61.4,2.0
 1 Series,2012,10269,Manual,85827,Diesel,30,62.8,2.0
 1 Series,2017,18979,Automatic,15361,Diesel,145,72.4,1.5
 X5,2017,40299,Automatic,32812,Diesel,145,47.1,3.0
 1 Series,2018,16119,Manual,23635,Diesel,145,72.4,1.5
 5 Series,2016,17055,Manual,51780,Diesel,125,60.1,2.0
 2 Series,2015,14299,Manual,54050,Diesel,20,74.3,1.5
 1 Series,2016,14689,Manual,24441,Diesel,0,78.5,1.5
 3 Series,2015,24049,Automatic,31047,Diesel,160,51.4,3.0
 1 Series,2014,18199,Manual,53832,Petrol,300,35.3,3.0
 2 Series,2017,20799,Automatic,29122,Petrol,125,51.4,1.5
 1 Series,2016,13259,Manual,58305,Diesel,0,83.1,1.5
 3 Series,2014,10659,Manual,94347,Diesel,30,65.7,2.0
 1 Series,2018,18719,Manual,13094,Petrol,145,37.7,1.5
 1 Series,2015,14949,Manual,50127,Diesel,125,57.6,2.0
 3 Series,2013,12999,Manual,74947,Diesel,30,62.8,2.0
 2 Series,2017,18844,Manual,28180,Petrol,125,53.3,1.5
 4 Series,2016,26649,Automatic,16955,Diesel,145,53.3,3.0
 1 Series,2018,28599,Automatic,30400,Petrol,145,39.8,3.0
 4 Series,2016,20149,Automatic,64997,Diesel,145,55.4,3.0
 3 Series,2013,15989,Automatic,43425,Diesel,125,57.6,3.0
 4 Series,2016,14625,Manual,97706,Diesel,30,62.8,2.0
 3 Series,2016,15275,Automatic,50318,Diesel,30,67.3,2.0
 3 Series,2015,17355,Automatic,51126,Diesel,125,57.6,2.0
 4 Series,2015,19499,Automatic,73150,Diesel,160,50.4,3.0
 3 Series,2017,23789,Automatic,32185,Hybrid,135,134.5,2.0
 3 Series,2015,12567,Automatic,80739,Diesel,30,62.8,2.0
 4 Series,2017,29315,Automatic,25328,Diesel,145,50.4,3.0
 3 Series,2015,12155,Automatic,91969,Diesel,20,68.9,2.0
 3 Series,2013,10919,Manual,65001,Diesel,20,68.9,2.0
 3 Series,2017,21515,Automatic,20771,Diesel,145,64.2,2.0
 1 Series,2014,10520,Manual,66995,Diesel,30,65.7,2.0
 5 Series,2016,17549,Automatic,72095,Diesel,30,62.8,2.0
 5 Series,2016,18199,Automatic,71353,Diesel,145,56.5,2.0
 1 Series,2017,16249,Automatic,27656,Diesel,145,72.4,1.5
 1 Series,2016,15599,Manual,15066,Diesel,0,83.1,1.5
 3 Series,2014,18525,Automatic,65033,Diesel,160,52.3,3.0
 5 Series,2014,18459,Automatic,30749,Diesel,125,57.6,2.0
 2 Series,2016,24699,Automatic,35159,Petrol,260,37.2,3.0
 X1,2014,14299,Manual,26742,Diesel,160,51.4,2.0
 4 Series,2016,14169,Manual,76280,Diesel,30,67.3,2.0
 1 Series,2012,9294,Manual,71842,Diesel,30,62.8,2.0
 1 Series,2016,13389,Manual,36007,Diesel,0,83.1,1.5
 X5,2016,35749,Automatic,46720,Hybrid,0,85.6,2.0
 2 Series,2016,19343,Automatic,20937,Petrol,125,51.4,1.5
 2 Series,2016,11699,Manual,80051,Diesel,0,74.3,1.5
 1 Series,2015,20149,Automatic,48916,Petrol,235,37.7,3.0
 1 Series,2017,15419,Manual,23268,Diesel,0,78.5,1.5
 1 Series,2016,14104,Manual,32690,Diesel,0,78.5,1.5
 3 Series,2016,21488,Automatic,63679,Hybrid,0,134.5,2.0
 5 Series,2016,19499,Automatic,64231,Diesel,145,53.3,3.0
 2 Series,2015,10399,Manual,89569,Diesel,30,62.8,2.0
 2 Series,2017,25155,Automatic,18455,Hybrid,135,135.5,1.5
 X1,2014,14949,Automatic,46000,Diesel,160,52.3,2.0
 5 Series,2015,16185,Automatic,79315,Diesel,30,62.8,2.0
 1 Series,2016,15024,Manual,26146,Petrol,125,53.3,1.5
 1 Series,2019,19759,Manual,7565,Petrol,145,53.3,1.5
 1 Series,2016,12994,Manual,49782,Diesel,0,78.5,1.5
 1 Series,2014,17008,Automatic,48343,Diesel,125,60.1,2.0
 1 Series,2015,12350,Manual,56941,Diesel,0,83.1,1.5
 2 Series,2015,14819,Automatic,65033,Diesel,20,68.9,2.0
 5 Series,2015,14819,Automatic,92428,Diesel,30,62.8,2.0
 1 Series,2016,13789,Manual,90868,Petrol,125,52.3,1.5
 X3,2017,23725,Automatic,36204,Diesel,145,54.3,2.0
 3 Series,2014,13488,Manual,66919,Diesel,125,57.6,2.0
 4 Series,2015,16249,Manual,50452,Diesel,30,62.8,2.0
 1 Series,2016,12869,Manual,47325,Diesel,0,83.1,1.5
 5 Series,2015,18849,Automatic,29269,Diesel,20,68.9,2.0
 1 Series,2016,14299,Manual,35898,Diesel,0,83.1,1.5
 1 Series,2015,13000,Manual,35259,Diesel,0,83.1,1.5
 2 Series,2016,20149,Manual,11448,Petrol,145,47.1,1.5
 5 Series,2016,20799,Automatic,28774,Diesel,30,62.8,2.0
 3 Series,2016,21076,Automatic,31499,Diesel,145,54.3,3.0
 4 Series,2017,19211,Automatic,56292,Diesel,145,70.6,2.0
 1 Series,2014,14625,Automatic,17408,Diesel,20,67.3,2.0
 1 Series,2019,19759,Manual,10844,Petrol,145,53.3,1.5
 1 Series,2016,12154,Manual,71381,Diesel,0,78.5,1.5
 1 Series,2015,16899,Automatic,34267,Diesel,20,70.6,2.0
 3 Series,2010,4797,Manual,96000,Diesel,30,62.8,2.0
 X1,2016,24569,Automatic,22780,Petrol,160,44.8,2.0
 X1,2016,22749,Automatic,35421,Diesel,145,55.4,2.0
 4 Series,2014,14288,Manual,81978,Diesel,125,60.1,2.0
 3 Series,2013,11688,Manual,64377,Diesel,20,68.9,2.0
 3 Series,2014,12988,Automatic,44287,Diesel,20,68.9,2.0
 6 Series,2017,38988,Automatic,28879,Petrol,145,31.0,4.4
 3 Series,2015,20138,Automatic,35248,Diesel,30,64.2,2.0
 X5,2016,33788,Automatic,62756,Diesel,200,47.1,3.0
 3 Series,2017,22734,Automatic,15537,Diesel,30,64.2,2.0
 X5,2018,67584,Automatic,9691,Petrol,150,25.4,4.4
 5 Series,2019,37034,Automatic,205,Diesel,145,65.7,2.0
 3 Series,2019,38334,Automatic,7935,Diesel,145,48.7,2.0
 4 Series,2017,21434,Manual,27599,Diesel,150,62.8,2.0
 5 Series,2016,28584,Automatic,29314,Diesel,165,51.4,3.0
 2 Series,2017,23384,Manual,19837,Petrol,150,47.1,1.5
 X5,2018,51984,Automatic,16933,Hybrid,140,85.6,2.0
 X5,2020,70184,Automatic,5000,Diesel,145,37.7,3.0
 2 Series,2019,30481,Automatic,2231,Petrol,145,50.4,2.0
 M4,2020,68884,Automatic,10,Petrol,150,34.0,3.0
 M4,2020,59134,Automatic,10,Petrol,150,34.0,3.0
 M4,2020,64334,Automatic,10,Petrol,150,34.0,3.0
 3 Series,2016,18184,Automatic,42102,Petrol,125,51.4,2.0
 M4,2020,59134,Automatic,10,Petrol,150,34.0,3.0
 4 Series,2017,33134,Automatic,23910,Petrol,145,41.5,3.0
 1 Series,2019,21449,Automatic,7559,Petrol,145,55.5,1.5
 X3,2015,24699,Automatic,21512,Diesel,145,54.3,2.0
 2 Series,2016,15795,Manual,57417,Petrol,125,50.4,1.5
 1 Series,2013,15925,Automatic,48491,Diesel,125,60.1,2.0
 5 Series,2012,11049,Manual,77201,Diesel,30,62.8,2.0
 1 Series,2016,15599,Automatic,38204,Diesel,0,78.5,1.5
 1 Series,2016,13715,Manual,40313,Diesel,0,78.5,1.5
 1 Series,2015,12675,Manual,48534,Diesel,20,72.4,1.5
 1 Series,2016,14299,Manual,27681,Diesel,0,83.1,1.5
 X1,2016,18849,Manual,27795,Diesel,20,68.9,2.0
 4 Series,2018,34434,Automatic,21770,Petrol,145,41.5,3.0
 5 Series,2018,37684,Automatic,40820,Petrol,145,39.2,3.0
 X3,2020,45484,Automatic,5000,Diesel,145,54.3,2.0
 3 Series,2019,37684,Automatic,4673,Diesel,145,48.7,2.0
 4 Series,2019,33784,Automatic,5000,Diesel,145,65.7,2.0
 1 Series,2019,36384,Automatic,3574,Petrol,145,40.4,1.5
 1 Series,2019,37034,Automatic,6744,Petrol,145,40.4,1.5
 3 Series,2019,37034,Automatic,5741,Diesel,145,48.7,2.0
 X5,2019,64334,Automatic,6560,Petrol,145,27.2,3.0
 6 Series,2019,46784,Automatic,3693,Diesel,145,47.9,3.0
 X5,2019,64334,Automatic,6748,Petrol,145,27.2,3.0
 3 Series,2020,70184,Automatic,5000,Petrol,145,34.9,3.0
 M4,2020,70184,Automatic,5000,Petrol,145,34.0,3.0
 X1,2020,37034,Manual,5000,Diesel,145,40.4,2.0
 3 Series,2016,24424,Automatic,49477,Diesel,145,53.3,3.0
 3 Series,2017,30534,Automatic,16730,Diesel,145,51.4,3.0
 2 Series,2016,19133,Manual,23130,Petrol,145,47.1,1.5
 3 Series,2017,24699,Manual,28772,Diesel,145,60.1,2.0
 1 Series,2016,15859,Manual,41621,Diesel,30,65.7,2.0
 3 Series,2016,24684,Automatic,32722,Hybrid,0,134.5,2.0
 X3,2019,44184,Automatic,7765,Diesel,145,54.3,2.0
 3 Series,2018,29884,Automatic,21276,Diesel,145,56.5,3.0
 X6,2019,76684,Automatic,5000,Petrol,145,26.4,3.0
 5 Series,2017,35734,Automatic,23500,Petrol,145,39.2,3.0
 1 Series,2016,16899,Automatic,68949,Petrol,200,43.5,2.0
 2 Series,2016,16639,Manual,57561,Diesel,30,67.3,1.5
 5 Series,2017,32729,Automatic,34640,Diesel,145,60.1,3.0
 4 Series,2015,19175,Manual,38974,Petrol,200,42.8,2.0
 X1,2016,16899,Manual,58557,Diesel,20,68.9,2.0
 1 Series,2016,15324,Manual,17084,Diesel,0,78.5,1.5
 3 Series,2016,22099,Automatic,23157,Hybrid,0,134.5,2.0
 3 Series,2019,32484,Automatic,6332,Diesel,145,54.3,2.0
 1 Series,2019,39634,Automatic,5000,Petrol,145,34.5,2.0
 1 Series,2019,35084,Automatic,5000,Diesel,145,51.4,2.0
 M4,2019,58484,Automatic,5000,Petrol,145,34.0,3.0
 M5,2019,97484,Automatic,2684,Petrol,145,24.1,4.4
 X2,2019,37684,Automatic,9401,Diesel,145,58.9,2.0
 X7,2020,87084,Automatic,5000,Diesel,145,33.6,3.0
 1 Series,2020,33784,Automatic,5000,Petrol,145,40.4,1.5
 3 Series,2017,31834,Automatic,24122,Diesel,145,51.4,3.0
 1 Series,2019,31834,Automatic,7932,Petrol,145,47.9,2.0
 1 Series,2017,28584,Manual,10417,Petrol,145,36.2,3.0
 3 Series,2017,34434,Automatic,16074,Diesel,145,49.6,3.0
 M4,2018,48088,Manual,9662,Petrol,145,31.0,3.0
 M4,2016,40938,Semi-Auto,27817,Petrol,305,34.0,3.0
 Z4,2016,20788,Manual,25921,Petrol,205,41.5,2.0
 3 Series,2017,16888,Automatic,46567,Diesel,30,67.3,2.0
 X1,2017,23384,Automatic,44775,Diesel,125,57.6,2.0
 3 Series,2018,32484,Automatic,23288,Diesel,145,51.4,3.0
 X2,2019,36384,Automatic,5599,Petrol,145,39.2,2.0
 2 Series,2020,35084,Automatic,5000,Petrol,145,47.9,2.0
 4 Series,2016,27288,Automatic,14613,Diesel,125,60.1,2.0
 X3,2011,14288,Automatic,29670,Diesel,165,50.4,2.0
 1 Series,2014,13520,Automatic,25975,Petrol,145,48.7,1.6
 1 Series,2016,14287,Manual,36681,Diesel,0,83.1,1.5
 2 Series,2016,21035,Manual,28895,Diesel,125,60.1,2.0
 2 Series,2020,45484,Automatic,5000,Petrol,145,36.2,2.0
 X1,2016,24684,Automatic,38635,Diesel,145,55.4,2.0
 2 Series,2020,35084,Automatic,1221,Diesel,145,49.6,2.0
 2 Series,2017,13000,Manual,85600,Petrol,145,55.4,1.5
 2 Series,2016,11050,Manual,79460,Diesel,20,68.9,2.0
 3 Series,2015,14684,Automatic,94590,Diesel,30,62.8,2.0
 1 Series,2016,15584,Manual,20698,Diesel,0,78.5,1.5
 X5,2016,44834,Automatic,48761,Diesel,235,42.8,3.0
 2 Series,2020,32484,Automatic,5000,Diesel,145,48.7,2.0
 2 Series,2019,36384,Automatic,2290,Petrol,145,46.3,2.0
 3 Series,2015,13904,Automatic,105090,Diesel,30,62.8,2.0
 5 Series,2015,13384,Automatic,101030,Diesel,20,68.9,2.0
 3 Series,2016,20800,Automatic,51440,Diesel,165,49.6,3.0
 X1,2011,10335,Automatic,70582,Diesel,200,45.6,2.0
 X1,2012,10399,Manual,88706,Diesel,160,51.4,2.0
 6 Series,2006,6499,Automatic,126054,Petrol,555,29.7,3.0
 3 Series,2015,11439,Manual,92468,Diesel,20,68.9,2.0
 X3,2014,14300,Manual,109450,Diesel,165,52.3,2.0
 5 Series,2016,16634,Automatic,64470,Diesel,30,62.8,2.0
 2 Series,2015,12084,Manual,71670,Diesel,20,68.9,2.0
 X1,2016,14944,Manual,110710,Diesel,125,60.1,2.0
 2 Series,2016,14950,Automatic,83280,Diesel,30,65.7,2.0
 X3,2017,37684,Automatic,22800,Diesel,150,48.7,3.0
 M4,2020,61734,Automatic,10,Petrol,150,34.0,3.0
 1 Series,2016,19484,Automatic,25633,Diesel,30,65.7,2.0
 X1,2016,17550,Manual,75220,Diesel,125,58.9,2.0
 X3,2014,16634,Automatic,72430,Diesel,145,54.3,2.0
 4 Series,2014,11050,Manual,141300,Diesel,125,58.9,2.0
 X3,2016,20534,Automatic,73850,Diesel,200,47.9,3.0
 X3,2016,17934,Automatic,110390,Diesel,145,54.3,2.0
 3 Series,2016,19234,Automatic,70250,Hybrid,0,134.5,2.0
 5 Series,2014,13384,Automatic,103230,Diesel,125,60.1,2.0
 2 Series,2015,9354,Manual,92920,Diesel,20,68.9,2.0
 X3,2015,15600,Automatic,126700,Diesel,150,54.3,2.0
 2 Series,2017,15600,Automatic,88100,Hybrid,0,141.2,1.5
 5 Series,2015,18850,Automatic,30310,Diesel,30,62.8,2.0
 X1,2016,16634,Manual,71720,Diesel,20,68.9,2.0
 1 Series,2017,12350,Manual,72120,Diesel,20,72.4,1.5
 X1,2017,25334,Automatic,34959,Petrol,150,44.8,2.0
 3 Series,2017,28584,Automatic,41741,Diesel,150,51.4,3.0
 3 Series,2014,20384,Semi-Auto,64260,Diesel,165,52.3,3.0
 X1,2016,21839,Automatic,50296,Diesel,145,55.4,2.0
 6 Series,2008,11049,Automatic,94000,Diesel,305,39.2,3.0
 3 Series,2016,13904,Automatic,100680,Diesel,125,60.1,2.0
 4 Series,2016,17550,Automatic,100550,Diesel,125,58.9,2.0
 3 Series,2014,12084,Manual,103260,Diesel,125,58.9,2.0
 3 Series,2016,11304,Manual,101930,Diesel,20,72.4,2.0
 3 Series,2014,15984,Manual,56300,Diesel,125,58.9,2.0
 X4,2014,24050,Automatic,67210,Diesel,200,47.9,3.0
 1 Series,2017,15984,Automatic,52810,Diesel,20,68.9,2.0
 1 Series,2016,11434,Manual,98210,Diesel,30,65.7,2.0
 5 Series,2016,13000,Automatic,124840,Diesel,30,62.8,2.0
 3 Series,2014,11700,Automatic,155790,Diesel,145,54.3,3.0
 3 Series,2018,25994,Manual,22000,Diesel,145,61.4,2.0
 Z3,2002,19494,Automatic,16500,Petrol,325,29.4,2.2
 X1,2018,28594,Automatic,2500,Petrol,150,46.3,1.5
 3 Series,2007,3088,Manual,94000,Petrol,240,38.7,2.0
 X4,2015,25739,Automatic,51536,Diesel,200,47.9,3.0
 3 Series,2011,7768,Manual,51000,Diesel,125,60.1,2.0
 X1,2010,8704,Manual,64000,Diesel,145,54.3,2.0
 1 Series,2009,3894,Manual,120000,Diesel,30,62.8,2.0
 1 Series,2016,10399,Manual,80103,Diesel,0,83.1,1.5
 3 Series,2012,11049,Manual,41000,Petrol,200,42.8,2.0
 1 Series,2014,10777,Manual,65106,Petrol,145,50.4,1.6
 5 Series,2014,19104,Automatic,56000,Diesel,145,53.3,3.0
 M6,2006,16244,Semi-Auto,89000,Petrol,570,19.1,5.0
 3 Series,2016,17544,Automatic,74000,Diesel,30,64.2,2.0
 1 Series,2015,14930,Manual,23460,Petrol,300,35.3,3.0
 1 Series,2017,20475,Manual,6290,Petrol,145,36.2,3.0
 M3,2004,22035,Manual,80000,Petrol,330,23.7,3.2
 1 Series,2017,25984,Automatic,30139,Petrol,200,39.8,3.0
 X5,2016,37034,Automatic,49880,Diesel,200,47.1,3.0
 X2,2019,37684,Automatic,7893,Diesel,145,58.9,2.0
 1 Series,2019,31834,Automatic,7488,Diesel,145,61.4,2.0
 3 Series,2017,23335,Automatic,43000,Diesel,145,53.3,3.0
 Z4,2012,13774,Manual,47800,Petrol,200,41.5,2.0
 5 Series,2013,14294,Automatic,45464,Diesel,125,60.1,2.0
 M6,2014,37037,Automatic,53249,Petrol,565,28.5,4.4
 5 Series,2019,33085,Automatic,23000,Diesel,150,65.7,2.0
 3 Series,2015,16120,Manual,48402,Diesel,30,62.8,2.0
 7 Series,2015,23335,Automatic,65397,Diesel,160,49.6,3.0
 M4,2018,45487,Automatic,9210,Petrol,145,34.0,3.0
 3 Series,2017,19500,Automatic,85070,Hybrid,135,134.5,2.0
 X5,2015,22750,Automatic,116130,Diesel,200,47.9,3.0
 1 Series,2006,3887,Manual,88000,Petrol,260,37.7,1.6
 1 Series,2013,9978,Manual,60000,Diesel,30,65.7,2.0
 3 Series,2009,6468,Manual,80000,Petrol,160,45.6,2.0
 1 Series,2013,10387,Manual,46057,Diesel,20,68.9,2.0
 3 Series,2012,11694,Automatic,53333,Diesel,20,68.9,2.0
 3 Series,2015,16055,Manual,52507,Diesel,125,57.6,2.0
 5 Series,2013,16835,Automatic,57604,Diesel,150,55.4,3.0
 3 Series,2010,3894,Manual,101104,Petrol,165,44.8,2.0
 1 Series,2014,11687,Manual,77424,Diesel,30,65.7,2.0
 5 Series,2010,10387,Automatic,85724,Diesel,200,46.3,3.0
 3 Series,2015,14300,Automatic,83590,Diesel,30,62.8,2.0
 i3,2015,16250,Automatic,79830,Hybrid,0,470.8,0.0
 4 Series,2015,16504,Automatic,105730,Diesel,125,58.9,2.0
 4 Series,2017,20800,Automatic,50390,Diesel,145,65.7,2.0
 1 Series,2014,10400,Manual,94420,Diesel,30,65.7,2.0
 5 Series,2015,14034,Automatic,91360,Diesel,30,62.8,2.0
 X1,2015,14034,Manual,22580,Diesel,125,57.6,2.0
 3 Series,2017,20150,Automatic,54590,Petrol,150,47.9,2.0
 5 Series,2012,12987,Automatic,48417,Diesel,125,60.1,2.0
 3 Series,2012,9458,Automatic,80000,Diesel,165,52.3,2.0
 1 Series,2013,11687,Manual,62635,Diesel,30,64.2,2.0
 1 Series,2013,9718,Manual,65000,Petrol,150,49.6,1.6
 1 Series,2013,10387,Manual,60000,Diesel,30,65.7,1.6
 1 Series,2013,9087,Manual,84000,Diesel,20,68.9,2.0
 3 Series,2014,12987,Manual,70643,Diesel,30,62.8,2.0
 1 Series,2008,5168,Manual,79000,Diesel,30,62.8,2.0
 1 Series,2014,10387,Manual,73824,Diesel,30,65.7,2.0
 1 Series,2015,10777,Manual,35000,Petrol,125,51.4,1.6
 3 Series,2009,6078,Manual,70000,Petrol,165,47.9,2.0
 5 Series,2013,11668,Manual,65000,Diesel,125,58.9,2.0
 5 Series,2011,12968,Automatic,74000,Diesel,145,53.3,2.0
 1 Series,2012,9588,Manual,60000,Petrol,145,49.6,1.6
 5 Series,2015,13649,Automatic,82375,Diesel,20,68.9,2.0
 5 Series,2015,12869,Manual,83643,Diesel,125,60.1,2.0
 3 Series,2012,10758,Automatic,75000,Diesel,160,52.3,2.0
 4 Series,2014,16868,Automatic,65000,Diesel,125,60.1,2.0
 3 Series,2005,5688,Manual,55000,Diesel,160,50.4,2.0
 5 Series,2010,9718,Manual,75000,Diesel,145,55.4,2.0
 5 Series,2014,13878,Automatic,64221,Diesel,30,62.8,2.0
 3 Series,2013,11687,Manual,76247,Diesel,30,61.4,2.0
 1 Series,2012,14268,Manual,45000,Diesel,145,56.5,2.0
 3 Series,2008,3478,Manual,130000,Petrol,155,46.3,2.0
 1 Series,2016,14949,Manual,14668,Diesel,20,72.4,1.5
 1 Series,2018,28599,Automatic,16475,Petrol,145,39.8,3.0
 2 Series,2016,14949,Manual,49636,Petrol,125,53.3,1.5
 1 Series,2016,13779,Manual,39779,Diesel,0,83.1,1.5
 6 Series,2014,24699,Automatic,27782,Diesel,160,50.4,3.0
 4 Series,2015,17550,Manual,44748,Diesel,145,53.3,2.0
 5 Series,2008,8834,Automatic,61442,Petrol,260,37.7,2.5
 3 Series,2015,10394,Manual,101215,Diesel,30,65.7,2.0
 X1,2016,17544,Manual,47000,Diesel,20,68.9,2.0
 3 Series,2012,9094,Manual,81000,Diesel,30,62.8,2.0
 5 Series,2008,7118,Automatic,65000,Diesel,160,50.4,2.0
 6 Series,2010,11694,Automatic,92642,Diesel,260,40.9,3.0
 X3,2013,14034,Automatic,94853,Diesel,160,50.4,2.0
 X5,2012,16894,Automatic,110394,Diesel,300,37.7,3.0
 1 Series,2008,6234,Manual,89241,Petrol,200,42.8,2.0
 4 Series,2016,21189,Automatic,52070,Diesel,30,65.7,2.0
 4 Series,2015,19499,Automatic,19887,Diesel,30,64.2,2.0
 5 Series,2013,12935,Manual,70000,Diesel,145,55.4,2.0
 5 Series,2010,10368,Automatic,70000,Diesel,145,54.3,2.0
 3 Series,2016,19468,Manual,49000,Diesel,120,60.1,2.0
 1 Series,2013,9718,Manual,70000,Diesel,0,74.3,1.6
 X3,2009,9978,Manual,70000,Diesel,195,45.6,2.0
 3 Series,2013,12968,Manual,70000,Diesel,125,58.9,2.0
 3 Series,2012,9718,Automatic,70000,Diesel,160,52.3,2.0
 5 Series,2018,33799,Automatic,30972,Hybrid,135,156.9,2.0
 1 Series,2016,11699,Manual,69647,Diesel,0,78.5,1.5
 X1,2017,29899,Automatic,25190,Petrol,145,44.8,2.0
 3 Series,2016,24426,Automatic,33078,Hybrid,0,134.5,2.0
 5 Series,2014,9094,Manual,127798,Diesel,125,57.6,2.0
 5 Series,2011,15594,Automatic,85896,Diesel,165,50.4,3.0
 1 Series,2008,5194,Manual,107407,Diesel,150,54.3,2.0
 1 Series,2005,4934,Automatic,63547,Diesel,265,42.8,2.0
 M5,2015,38734,Automatic,28500,Petrol,565,28.5,4.4
 4 Series,2015,19499,Manual,36781,Diesel,145,53.3,2.0
 2 Series,2016,16055,Manual,29460,Petrol,125,50.4,1.5
 7 Series,2017,33279,Automatic,25014,Diesel,145,57.6,3.0
 X1,2016,18199,Manual,37840,Diesel,20,68.9,2.0
 2 Series,2017,20409,Automatic,45061,Hybrid,135,141.2,1.5
 1 Series,2018,23399,Automatic,9945,Petrol,145,36.7,1.5
 1 Series,2017,27299,Automatic,15887,Petrol,145,39.8,3.0
 5 Series,2017,25349,Automatic,21728,Diesel,145,65.7,2.0
 2 Series,2018,24699,Automatic,3924,Petrol,145,50.4,1.5
 3 Series,2018,22359,Automatic,13138,Petrol,145,54.3,1.5
 3 Series,2015,15478,Automatic,50713,Petrol,125,51.4,2.0
 2 Series,2016,15998,Manual,18840,Petrol,125,52.3,1.5
 1 Series,2019,20786,Automatic,5771,Petrol,145,55.5,1.5
 1 Series,2013,21189,Automatic,31086,Petrol,235,37.7,3.0
 1 Series,2016,15339,Manual,19568,Diesel,0,78.5,1.5
 1 Series,2014,18329,Manual,53050,Petrol,300,35.3,3.0
 3 Series,2013,11699,Manual,58223,Diesel,20,68.9,2.0
 X3,2015,23399,Automatic,39744,Diesel,145,54.3,2.0
 1 Series,2015,14169,Manual,64716,Diesel,30,65.7,2.0
 2 Series,2016,15600,Automatic,30857,Diesel,20,68.9,2.0
 X5,2016,32500,Automatic,52816,Diesel,160,50.4,2.0
 3 Series,2018,22619,Automatic,29065,Diesel,145,64.2,2.0
 1 Series,2010,8158,Manual,60000,Diesel,125,60.1,2.0
 2 Series,2016,18199,Automatic,11576,Diesel,30,64.2,2.0
 2 Series,2015,23139,Automatic,38902,Petrol,260,37.2,3.0
 M4,2015,34449,Automatic,35284,Petrol,300,34.0,3.0
 4 Series,2017,25999,Automatic,26162,Diesel,145,58.9,2.0
 5 Series,2016,24374,Automatic,41431,Diesel,160,51.4,3.0
 1 Series,2013,13779,Automatic,21061,Petrol,145,48.7,1.6
 X5,2016,38025,Automatic,41464,Hybrid,0,85.6,2.0
 4 Series,2016,20929,Manual,37683,Diesel,30,62.8,2.0
 2 Series,2016,21267,Automatic,17748,Diesel,125,57.6,2.0
 4 Series,2016,17809,Automatic,77784,Diesel,30,65.7,2.0
 X4,2016,25025,Automatic,43751,Diesel,145,54.3,2.0
 1 Series,2016,16055,Manual,47324,Diesel,30,65.7,2.0
 1 Series,2016,13649,Manual,36240,Diesel,0,83.1,1.5
 1 Series,2015,15951,Automatic,38573,Diesel,20,68.9,1.5
 5 Series,2016,20605,Automatic,33740,Diesel,30,65.7,2.0
 1 Series,2016,14462,Manual,33149,Diesel,0,78.5,1.5
 3 Series,2014,18850,Automatic,70796,Diesel,160,50.4,3.0
 3 Series,2016,19109,Manual,38206,Diesel,30,64.2,2.0
 5 Series,2015,16899,Manual,52217,Diesel,125,60.1,2.0
 3 Series,2016,21059,Automatic,45223,Hybrid,0,134.5,2.0
 6 Series,2017,31849,Automatic,28062,Diesel,145,48.7,3.0
 3 Series,2016,20929,Automatic,40217,Hybrid,0,148.7,2.0
 1 Series,2013,14299,Manual,32097,Petrol,145,50.4,1.6
 2 Series,2017,19629,Manual,16309,Diesel,145,65.7,2.0
 1 Series,2016,16080,Manual,46170,Diesel,20,70.6,1.5
 5 Series,2018,34444,Automatic,23640,Hybrid,135,156.9,2.0
 3 Series,2016,16899,Automatic,33332,Petrol,125,54.3,1.5
 X1,2013,14373,Automatic,49599,Diesel,160,52.3,2.0
 1 Series,2016,22749,Automatic,26855,Petrol,235,37.7,3.0
 1 Series,2016,14301,Manual,31615,Diesel,0,78.5,1.5
 1 Series,2014,11049,Manual,63299,Diesel,20,68.9,2.0
 1 Series,2015,14299,Manual,23905,Diesel,20,72.4,1.5
 X1,2014,12999,Manual,42023,Diesel,160,51.4,2.0
 X1,2017,20799,Automatic,60703,Diesel,145,65.7,2.0
 X5,2016,33084,Automatic,46683,Diesel,200,47.1,3.0
 2 Series,2014,14299,Manual,61819,Diesel,30,62.8,2.0
 2 Series,2016,15599,Manual,32878,Petrol,125,52.3,1.5
 2 Series,2017,20149,Manual,4240,Petrol,30,55.4,1.5
 6 Series,2016,25869,Automatic,50475,Diesel,200,49.6,3.0
 X5,2016,31849,Automatic,57146,Diesel,160,50.4,2.0
 1 Series,2017,17549,Automatic,14597,Diesel,145,72.4,1.5
 4 Series,2017,22749,Automatic,33711,Diesel,145,65.7,2.0
 3 Series,2016,15599,Automatic,92300,Hybrid,0,148.7,2.0
 2 Series,2016,21163,Automatic,17574,Petrol,125,51.4,1.5
 1 Series,2012,7794,Manual,98000,Diesel,125,58.9,2.0
 6 Series,2005,6494,Automatic,84000,Petrol,305,24.6,4.4
 M3,2013,33728,Semi-Auto,30500,Petrol,570,24.6,4.0
 3 Series,2001,3965,Automatic,90000,Petrol,325,27.7,3.0
 3 Series,2016,21449,Automatic,24500,Hybrid,0,134.5,2.0
 1 Series,2016,14949,Manual,27199,Diesel,0,83.1,1.5
 1 Series,2012,10335,Manual,40488,Diesel,30,62.8,2.0
 3 Series,2016,16185,Automatic,66986,Diesel,30,65.7,2.0
 3 Series,2017,23002,Manual,19400,Diesel,145,64.2,2.0
 3 Series,2015,15876,Automatic,59799,Diesel,30,62.8,2.0
 3 Series,2013,11926,Automatic,79144,Diesel,30,62.8,2.0
 X4,2016,25999,Manual,23553,Diesel,160,52.3,2.0
 1 Series,2017,15599,Manual,19108,Petrol,145,56.5,1.5
 X5,2016,37699,Automatic,41972,Hybrid,0,85.6,2.0
 3 Series,2014,13519,Manual,47059,Diesel,30,61.4,2.0
 5 Series,2016,20409,Automatic,30767,Diesel,30,62.8,2.0
 5 Series,2000,2209,Manual,99209,Petrol,265,29.4,2.0
 1 Series,2016,13909,Manual,35417,Diesel,0,78.5,1.5
 1 Series,2014,19239,Manual,31914,Petrol,300,35.3,3.0
 4 Series,2016,19239,Manual,57876,Diesel,125,57.6,2.0
 X5,2015,38934,Automatic,21500,Diesel,190,47.1,3.0
 7 Series,2012,11375,Automatic,134000,Diesel,250,41.5,3.0
 X1,2013,11699,Automatic,60665,Diesel,160,52.3,2.0
 1 Series,2015,17550,Automatic,82876,Petrol,235,37.7,3.0
 5 Series,2013,11699,Automatic,178987,Hybrid,190,40.4,3.0
 1 Series,2011,7800,Manual,80183,Diesel,145,55.4,2.0
 3 Series,2010,7799,Automatic,118000,Petrol,260,35.8,3.0
 1 Series,2017,18194,Manual,14646,Diesel,30,65.7,2.0
 3 Series,2007,3894,Automatic,124200,Diesel,260,40.9,2.0
 X5,2012,9425,Automatic,214000,Diesel,300,37.7,3.0
 3 Series,2009,8444,Automatic,122144,Petrol,300,34.0,3.0
 4 Series,2016,23394,Automatic,27203,Diesel,125,58.9,2.0
 3 Series,2011,8444,Manual,66400,Diesel,125,58.9,2.0
 X1,2016,17289,Manual,45795,Diesel,20,68.9,2.0
 2 Series,2017,14299,Automatic,79715,Diesel,125,60.1,2.0
 2 Series,2016,18736,Automatic,31838,Petrol,125,51.4,1.5
 3 Series,2015,17804,Manual,30000,Diesel,125,60.1,2.0
 5 Series,2015,18199,Automatic,50700,Diesel,125,60.1,2.0
 3 Series,2002,5199,Automatic,85452,Petrol,330,33.6,2.0
 1 Series,2012,7794,Manual,92000,Petrol,145,49.6,1.6
 1 Series,2016,18194,Automatic,62000,Petrol,235,37.7,3.0
 1 Series,2018,20149,Manual,14287,Diesel,145,65.7,2.0
 5 Series,2016,19499,Automatic,42803,Diesel,30,62.8,2.0
 3 Series,2017,25869,Automatic,28091,Hybrid,135,134.5,2.0
 4 Series,2016,20396,Automatic,60464,Diesel,30,65.7,2.0
 6 Series,2012,22359,Automatic,27352,Diesel,160,51.4,3.0
 3 Series,2016,18719,Automatic,68458,Hybrid,0,148.7,2.0
 1 Series,2017,18199,Manual,16398,Diesel,20,70.6,1.5
 3 Series,2018,22619,Automatic,32117,Diesel,145,64.2,2.0
 1 Series,2016,14169,Manual,23407,Diesel,0,78.5,1.5
 4 Series,2017,19499,Automatic,62111,Diesel,20,70.6,2.0
 5 Series,2016,17289,Automatic,80823,Diesel,30,62.8,2.0
 1 Series,2017,11959,Manual,83923,Diesel,145,83.1,1.5
 1 Series,2016,13091,Manual,47413,Diesel,0,83.1,1.5
 X1,2013,12999,Automatic,53540,Diesel,160,52.3,2.0
 2 Series,2016,16250,Automatic,30626,Diesel,20,72.4,1.5
 4 Series,2016,17419,Automatic,60975,Diesel,20,70.6,2.0
 1 Series,2015,14169,Manual,56278,Diesel,20,70.6,1.5
 2 Series,2015,14949,Automatic,90836,Diesel,30,62.8,2.0
 4 Series,2015,20279,Automatic,54213,Diesel,30,65.7,2.0
 2 Series,2016,19759,Automatic,66543,Diesel,145,55.4,2.0
 2 Series,2016,22229,Automatic,31540,Diesel,30,62.8,2.0
 5 Series,2012,14820,Automatic,86674,Diesel,235,43.5,3.0
 2 Series,2016,14689,Automatic,49981,Diesel,20,72.4,1.5
 4 Series,2017,25219,Automatic,30949,Diesel,30,65.7,2.0
 1 Series,2016,15469,Manual,40911,Diesel,20,70.6,1.5
 1 Series,2016,16899,Manual,20467,Diesel,20,70.6,1.5
 4 Series,2018,24569,Manual,12086,Petrol,145,46.3,2.0
 3 Series,2016,20799,Automatic,43527,Diesel,125,60.1,2.0
 1 Series,2017,26389,Automatic,12952,Petrol,200,39.8,3.0
 2 Series,2016,16379,Manual,18933,Petrol,125,52.3,1.5
 3 Series,2015,12089,Manual,65412,Diesel,20,68.9,2.0
 7 Series,2015,30549,Automatic,65218,Diesel,145,54.3,3.0
 X4,2016,26000,Automatic,52135,Diesel,145,54.3,2.0
 2 Series,2016,16064,Manual,17994,Petrol,125,52.3,1.5
 4 Series,2016,20019,Automatic,54055,Diesel,125,60.1,2.0
 4 Series,2016,20409,Manual,41993,Diesel,30,62.8,2.0
 X5,2016,41599,Automatic,26185,Hybrid,0,85.6,2.0
 3 Series,2018,22425,Automatic,15189,Diesel,145,67.3,2.0
 4 Series,2017,24049,Automatic,29383,Diesel,145,65.7,2.0
 1 Series,2016,12999,Manual,46620,Diesel,0,83.1,1.5
 Z4,2016,19239,Manual,20266,Petrol,200,41.5,2.0
 2 Series,2015,15599,Manual,19893,Diesel,30,65.7,2.0
 4 Series,2015,18589,Automatic,80614,Diesel,125,58.9,2.0
 3 Series,2017,19499,Manual,27890,Diesel,145,57.6,2.0
 4 Series,2017,23399,Automatic,26807,Diesel,125,60.1,2.0
 3 Series,2013,18199,Automatic,35688,Diesel,125,58.9,2.0
 1 Series,2016,14559,Manual,31095,Diesel,0,83.1,1.5
 3 Series,2016,25349,Automatic,29789,Hybrid,0,134.5,2.0
 5 Series,2016,20799,Automatic,31228,Diesel,30,62.8,2.0
 X1,2017,24049,Automatic,32236,Diesel,145,65.7,2.0
 2 Series,2016,19694,Manual,34608,Petrol,200,42.8,2.0
 3 Series,2016,14650,Automatic,86128,Diesel,30,65.7,2.0
 1 Series,2016,14039,Manual,37087,Diesel,0,83.1,1.5
 3 Series,2016,16626,Manual,74020,Diesel,30,64.2,2.0
 2 Series,2016,16249,Manual,17586,Petrol,125,52.3,1.5
 X1,2017,24049,Automatic,41326,Diesel,125,60.1,2.0
 X1,2016,19239,Manual,37032,Diesel,125,60.1,2.0
 X4,2015,19759,Automatic,95408,Diesel,145,54.3,2.0
 2 Series,2017,18226,Manual,35732,Diesel,145,64.2,2.0
 3 Series,2016,18200,Manual,23323,Diesel,30,62.8,2.0
 3 Series,2016,24179,Automatic,30333,Hybrid,0,134.5,2.0
 X1,2016,23659,Automatic,30405,Diesel,125,57.6,2.0
 3 Series,2016,21450,Automatic,53867,Hybrid,0,134.5,2.0
 4 Series,2015,16899,Automatic,90734,Diesel,30,65.7,2.0
 6 Series,2013,21059,Automatic,62068,Diesel,160,49.6,3.0
 3 Series,2012,11959,Automatic,62616,Diesel,30,62.8,2.0
 2 Series,2016,11375,Manual,97147,Diesel,20,68.9,1.5
 3 Series,2016,13962,Automatic,91855,Diesel,0,74.3,2.0
 3 Series,2012,11700,Automatic,75840,Diesel,145,53.3,2.0
 3 Series,2017,20279,Automatic,38070,Diesel,145,64.2,2.0
 1 Series,2016,15989,Manual,27545,Diesel,30,65.7,2.0
 2 Series,2015,15599,Automatic,41704,Diesel,30,61.4,2.0
 2 Series,2014,13468,Automatic,45868,Petrol,145,47.1,2.0
 1 Series,2016,14299,Manual,21964,Diesel,0,78.5,1.5
 1 Series,2013,10399,Manual,61295,Diesel,0,74.3,1.6
 5 Series,2017,28599,Automatic,30990,Diesel,145,62.8,2.0
 2 Series,2014,20019,Automatic,72203,Petrol,260,37.2,3.0
 1 Series,2017,18069,Manual,19300,Diesel,20,70.6,1.5
 3 Series,2016,23789,Automatic,25431,Hybrid,0,134.5,2.0
 5 Series,2016,20279,Automatic,37786,Diesel,30,62.8,2.0
 X1,2016,22749,Automatic,44890,Diesel,125,57.6,2.0
 2 Series,2016,16899,Automatic,24479,Petrol,125,53.3,1.5
 5 Series,2016,18849,Automatic,48863,Diesel,30,62.8,2.0
 1 Series,2016,14819,Manual,26231,Diesel,0,78.5,1.5
 3 Series,2016,21319,Automatic,30894,Diesel,30,64.2,2.0
 1 Series,2016,15469,Manual,25281,Petrol,125,53.3,1.5
 1 Series,2015,11699,Manual,60761,Diesel,30,65.7,2.0
 3 Series,2015,16899,Automatic,27153,Diesel,30,62.8,2.0
 1 Series,2017,17419,Automatic,72814,Petrol,125,54.3,1.5
 2 Series,2016,16509,Manual,13267,Petrol,125,52.3,1.5
 1 Series,2014,12999,Manual,42994,Petrol,145,50.4,1.6
 X3,2017,27689,Automatic,33610,Diesel,145,54.3,2.0
 3 Series,2014,17549,Automatic,54842,Diesel,30,62.8,2.0
 X4,2016,32499,Automatic,28466,Diesel,200,47.9,3.0
 X5,2016,40560,Automatic,23747,Hybrid,0,85.6,2.0
 X5,2016,36139,Automatic,31903,Hybrid,0,85.6,2.0
 2 Series,2016,16510,Automatic,48841,Petrol,145,46.3,2.0
 X4,2017,32499,Automatic,35351,Diesel,200,47.1,3.0
 5 Series,2016,15859,Automatic,79234,Diesel,20,67.3,2.0
 5 Series,2016,25999,Automatic,22312,Diesel,160,51.4,3.0
 5 Series,2017,24829,Automatic,37401,Diesel,145,68.9,2.0
 1 Series,2017,14429,Manual,62495,Diesel,145,78.5,1.5
 5 Series,2016,22749,Automatic,30754,Diesel,30,62.8,2.0
 3 Series,2016,14429,Manual,88192,Diesel,30,65.7,2.0
 X5,2016,30549,Automatic,59154,Diesel,200,47.1,3.0
 3 Series,2012,12999,Manual,36529,Diesel,30,61.4,2.0
 X1,2014,12999,Automatic,74012,Diesel,160,52.3,2.0
 X5,2017,40949,Automatic,23646,Diesel,145,47.1,3.0
 1 Series,2017,25349,Automatic,24482,Petrol,200,39.8,3.0
 3 Series,2013,15079,Manual,54374,Diesel,125,57.6,2.0
 M3,2013,25609,Automatic,58125,Petrol,570,25.2,4.0
 3 Series,2016,18069,Automatic,62816,Hybrid,0,148.7,2.0
 3 Series,2016,13779,Automatic,95217,Diesel,0,74.3,2.0
 5 Series,2016,22359,Automatic,14005,Diesel,30,62.8,2.0
 2 Series,2016,12349,Manual,68848,Diesel,0,74.3,1.5
 4 Series,2016,21189,Manual,24280,Diesel,30,62.8,2.0
 4 Series,2016,19759,Manual,51194,Diesel,30,62.8,2.0
 3 Series,2014,18784,Automatic,51062,Diesel,125,58.9,2.0
 X3,2012,15279,Automatic,73701,Diesel,160,50.4,2.0
 3 Series,2018,24569,Automatic,25127,Diesel,145,62.8,2.0
 5 Series,2014,18589,Automatic,34758,Diesel,125,57.6,2.0
 1 Series,2016,17549,Automatic,30925,Diesel,20,68.9,2.0
 1 Series,2019,20786,Automatic,12212,Petrol,145,55.5,1.5
 1 Series,2007,1950,Manual,167000,Diesel,125,57.6,2.0
 Z3,1999,5194,Manual,74282,Petrol,245,35.3,1.9
 3 Series,2015,12089,Manual,98819,Diesel,20,72.4,2.0
 3 Series,2017,26649,Automatic,14500,Hybrid,0,134.5,2.0
 1 Series,2014,11049,Manual,43248,Diesel,20,68.9,2.0
 2 Series,2016,11699,Automatic,87743,Diesel,20,72.4,1.5
 Z3,1999,5194,Manual,51949,Petrol,255,35.3,1.9
 1 Series,2012,10394,Manual,63635,Diesel,30,62.8,2.0
 1 Series,2017,14299,Manual,46147,Diesel,0,83.1,1.5
 3 Series,2016,20409,Automatic,50310,Diesel,30,64.2,2.0
 1 Series,2016,14299,Manual,31847,Diesel,0,78.5,1.5
 X2,2018,30504,Automatic,11941,Diesel,145,58.9,2.0
 1 Series,2016,14169,Manual,46035,Diesel,20,70.6,1.5
 3 Series,2016,15989,Automatic,72280,Diesel,20,70.6,2.0
 3 Series,2016,24694,Automatic,23110,Diesel,125,57.6,2.0
 5 Series,2016,16431,Automatic,72924,Diesel,20,68.9,2.0
 5 Series,2019,29244,Automatic,21101,Petrol,150,50.4,2.0
 4 Series,2016,23368,Manual,14000,Petrol,160,46.3,2.0
 3 Series,2017,21768,Automatic,50000,Other,135,148.7,2.0
 3 Series,2016,19629,Automatic,33158,Diesel,30,67.3,2.0
 3 Series,2013,14559,Manual,49720,Diesel,30,61.4,2.0
 X3,2014,19707,Automatic,77129,Diesel,145,54.3,2.0
 5 Series,2016,18303,Automatic,74322,Diesel,30,62.8,2.0
 5 Series,2015,18199,Automatic,50558,Diesel,30,62.8,2.0
 4 Series,2017,25037,Automatic,29871,Diesel,145,65.7,2.0
 1 Series,2016,12674,Manual,56044,Diesel,0,78.5,1.5
 1 Series,2016,17549,Manual,40855,Diesel,30,65.7,2.0
 6 Series,2016,27299,Automatic,45140,Diesel,200,49.6,3.0
 2 Series,2017,17939,Manual,14980,Petrol,125,52.3,1.5
 4 Series,2018,24700,Automatic,7970,Petrol,145,44.1,2.0
 3 Series,2012,11375,Manual,54000,Diesel,30,61.4,2.0
 7 Series,2017,68835,Automatic,22000,Petrol,150,22.1,6.6
 6 Series,2008,12344,Semi-Auto,67000,Diesel,265,40.9,3.0
 M4,2015,37694,Semi-Auto,35000,Petrol,330,32.5,3.0
 1 Series,2016,12994,Manual,30000,Diesel,0,83.1,1.5
 4 Series,2016,20799,Automatic,29041,Diesel,30,65.7,2.0
 4 Series,2015,19239,Automatic,51873,Diesel,160,52.3,3.0
 3 Series,2018,24699,Automatic,15377,Diesel,145,56.5,3.0
 1 Series,2017,14741,Manual,41925,Diesel,0,78.5,1.5
 2 Series,2016,14234,Manual,34489,Diesel,0,74.3,1.5
 3 Series,2016,18160,Automatic,41317,Diesel,20,74.3,2.0
 4 Series,2016,24959,Automatic,25000,Diesel,160,52.3,3.0
 1 Series,2017,16249,Manual,20064,Petrol,145,53.3,1.5
 4 Series,2016,18706,Automatic,61688,Diesel,20,70.6,2.0
 1 Series,2015,15209,Manual,33826,Diesel,30,65.7,2.0
 X3,2017,30549,Automatic,26986,Diesel,145,54.3,2.0
 2 Series,2016,18069,Manual,24169,Petrol,125,50.4,1.5
 X5,2008,10397,Automatic,86800,Diesel,325,34.9,3.0
 6 Series,2013,21580,Automatic,57000,Diesel,165,49.6,3.0
 7 Series,2012,14287,Automatic,76000,Diesel,260,41.5,3.0
 1 Series,2015,13740,Manual,27667,Diesel,30,65.7,2.0
 1 Series,2016,17731,Manual,26016,Diesel,20,70.6,1.5
 1 Series,2016,14910,Manual,33578,Diesel,0,83.1,1.5
 1 Series,2016,14221,Manual,33243,Diesel,0,78.5,1.5
 1 Series,2016,15365,Manual,26141,Diesel,0,78.5,1.5
 3 Series,2014,15599,Manual,49969,Diesel,30,61.4,2.0
 2 Series,2018,19759,Manual,14228,Petrol,145,52.3,1.5
 1 Series,2016,12609,Manual,59751,Diesel,0,83.1,1.5
 3 Series,2012,11140,Automatic,85118,Diesel,30,62.8,2.0
 1 Series,2016,15339,Manual,18644,Diesel,0,78.5,1.5
 1 Series,2014,14299,Automatic,38809,Petrol,145,48.7,1.6
 6 Series,2016,27299,Automatic,43483,Diesel,200,49.6,3.0
 1 Series,2017,26389,Automatic,35259,Petrol,145,39.8,3.0
 3 Series,2015,21046,Automatic,30345,Diesel,125,58.9,2.0
 2 Series,2016,25804,Automatic,41248,Petrol,260,37.2,3.0
 X1,2014,13384,Automatic,65000,Diesel,160,52.3,2.0
 5 Series,2013,15594,Automatic,70000,Diesel,145,55.4,2.0
 X5,2013,20794,Automatic,76000,Diesel,300,37.7,3.0
 1 Series,2013,10394,Manual,56000,Diesel,30,64.2,2.0
 1 Series,2016,20144,Automatic,31000,Petrol,145,43.5,2.0
 2 Series,2017,19175,Automatic,10000,Petrol,145,55.4,1.5
 5 Series,1996,7794,Automatic,36000,Petrol,270,26.4,2.8
 1 Series,2019,20786,Automatic,9567,Petrol,145,55.5,1.5
 3 Series,2015,19499,Automatic,78680,Diesel,160,52.3,3.0
 1 Series,2019,19759,Manual,10374,Petrol,145,53.3,1.5
 3 Series,2015,15599,Manual,44379,Diesel,30,61.4,2.0
 X1,2017,18494,Manual,41950,Diesel,20,68.9,2.0
 X4,2015,22619,Manual,70601,Diesel,160,52.3,2.0
 X3,2016,18589,Automatic,83354,Diesel,145,54.3,2.0
 5 Series,2013,18454,Automatic,38000,Diesel,150,55.4,2.0
 3 Series,2014,17289,Automatic,41363,Diesel,125,60.1,2.0
 5 Series,2015,17263,Automatic,50355,Diesel,30,62.8,2.0
 5 Series,2016,15339,Automatic,97290,Diesel,30,62.8,2.0
 3 Series,2016,21964,Automatic,46003,Diesel,160,51.4,3.0
 1 Series,2017,16119,Manual,22449,Diesel,145,78.5,1.5
 1 Series,2019,19759,Manual,10514,Petrol,145,53.3,1.5
 1 Series,2019,20786,Automatic,12192,Petrol,145,55.5,1.5
 3 Series,2015,14624,Manual,49520,Diesel,30,67.3,2.0
 6 Series,2013,22541,Automatic,52635,Diesel,160,49.6,3.0
 2 Series,2016,15469,Manual,41312,Diesel,30,65.7,2.0
 1 Series,2016,14039,Manual,37025,Diesel,0,83.1,1.5
 1 Series,2016,15989,Automatic,57701,Diesel,30,62.8,2.0
 Z4,2014,17549,Automatic,44027,Petrol,200,41.5,2.0
 3 Series,2017,21969,Automatic,24501,Diesel,30,64.2,2.0
 X3,2015,18199,Manual,51715,Diesel,160,52.3,2.0
 5 Series,2007,5194,Manual,150000,Diesel,205,46.3,2.0
 7 Series,2017,38994,Automatic,73348,Diesel,145,54.3,3.0
 3 Series,2016,22094,Automatic,54153,Diesel,30,62.8,2.0
 1 Series,2013,9484,Manual,71000,Diesel,30,64.2,2.0
 3 Series,2016,18459,Manual,51098,Diesel,30,64.2,2.0
 1 Series,2019,19759,Manual,11191,Petrol,145,53.3,1.5
 3 Series,2014,12349,Manual,67911,Diesel,30,62.8,2.0
 3 Series,2015,14299,Manual,55988,Diesel,20,72.4,2.0
 1 Series,2016,18134,Manual,20867,Diesel,20,70.6,1.5
 1 Series,2013,9853,Automatic,81796,Diesel,30,62.8,2.0
 3 Series,2014,17549,Automatic,61829,Diesel,125,57.6,3.0
 2 Series,2016,15989,Manual,39613,Diesel,30,65.7,2.0
 5 Series,2016,25739,Automatic,20724,Diesel,160,51.4,3.0
 4 Series,2018,31199,Automatic,9544,Petrol,145,48.7,2.0
 2 Series,2016,11050,Manual,80250,Diesel,20,68.9,2.0
 3 Series,2016,15984,Automatic,72390,Hybrid,0,148.7,2.0
 4 Series,2014,22737,Automatic,20030,Petrol,165,44.1,2.0
 2 Series,2019,25633,Manual,7378,Petrol,150,52.3,1.5
 5 Series,2014,16250,Automatic,42007,Diesel,20,68.9,2.0
 1 Series,2017,20274,Automatic,24693,Petrol,145,54.3,1.5
 1 Series,2018,24699,Automatic,13760,Diesel,145,49.6,2.0
 2 Series,2016,15989,Manual,11656,Petrol,125,52.3,1.5
 3 Series,2013,10399,Manual,86000,Diesel,125,57.6,2.0
 4 Series,2014,13779,Manual,105850,Diesel,125,58.9,2.0
 5 Series,2015,16250,Automatic,106170,Diesel,160,51.4,3.0
 3 Series,2016,17804,Automatic,64590,Hybrid,0,148.7,2.0
 1 Series,2016,14034,Manual,56800,Diesel,20,70.6,1.5
 1 Series,2008,6104,Manual,101000,Diesel,125,58.9,2.0
 3 Series,2012,11044,Automatic,84000,Diesel,145,53.3,2.0
 1 Series,2006,3894,Manual,90000,Diesel,200,49.6,2.0
 X5,2016,36335,Automatic,37900,Diesel,200,47.1,3.0
 3 Series,2016,12350,Manual,88090,Diesel,20,72.4,2.0
 4 Series,2015,13000,Manual,99340,Diesel,30,62.8,2.0
 3 Series,2016,16634,Automatic,75400,Hybrid,0,148.7,2.0
 3 Series,2016,21969,Automatic,30803,Hybrid,0,134.5,2.0
 3 Series,2016,21969,Automatic,45587,Diesel,145,53.3,3.0
 1 Series,2016,13828,Manual,40245,Diesel,0,83.1,1.5
 1 Series,2014,10789,Manual,80207,Diesel,30,62.8,2.0
 1 Series,2014,15599,Automatic,12528,Petrol,125,50.4,1.6
 1 Series,2016,22749,Automatic,42355,Petrol,235,37.7,3.0
 4 Series,2016,22359,Automatic,41589,Diesel,160,49.6,3.0
 3 Series,2014,14819,Automatic,41700,Diesel,125,58.9,2.0
 3 Series,2017,31199,Automatic,19500,Diesel,205,49.6,3.0
 X3,2015,24699,Automatic,42400,Diesel,150,54.3,2.0
 X1,2018,29237,Automatic,11592,Petrol,145,44.8,2.0
 X5,2009,17147,Automatic,68000,Diesel,325,34.0,3.0
 3 Series,2008,5525,Automatic,141000,Petrol,235,39.8,3.0
 3 Series,2004,1878,Manual,162000,Diesel,205,49.6,2.0
 X3,2019,44106,Automatic,1799,Diesel,150,54.3,2.0
 1 Series,2019,24686,Manual,20442,Diesel,150,70.6,1.5
 5 Series,2017,28057,Automatic,34179,Diesel,150,65.7,2.0
 4 Series,2019,33084,Automatic,6890,Diesel,145,65.7,2.0
 2 Series,2019,28703,Automatic,3980,Diesel,145,67.3,2.0
 2 Series,2019,28002,Automatic,4802,Diesel,145,48.7,2.0
 3 Series,2017,25739,Automatic,15668,Diesel,145,64.2,2.0
 4 Series,2016,26833,Automatic,24939,Diesel,160,50.4,3.0
 6 Series,2017,29184,Automatic,14400,Diesel,160,51.4,3.0
 X3,2019,40884,Automatic,4726,Diesel,145,54.3,2.0
 4 Series,2016,29422,Automatic,31910,Petrol,200,41.5,3.0
 4 Series,2019,31989,Automatic,3480,Diesel,145,58.9,2.0
 2 Series,2020,36386,Manual,3890,Petrol,145,43.5,1.5
 2 Series,2020,49386,Automatic,3890,Petrol,145,36.2,2.0
 5 Series,2017,29862,Automatic,16151,Diesel,150,65.7,2.0
 X1,2018,27702,Manual,1794,Petrol,150,51.4,1.5
 1 Series,2016,14286,Manual,49761,Diesel,0,83.1,1.5
 2 Series,2017,18830,Automatic,21697,Petrol,30,55.4,1.5
 2 Series,2015,18388,Automatic,24322,Petrol,125,50.4,2.0
 X3,2019,41965,Automatic,2593,Diesel,145,54.3,2.0
 3 Series,2019,36852,Automatic,4884,Petrol,145,41.5,2.0
 1 Series,2016,14944,Automatic,54075,Diesel,20,70.6,2.0
 5 Series,2017,21437,Automatic,54678,Diesel,125,60.1,2.0
 5 Series,2016,22539,Automatic,34143,Diesel,160,51.4,3.0
 5 Series,2017,25892,Automatic,31996,Diesel,145,65.7,2.0
 4 Series,2016,20939,Automatic,46000,Diesel,30,65.7,2.0
 X5,2019,66819,Automatic,9803,Diesel,150,37.7,3.0
 1 Series,2017,17948,Manual,20038,Petrol,125,53.3,1.5
 1 Series,2016,25986,Manual,24322,Petrol,265,36.2,3.0
 4 Series,2017,23789,Automatic,19330,Petrol,150,44.8,2.0
 3 Series,2015,21158,Automatic,37676,Diesel,145,53.3,3.0
 X5,2014,27294,Automatic,72442,Diesel,200,47.1,3.0
 3 Series,2016,18194,Automatic,62730,Diesel,125,57.6,2.0
 3 Series,2012,12968,Automatic,64191,Diesel,160,50.4,2.0
 1 Series,2013,10394,Manual,76941,Diesel,125,60.1,2.0
 7 Series,2014,25994,Automatic,51932,Hybrid,195,41.5,3.0
 3 Series,2016,18818,Automatic,78878,Other,0,134.5,2.0
 3 Series,2017,18850,Automatic,74930,Hybrid,0,134.5,2.0
 1 Series,2015,12734,Manual,61140,Diesel,125,58.9,2.0
 2 Series,2016,13650,Automatic,115470,Hybrid,0,141.2,1.5
 5 Series,2015,15334,Automatic,110540,Diesel,145,53.3,3.0
 3 Series,2016,11954,Manual,93760,Diesel,20,72.4,2.0
 3 Series,2013,11954,Manual,82260,Diesel,30,62.8,2.0
 2 Series,2016,11050,Manual,94790,Diesel,0,74.3,1.5
 1 Series,2014,12350,Automatic,54020,Diesel,30,64.2,2.0
 3 Series,2013,11700,Manual,73070,Diesel,30,61.4,2.0
 X3,2012,15594,Automatic,72040,Diesel,160,50.4,2.0
 3 Series,1999,1560,Automatic,82000,Petrol,245,31.0,2.8
 1 Series,2012,14294,Manual,28000,Diesel,125,58.9,2.0
 3 Series,2016,15600,Automatic,97600,Diesel,30,64.2,2.0
 2 Series,2015,13384,Manual,102900,Diesel,30,64.2,2.0
 X1,2016,17284,Manual,71300,Diesel,125,58.9,2.0
 X5,2011,14885,Automatic,90734,Diesel,305,38.2,3.0
 1 Series,2010,6494,Manual,93800,Diesel,30,62.8,2.0
 1 Series,2014,13904,Manual,53310,Diesel,30,62.8,2.0
 5 Series,2015,13514,Automatic,114890,Diesel,125,60.1,2.0
 3 Series,2014,10134,Automatic,147110,Diesel,30,62.8,2.0
 1 Series,2014,13904,Automatic,64690,Diesel,30,64.2,2.0
 4 Series,2017,18850,Manual,46350,Diesel,30,62.8,2.0
 6 Series,2014,22750,Automatic,51920,Diesel,160,49.6,3.0
 3 Series,2017,20534,Automatic,64000,Hybrid,0,134.5,2.0
 5 Series,2013,14684,Automatic,76290,Diesel,145,55.4,2.0
 5 Series,2016,15334,Automatic,96620,Diesel,30,62.8,2.0
 2 Series,2016,14684,Manual,68940,Diesel,30,64.2,2.0
 2 Series,2015,7664,Manual,133670,Diesel,20,68.9,2.0
 1 Series,2016,12084,Manual,60740,Diesel,0,83.1,1.5
 4 Series,2016,19234,Automatic,80380,Diesel,125,58.9,2.0
 3 Series,2015,18200,Automatic,75800,Diesel,145,55.4,2.0
 3 Series,2011,15594,Manual,48000,Diesel,145,55.4,2.0
 X1,2013,15594,Manual,32000,Diesel,125,57.6,2.0
 1 Series,2012,11694,Manual,41000,Diesel,30,62.8,2.0
 Z4,2012,16244,Manual,40000,Petrol,200,41.5,2.0
 M5,2012,31194,Automatic,51000,Petrol,555,28.5,4.4
 Z4,2011,16894,Manual,26000,Petrol,300,33.2,2.5
 1 Series,2014,19494,Automatic,46000,Petrol,235,37.7,3.0
 1 Series,2017,20800,Manual,16758,Diesel,150,62.8,2.0
 X3,2019,44200,Automatic,2483,Petrol,145,30.4,2.0
 2 Series,2019,23725,Manual,6685,Diesel,150,65.7,2.0
 X3,2019,49400,Automatic,8794,Diesel,145,36.7,3.0
 M4,2019,58356,Automatic,299,Petrol,145,32.5,3.0
 2 Series,2018,21450,Manual,17123,Petrol,150,52.3,1.5
 X1,2016,22100,Automatic,46968,Diesel,125,57.6,2.0
 X1,2019,26000,Manual,12159,Petrol,150,51.4,1.5
 X3,2019,45500,Automatic,3252,Petrol,150,30.4,2.0
 5 Series,2019,42237,Automatic,5134,Hybrid,140,156.9,2.0
 4 Series,2018,27300,Automatic,18000,Diesel,150,65.7,2.0
 1 Series,2017,15925,Manual,24757,Petrol,150,56.5,1.5
 X5,2017,49400,Automatic,9038,Petrol,150,29.1,4.4
 2 Series,2019,28568,Automatic,9434,Diesel,145,48.7,2.0
 X2,2019,30225,Automatic,8579,Petrol,145,42.2,1.5
 X3,2019,40170,Automatic,2682,Petrol,145,30.4,2.0
 X3,2019,39000,Automatic,6797,Petrol,145,30.4,2.0
 4 Series,2019,30550,Automatic,8509,Diesel,145,65.7,2.0
 2 Series,2017,20475,Automatic,23200,Diesel,145,68.9,2.0
 5 Series,2019,51856,Automatic,6890,Diesel,145,53.3,3.0
 X7,2019,84226,Automatic,3890,Diesel,145,33.6,3.0
 3 Series,2019,32798,Automatic,6890,Diesel,145,48.7,2.0
 2 Series,2019,33084,Automatic,3890,Diesel,145,48.7,2.0
 4 Series,2019,31498,Automatic,3890,Diesel,145,60.1,2.0
 5 Series,2019,37426,Automatic,3890,Diesel,145,60.1,2.0
 4 Series,2019,33084,Automatic,6890,Diesel,145,65.7,2.0
 5 Series,2019,37374,Automatic,6890,Diesel,145,62.8,2.0
 7 Series,2017,74100,Automatic,11297,Petrol,145,22.1,6.6
 3 Series,2011,4550,Manual,149958,Diesel,30,62.8,2.0
 3 Series,2016,14300,Automatic,111160,Hybrid,0,148.7,2.0
 4 Series,2017,17550,Automatic,68410,Diesel,30,65.7,2.0
 4 Series,2016,13904,Manual,85520,Diesel,30,67.3,2.0
 1 Series,2012,6884,Manual,95360,Diesel,30,62.8,2.0
 2 Series,2017,20799,Manual,24216,Diesel,30,64.2,2.0
 5 Series,2014,16899,Automatic,43208,Diesel,125,57.6,2.0
 5 Series,2018,25999,Automatic,31905,Diesel,145,68.9,2.0
 X4,2016,25337,Automatic,59000,Diesel,145,54.3,2.0
 1 Series,2016,17537,Automatic,40000,Diesel,30,65.7,2.0
 3 Series,2013,12337,Automatic,46000,Petrol,145,47.9,1.6
 1 Series,2014,12727,Automatic,59000,Diesel,30,64.2,2.0
 5 Series,2013,18837,Automatic,38000,Petrol,200,43.5,2.0
 X3,2016,27287,Automatic,23000,Diesel,145,54.3,2.0
 X1,2010,8444,Manual,87300,Diesel,165,49.6,2.0
 5 Series,2016,24387,Automatic,10098,Diesel,125,60.1,2.0
 3 Series,2017,25739,Automatic,27273,Diesel,145,56.5,3.0
 X1,2016,18069,Manual,38775,Diesel,20,68.9,2.0
 5 Series,2016,23399,Automatic,27193,Diesel,160,50.4,3.0
 5 Series,2015,18199,Automatic,59420,Diesel,30,62.8,2.0
 3 Series,2016,19759,Automatic,84252,Hybrid,0,134.5,2.0
 3 Series,2016,18004,Manual,20640,Diesel,30,67.3,2.0
 2 Series,2017,22100,Automatic,36824,Diesel,150,60.1,2.0
 Z4,2008,18200,Manual,63000,Petrol,325,31.7,3.0
 Z3,2001,7735,Manual,60000,Petrol,325,30.7,2.2
 4 Series,2019,33150,Automatic,3250,Petrol,145,48.7,2.0
 M4,2019,52000,Automatic,1326,Petrol,145,34.0,3.0
 3 Series,2020,48100,Automatic,4691,Hybrid,135,8.8,2.0
 i8,2019,93600,Automatic,176,Hybrid,135,141.2,1.5
 X1,2019,34969,Automatic,3980,Diesel,145,60.1,2.0
 4 Series,2019,33734,Automatic,1510,Petrol,145,48.7,2.0
 2 Series,2019,34775,Automatic,4259,Petrol,145,39.8,3.0
 1 Series,2019,39000,Automatic,8501,Petrol,145,34.5,2.0
 3 Series,2016,22094,Automatic,61630,Diesel,145,53.3,3.0
 1 Series,2012,9094,Manual,93697,Diesel,125,60.1,2.0
 1 Series,2013,9087,Manual,68000,Petrol,125,52.3,1.6
 M3,2004,23205,Manual,60000,Petrol,325,23.3,3.2
 M3,2004,25350,Manual,46000,Petrol,325,23.3,3.2
 Z4,2004,11375,Manual,39000,Petrol,330,31.0,3.0
 Z4,2011,13585,Manual,64250,Petrol,305,33.2,2.5
 3 Series,2014,13975,Manual,59000,Diesel,125,58.9,2.0
 Z3,1997,5135,Manual,49000,Petrol,270,35.3,1.9
 Z3,1998,5135,Manual,56500,Petrol,270,35.3,1.9
 4 Series,2019,32370,Automatic,4980,Petrol,145,45.6,2.0
 X1,2016,22230,Automatic,24999,Diesel,125,57.6,2.0
 1 Series,2017,16900,Manual,46000,Petrol,125,52.3,1.5
 1 Series,2017,19402,Manual,31000,Petrol,145,46.3,2.0
 4 Series,2014,25642,Automatic,19500,Diesel,160,50.4,3.0
 1 Series,2017,27430,Automatic,11360,Petrol,145,39.8,3.0
 X6,2017,46800,Automatic,31931,Petrol,145,29.1,4.4
 2 Series,2019,27625,Automatic,10440,Diesel,145,62.8,2.0
 4 Series,2016,20475,Automatic,37484,Diesel,30,65.7,2.0
 X5,2017,41600,Automatic,29183,Diesel,150,47.1,3.0
 X3,2017,26650,Automatic,30448,Diesel,150,54.3,2.0
 3 Series,2018,25025,Automatic,28935,Diesel,145,64.2,2.0
 3 Series,2015,17095,Automatic,54204,Diesel,125,61.4,2.0
 5 Series,2002,9087,Automatic,78316,Petrol,325,23.7,3.5
 7 Series,2016,31187,Automatic,34000,Diesel,125,57.6,3.0
 X5,2015,33787,Automatic,47000,Diesel,200,47.1,3.0
 X4,2015,23387,Automatic,66000,Diesel,145,54.3,2.0
 X5,2016,37687,Automatic,29000,Diesel,205,47.1,3.0
 1 Series,2012,11687,Automatic,64000,Diesel,165,51.4,2.0
 X1,2017,27287,Automatic,8000,Diesel,150,60.1,2.0
 3 Series,2016,24687,Automatic,26000,Other,0,134.5,2.0
 1 Series,2017,28587,Automatic,18000,Petrol,205,39.8,3.0
 X6,2017,41587,Automatic,42000,Diesel,150,42.8,3.0
 4 Series,2017,23400,Automatic,22462,Diesel,150,65.7,2.0
 X5,2017,35750,Automatic,9748,Diesel,150,47.9,3.0
 X3,2017,30225,Automatic,10897,Diesel,150,54.3,2.0
 1 Series,2017,25285,Automatic,45000,Petrol,150,39.8,3.0
 3 Series,2014,19487,Manual,27000,Diesel,150,55.4,2.0
 M5,2016,46794,Automatic,39200,Petrol,555,28.5,4.4
 3 Series,2008,5187,Automatic,123023,Petrol,200,42.2,2.0
 3 Series,2008,7787,Manual,108000,Petrol,235,38.7,3.0
 3 Series,2002,3887,Manual,121821,Petrol,330,29.4,2.5
 3 Series,2004,5187,Manual,82785,Petrol,330,29.4,2.5
 3 Series,2014,7787,Manual,138750,Diesel,30,65.7,2.0
 3 Series,2014,16887,Manual,30000,Petrol,160,44.8,2.0
 1 Series,2016,15587,Manual,39000,Diesel,20,70.6,1.5
 3 Series,2015,19487,Automatic,26000,Diesel,30,64.2,2.0
 M5,2014,30537,Automatic,55241,Petrol,555,28.5,4.4
 4 Series,2014,23725,Automatic,18000,Diesel,160,50.4,3.0
 X3,2017,26650,Automatic,32248,Diesel,145,54.3,2.0
 3 Series,2016,24687,Automatic,30000,Diesel,145,56.5,3.0
 2 Series,2017,24687,Automatic,14000,Diesel,145,65.7,2.0
 X6,2018,45487,Automatic,40000,Diesel,145,40.9,3.0
 3 Series,2017,28587,Automatic,24000,Diesel,145,51.4,3.0
 X4,2019,45487,Automatic,7000,Diesel,150,42.8,2.0
 X1,2016,25987,Automatic,20000,Diesel,150,56.5,2.0
 4 Series,2015,29894,Automatic,20454,Petrol,260,37.2,3.0
 5 Series,2018,38994,Automatic,9034,Diesel,145,60.1,3.0
 X4,2016,31194,Automatic,44572,Diesel,200,47.9,3.0
 5 Series,2017,40294,Automatic,38089,Petrol,145,39.2,3.0
 2 Series,2016,25994,Automatic,53472,Petrol,200,39.8,3.0
 3 Series,2016,31844,Automatic,45853,Diesel,200,49.6,3.0
 3 Series,2015,24694,Automatic,31500,Diesel,140,56.5,3.0
 5 Series,2017,35744,Automatic,43503,Diesel,145,53.3,3.0
 3 Series,2014,14235,Automatic,42000,Diesel,30,62.8,2.0
 X5,2016,53235,Automatic,20000,Petrol,570,25.4,4.4
 M4,2019,53235,Semi-Auto,12000,Petrol,145,34.0,3.0
 1 Series,2014,15587,Automatic,24500,Petrol,145,48.7,1.6
 4 Series,2013,22087,Automatic,47770,Petrol,165,44.1,2.0
 3 Series,2012,14950,Automatic,41600,Diesel,160,50.4,2.0
 X6,2014,21775,Automatic,68787,Diesel,305,37.7,3.0
 1 Series,2017,27937,Automatic,20000,Petrol,150,39.8,3.0
 3 Series,2014,17804,Manual,51000,Diesel,125,57.6,2.0
 4 Series,2016,49322,Semi-Auto,21600,Petrol,300,34.0,3.0
 1 Series,2013,12935,Automatic,62000,Diesel,30,64.2,2.0
 X7,2019,88335,Automatic,15000,Diesel,145,31.4,3.0
 1 Series,2012,9087,Manual,58000,Diesel,30,62.8,2.0
 5 Series,2012,15587,Automatic,84000,Diesel,165,51.4,3.0
 1 Series,2010,7794,Manual,106000,Diesel,150,56.5,2.0
 1 Series,2012,8775,Manual,60000,Diesel,125,58.9,2.0
 3 Series,2017,19760,Automatic,19147,Petrol,145,47.9,2.0
 3 Series,2007,5050,Automatic,97284,Diesel,260,42.2,2.0
 X5,2014,27280,Automatic,40000,Diesel,200,47.9,3.0
 1 Series,2013,11030,Manual,36075,Diesel,30,62.8,2.0
 2 Series,2018,23920,Automatic,12004,Petrol,145,50.4,1.5
 1 Series,2010,3185,Manual,117454,Diesel,30,62.8,2.0
 3 Series,2012,9100,Manual,93819,Diesel,20,68.9,2.0
 3 Series,2017,22945,Automatic,29426,Petrol,200,43.5,2.0
 3 Series,2013,12870,Automatic,89543,Diesel,125,60.1,2.0
 1 Series,2013,19890,Manual,39872,Petrol,300,33.2,3.0
 X1,2015,21580,Automatic,44105,Diesel,125,57.6,2.0
 i3,2016,21450,Automatic,35446,Hybrid,0,470.8,0.0
 X3,2016,24700,Automatic,22492,Diesel,145,54.3,2.0
 X3,2013,20150,Automatic,30000,Diesel,165,50.4,2.0
 X5,2016,34125,Automatic,29614,Diesel,205,47.1,3.0
 6 Series,2014,21450,Automatic,59295,Diesel,160,49.6,3.0
 7 Series,2019,63700,Automatic,2000,Hybrid,135,113.0,2.0
 X5,2017,35100,Automatic,21470,Diesel,145,45.6,3.0
 i8,2015,49394,Automatic,48800,Other,0,134.5,1.5
 X5,2014,32499,Automatic,52484,Diesel,200,47.1,3.0
 3 Series,2013,9749,Manual,112000,Diesel,20,68.9,2.0
 1 Series,2016,11699,Manual,94300,Diesel,0,83.1,1.5
 3 Series,2016,23399,Automatic,45000,Diesel,160,49.6,3.0
 1 Series,2016,11699,Manual,106600,Diesel,0,83.1,1.5
 1 Series,2016,16249,Manual,42150,Petrol,125,53.3,1.5
 Z3,1999,5135,Manual,58000,Petrol,270,35.3,1.9
 M3,2009,22035,Manual,65000,Petrol,580,21.9,4.0
 M3,2009,22035,Manual,65000,Petrol,580,21.9,4.0
 3 Series,2008,7780,Automatic,76000,Petrol,235,39.2,3.0
 3 Series,2013,14280,Automatic,70000,Diesel,165,50.4,2.0
 3 Series,2013,14280,Automatic,70000,Diesel,165,50.4,2.0
 5 Series,2017,20794,Automatic,59069,Diesel,30,68.9,2.0
 3 Series,2013,15145,Manual,50708,Petrol,200,41.5,2.0
 1 Series,2015,15594,Automatic,32840,Petrol,125,50.4,1.6
 2 Series,2016,20144,Automatic,34391,Diesel,20,68.9,1.5
 X1,2015,17544,Automatic,30951,Diesel,165,52.3,2.0
 1 Series,2014,19884,Automatic,28893,Petrol,235,37.7,3.0
 X1,2012,11699,Manual,41000,Diesel,160,51.4,2.0
 1 Series,2015,20149,Automatic,32000,Petrol,235,37.7,3.0
 3 Series,2013,15599,Manual,40000,Diesel,125,57.6,2.0
 X5,2014,25999,Automatic,80000,Diesel,200,47.9,2.0
 X3,2014,18199,Automatic,106870,Diesel,150,54.3,2.0
 1 Series,2016,12999,Manual,82850,Diesel,0,83.1,1.5
 4 Series,2016,18199,Manual,43000,Diesel,30,67.3,2.0
 X3,2011,12999,Automatic,72500,Diesel,165,50.4,2.0
 1 Series,2016,12344,Manual,49000,Petrol,30,56.5,1.5
 3 Series,2009,8704,Manual,77000,Diesel,145,53.3,2.0
 5 Series,2004,5525,Automatic,90000,Petrol,325,26.6,4.4
 5 Series,2012,12349,Automatic,129000,Diesel,165,51.4,3.0
 5 Series,2012,11635,Manual,56700,Diesel,30,62.8,2.0
 Z4,2004,2594,Manual,114000,Petrol,325,32.1,2.2
 X3,2017,25974,Automatic,55780,Diesel,150,54.3,2.0
 3 Series,2018,31200,Automatic,15331,Petrol,145,40.4,3.0
 X5,2019,57200,Automatic,11900,Diesel,145,37.7,3.0
 X5,2017,40300,Automatic,30749,Diesel,145,47.1,3.0
 1 Series,2013,9750,Manual,29000,Diesel,120,58.9,2.0
 1 Series,2009,6884,Manual,77000,Petrol,205,42.8,2.0
 6 Series,2016,28334,Automatic,27483,Diesel,200,49.6,3.0
 3 Series,2013,12084,Manual,55125,Diesel,30,62.8,2.0
 1 Series,2012,7144,Manual,73853,Diesel,125,60.1,2.0
 1 Series,2013,19499,Automatic,45000,Petrol,235,37.7,3.0
 X5,2017,45499,Automatic,30000,Other,130,85.6,2.0
 1 Series,2013,11699,Manual,57000,Diesel,30,65.7,2.0
 1 Series,2015,11699,Manual,97800,Diesel,0,83.1,1.5
 3 Series,2014,14937,Automatic,51783,Diesel,125,60.1,2.0
 X4,2016,29237,Automatic,57000,Diesel,205,47.1,3.0
 3 Series,2009,7799,Automatic,120000,Petrol,305,34.0,3.0
 X5,2017,38935,Automatic,23000,Diesel,145,50.4,2.0
 X5,2016,51932,Automatic,49000,Petrol,570,25.4,0.0
 Z4,2016,24632,Automatic,10000,Petrol,205,41.5,2.0
 M5,2018,85732,Automatic,13500,Petrol,150,24.1,4.4
 M5,2019,90932,Automatic,13000,Petrol,150,24.1,4.4
 1 Series,2017,22682,Automatic,8000,Petrol,150,54.3,1.5
 X5,2013,25932,Automatic,43000,Diesel,305,38.2,3.0
 X3,2014,20794,Automatic,35000,Diesel,160,50.4,2.0
 X5,2009,14157,Automatic,71000,Diesel,330,34.4,3.0
 7 Series,2007,6760,Automatic,83000,Diesel,325,34.4,2.5
 1 Series,2008,3899,Manual,92000,Petrol,200,44.1,2.0
 3 Series,2016,20144,Automatic,32000,Other,0,148.7,2.0
 1 Series,2012,8444,Manual,78600,Petrol,145,49.6,1.6
 M5,2019,90994,Automatic,3700,Petrol,145,24.1,4.4
 2 Series,2016,16504,Manual,42000,Petrol,125,53.3,1.5
 X3,2007,6487,Automatic,100000,Diesel,555,32.8,3.0
 3 Series,2012,14937,Automatic,89977,Diesel,125,60.1,2.0
 1 Series,2012,9100,Manual,68397,Diesel,30,62.8,2.0
 X3,2012,14040,Automatic,62335,Diesel,160,50.4,2.0
 X4,2015,28340,Automatic,26722,Diesel,205,47.9,3.0
 Z4,2014,17160,Manual,37957,Petrol,200,41.5,2.0
 M2,2018,30544,Automatic,17000,Petrol,145,39.8,3.0
 M2,2018,51994,Semi-Auto,6120,Petrol,150,29.1,3.0
 3 Series,2011,9744,Automatic,102000,Diesel,200,46.3,3.0
 5 Series,2010,9074,Automatic,164500,Diesel,140,53.3,2.0
 3 Series,2012,8424,Manual,112000,Diesel,30,61.4,2.0
 3 Series,2000,2015,Automatic,93000,Petrol,270,29.7,2.5
 1 Series,2018,19175,Automatic,24791,Petrol,150,55.5,1.5
 X1,2017,21814,Manual,33941,Diesel,125,58.9,2.0
 3 Series,2002,3055,Manual,99000,Petrol,325,30.1,2.2
 X5,2011,20774,Automatic,46000,Petrol,570,22.6,4.4
 X1,2013,9932,Manual,67000,Diesel,160,51.4,2.0
 X3,2014,12987,Automatic,107000,Diesel,165,50.4,2.0
 5 Series,2012,14872,Automatic,71000,Diesel,240,43.5,3.0
 X3,2011,10972,Automatic,85000,Diesel,165,50.4,2.0
 M4,2018,47372,Automatic,16000,Petrol,150,34.0,3.0
 3 Series,2009,6162,Manual,91000,Diesel,125,57.6,2.0
 3 Series,2009,4537,Manual,89000,Petrol,165,47.9,2.0
 5 Series,2013,9087,Automatic,108000,Diesel,125,57.6,2.0
 3 Series,2006,3634,Manual,76000,Diesel,160,50.4,2.0
 1 Series,2010,4355,Manual,93890,Diesel,30,62.8,2.0
 3 Series,2007,3315,Manual,103000,Diesel,205,49.6,2.0
 X2,2019,36400,Automatic,2920,Diesel,150,58.9,2.0
 X1,2016,27807,Automatic,22595,Petrol,160,44.8,2.0
 5 Series,2017,27807,Automatic,33543,Diesel,150,65.7,2.0
 3 Series,2012,10399,Automatic,85000,Diesel,20,68.9,2.0
 1 Series,2013,15599,Automatic,33000,Diesel,30,64.2,2.0
 5 Series,2010,15599,Automatic,55000,Petrol,555,27.2,4.4
 5 Series,2007,3249,Automatic,129000,Diesel,330,35.8,2.5
 5 Series,2010,8450,Automatic,129000,Diesel,205,46.3,3.0
 7 Series,2012,16244,Automatic,41000,Diesel,260,41.5,3.0
 3 Series,2013,14944,Automatic,62000,Diesel,30,62.8,2.0
 M4,2017,41600,Automatic,24905,Petrol,150,34.0,3.0
 5 Series,2018,34827,Automatic,20000,Hybrid,140,156.9,2.0
 5 Series,2017,31044,Automatic,6002,Hybrid,140,156.9,2.0
 X4,2019,71500,Automatic,2233,Petrol,145,24.8,3.0
 2 Series,2019,24947,Automatic,12790,Diesel,145,51.4,2.0
 1 Series,2015,18200,Automatic,17543,Diesel,20,70.6,2.0
 3 Series,2018,26637,Automatic,12054,Diesel,150,64.2,2.0
 1 Series,2017,18577,Manual,23674,Petrol,125,52.3,1.5
 1 Series,2015,10062,Manual,85000,Diesel,0,83.1,1.5
 X1,2018,25025,Automatic,4972,Diesel,145,60.1,2.0
 X2,2019,27820,Automatic,11151,Petrol,145,40.4,2.0
 5 Series,2018,25350,Automatic,37281,Petrol,145,50.4,2.0
 5 Series,2018,25350,Automatic,42226,Petrol,145,50.4,2.0
 1 Series,2017,18200,Automatic,40511,Diesel,145,62.8,2.0
 X1,2017,21320,Automatic,29657,Diesel,145,65.7,2.0
 3 Series,2018,22100,Automatic,10877,Petrol,145,54.3,1.5
 1 Series,2016,16900,Manual,21909,Petrol,125,52.3,1.5
 1 Series,2017,28444,Automatic,25611,Petrol,145,39.8,3.0
 X5,2019,62400,Automatic,7513,Diesel,150,37.7,3.0
 X5,2019,84500,Automatic,7374,Hybrid,140,188.3,3.0
 1 Series,2016,14560,Manual,17863,Diesel,0,83.1,1.5
 1 Series,2017,15600,Manual,41927,Diesel,145,68.9,2.0
 3 Series,2015,19890,Automatic,51344,Diesel,165,52.3,3.0
 X6,2019,74100,Automatic,8480,Diesel,150,34.9,3.0
 2 Series,2018,23257,Automatic,9370,Petrol,150,40.9,1.5
 2 Series,2020,41067,Manual,980,Petrol,145,43.5,1.5
 1 Series,2013,12844,Automatic,53346,Petrol,145,48.7,1.6
 X1,2017,25337,Automatic,27988,Diesel,145,57.6,2.0
 2 Series,2016,17927,Manual,11338,Diesel,30,65.7,2.0
 X2,2018,29900,Automatic,10369,Diesel,145,58.9,2.0
 6 Series,2016,23985,Automatic,32449,Diesel,160,51.4,3.0
 4 Series,2016,20475,Automatic,62046,Diesel,30,65.7,2.0
 5 Series,2015,17680,Automatic,60892,Diesel,125,60.1,2.0
 2 Series,2020,32500,Automatic,2980,Petrol,145,40.9,1.5
 X1,2014,16744,Automatic,38206,Diesel,145,56.5,2.0
 2 Series,2016,16367,Automatic,45458,Diesel,20,68.9,2.0
 3 Series,2018,33800,Automatic,11261,Petrol,145,41.5,3.0
 2 Series,2017,19500,Automatic,41419,Other,0,141.2,1.5
 3 Series,2017,23400,Automatic,24599,Diesel,150,62.8,2.0
 4 Series,2015,16900,Automatic,56131,Diesel,30,62.8,2.0
 X4,2016,27820,Automatic,44352,Diesel,150,54.3,2.0
 X4,2017,31070,Automatic,23604,Diesel,150,54.3,2.0
 X3,2016,21125,Automatic,74838,Diesel,145,54.3,2.0
 3 Series,2016,14300,Manual,68052,Diesel,20,68.9,2.0
 5 Series,2017,21320,Automatic,39728,Diesel,125,60.1,2.0
 3 Series,2017,18460,Manual,24589,Diesel,150,67.3,2.0
 X3,2016,25090,Manual,29281,Diesel,165,52.3,2.0
 1 Series,2019,21970,Automatic,4176,Petrol,145,55.5,1.5
 i3,2017,26000,Automatic,19178,Other,0,470.8,0.6
 1 Series,2019,24310,Automatic,9520,Petrol,150,54.3,1.5
 X1,2017,22750,Automatic,44882,Petrol,165,44.8,2.0
 3 Series,2016,18590,Manual,20955,Petrol,205,40.4,2.0
 X3,2013,17030,Automatic,63505,Diesel,165,50.4,2.0
 3 Series,2017,21320,Automatic,66782,Other,140,134.5,2.0
 i3,2017,25350,Automatic,23956,Other,135,470.8,0.6
 4 Series,2018,23790,Automatic,37491,Petrol,145,45.6,2.0
 3 Series,2017,21710,Automatic,61968,Other,140,134.5,2.0
 X5,2016,31200,Automatic,72219,Diesel,205,47.1,3.0
 3 Series,2018,24180,Automatic,33254,Diesel,150,64.2,2.0
 3 Series,2016,16510,Automatic,47266,Diesel,30,65.7,2.0
 1 Series,2013,11700,Manual,39856,Diesel,125,58.9,2.0
 3 Series,2016,18005,Automatic,32869,Diesel,30,67.3,2.0
 1 Series,2017,15210,Automatic,69643,Diesel,30,62.8,2.0
 1 Series,2015,16835,Automatic,74238,Diesel,125,60.1,2.0
 1 Series,2015,14300,Manual,40829,Diesel,20,70.6,1.5
 3 Series,2018,19500,Automatic,39758,Petrol,145,51.4,2.0
 5 Series,2017,21320,Automatic,67287,Diesel,20,68.9,2.0
 1 Series,2017,17160,Automatic,24614,Petrol,150,58.9,1.5
 5 Series,2016,21580,Automatic,21166,Diesel,30,62.8,2.0
 X1,2017,16510,Manual,62344,Diesel,150,68.9,2.0
 X3,2015,15925,Automatic,91083,Diesel,150,54.3,2.0
 X1,2014,14300,Automatic,37905,Diesel,165,52.3,2.0
 3 Series,2016,19175,Automatic,67801,Diesel,125,60.1,2.0
 3 Series,2016,14690,Automatic,73178,Diesel,20,70.6,2.0
 2 Series,2015,13650,Automatic,44056,Petrol,30,55.4,1.5
 5 Series,2016,15925,Automatic,83189,Diesel,20,68.9,2.0
 X2,2020,44057,Automatic,1980,Petrol,145,34.0,2.0
 X5,2019,67457,Automatic,5980,Diesel,145,37.7,3.0
 X7,2019,90844,Automatic,3980,Diesel,145,31.4,3.0
 5 Series,2015,17420,Automatic,56889,Diesel,30,62.8,2.0
 5 Series,2017,20475,Automatic,28762,Diesel,30,62.8,2.0
 X3,2016,24505,Automatic,56782,Diesel,145,54.3,2.0
 3 Series,2020,57044,Automatic,5980,Hybrid,135,8.8,2.0
 2 Series,2019,27807,Automatic,9490,Petrol,145,39.2,1.5
 X6,2019,73177,Automatic,5980,Diesel,145,34.9,3.0
 7 Series,2019,62257,Automatic,7414,Diesel,145,44.8,3.0
 X3,2017,31707,Automatic,23389,Diesel,150,54.3,2.0
 2 Series,2017,19630,Manual,31265,Petrol,145,47.1,1.5
 X3,2016,17420,Automatic,85575,Diesel,150,54.3,2.0
 X3,2017,28210,Automatic,21617,Diesel,150,54.3,2.0
 5 Series,2017,18460,Automatic,65319,Diesel,125,60.1,2.0
 3 Series,2016,16900,Automatic,34303,Petrol,125,54.3,1.5
 1 Series,2016,13650,Manual,45340,Diesel,0,83.1,1.5
 X1,2016,15535,Automatic,89114,Diesel,30,65.7,2.0
 3 Series,2013,13260,Automatic,74561,Diesel,30,62.8,2.0
 3 Series,2017,16575,Manual,41732,Petrol,145,48.7,2.0
 X1,2016,21320,Automatic,47406,Diesel,125,57.6,2.0
 7 Series,2016,34840,Automatic,30194,Diesel,150,54.3,3.0
 1 Series,2016,12740,Manual,33835,Petrol,30,56.5,1.5
 5 Series,2016,18200,Automatic,48403,Diesel,30,62.8,2.0
 3 Series,2013,11440,Manual,60863,Diesel,125,57.6,2.0
 2 Series,2017,16900,Manual,28706,Petrol,125,52.3,1.5
 5 Series,2017,21710,Automatic,36164,Diesel,125,60.1,2.0
 4 Series,2016,21710,Automatic,43463,Diesel,30,65.7,2.0
 2 Series,2015,17810,Automatic,52541,Diesel,125,57.6,2.0
 X1,2016,18850,Automatic,51505,Diesel,30,65.7,2.0
 1 Series,2016,16900,Automatic,24297,Diesel,20,72.4,1.5
 3 Series,2016,20800,Automatic,34383,Diesel,30,64.2,2.0
 3 Series,2017,17290,Automatic,41685,Diesel,145,67.3,2.0
 X1,2017,17420,Manual,44580,Diesel,150,68.9,2.0
 2 Series,2018,22620,Automatic,7209,Petrol,150,40.9,1.5
 1 Series,2014,11700,Manual,39719,Diesel,30,65.7,2.0
 5 Series,2015,17485,Automatic,64560,Diesel,30,62.8,2.0
 X4,2016,28470,Automatic,20737,Diesel,145,54.3,2.0
 1 Series,2017,18070,Automatic,31672,Diesel,20,67.3,2.0
 3 Series,2016,20540,Automatic,16319,Diesel,30,64.2,2.0
 4 Series,2019,33794,Automatic,5000,Petrol,150,45.6,2.0
 2 Series,2017,18590,Manual,22445,Petrol,125,50.4,1.5
 1 Series,2016,15860,Manual,17941,Petrol,125,53.3,1.5
 1 Series,2017,13650,Manual,48781,Diesel,145,68.9,2.0
 5 Series,2014,15210,Manual,50347,Diesel,125,57.6,2.0
 5 Series,2017,18070,Automatic,69110,Diesel,125,60.1,2.0
 3 Series,2016,17940,Manual,15539,Diesel,30,67.3,2.0
 5 Series,2017,24310,Automatic,28893,Diesel,150,68.9,2.0
 5 Series,2017,19500,Automatic,41026,Diesel,30,62.8,2.0
 X5,2016,29770,Automatic,42421,Diesel,160,50.4,2.0
 2 Series,2017,15340,Manual,31601,Diesel,150,74.3,1.5
 X5,2015,27300,Automatic,32352,Diesel,150,53.3,2.0
 3 Series,2013,9094,Manual,93729,Petrol,125,53.3,1.6
 3 Series,2012,10394,Automatic,77028,Diesel,30,62.8,2.0
 3 Series,2006,5200,Automatic,61808,Petrol,305,35.8,2.0
 X1,2010,8444,Automatic,90000,Diesel,200,45.6,2.0
 3 Series,2014,17160,Automatic,58436,Diesel,145,56.5,2.0
 2 Series,2016,15860,Manual,33764,Diesel,20,74.3,1.5
 1 Series,2017,15405,Manual,32285,Diesel,150,68.9,2.0
 1 Series,2016,14040,Manual,27109,Petrol,125,53.3,1.5
 5 Series,2019,31720,Automatic,32025,Petrol,150,47.9,2.0
 7 Series,2017,30940,Automatic,22363,Diesel,150,60.1,3.0
 2 Series,2017,18980,Automatic,24170,Petrol,145,53.3,1.5
 3 Series,2012,11050,Automatic,73575,Diesel,30,62.8,2.0
 3 Series,2014,19890,Automatic,36846,Diesel,125,57.6,3.0
 3 Series,2016,16120,Manual,34657,Diesel,20,68.9,2.0
 3 Series,2017,15600,Manual,57363,Diesel,20,68.9,2.0
 1 Series,2015,11440,Manual,59496,Diesel,0,83.1,1.5
 5 Series,2016,16900,Manual,39178,Diesel,30,65.7,2.0
 2 Series,2017,16770,Automatic,22920,Diesel,20,68.9,2.0
 3 Series,2015,12480,Manual,56398,Diesel,20,68.9,2.0
 1 Series,2017,21710,Automatic,25076,Diesel,125,60.1,2.0
 4 Series,2016,17940,Automatic,68589,Diesel,30,65.7,2.0
 1 Series,2018,21710,Manual,16411,Diesel,145,49.6,2.0
 1 Series,2016,15470,Manual,23109,Petrol,125,53.3,1.5
 1 Series,2016,11830,Automatic,81751,Diesel,0,78.5,1.5
 3 Series,2016,15730,Manual,53855,Diesel,30,62.8,2.0
 1 Series,2014,11440,Manual,35974,Diesel,0,74.3,1.6
 7 Series,2012,16250,Automatic,66294,Diesel,160,50.4,3.0
 3 Series,2016,14040,Automatic,80077,Diesel,20,70.6,2.0
 5 Series,2015,18850,Automatic,33731,Diesel,30,62.8,2.0
 X3,2016,27040,Automatic,26464,Diesel,145,54.3,2.0
 2 Series,2016,15990,Manual,24073,Petrol,30,55.4,1.5
 5 Series,2017,17940,Automatic,81749,Diesel,30,62.8,2.0
 5 Series,2017,21905,Automatic,30262,Diesel,125,60.1,2.0
 3 Series,2018,22620,Automatic,32663,Diesel,145,64.2,2.0
 1 Series,2017,18590,Manual,21323,Petrol,145,52.3,1.5
 2 Series,2016,16120,Automatic,44511,Diesel,30,64.2,2.0
 1 Series,2015,13260,Manual,61296,Diesel,30,65.7,2.0
 X3,2016,24440,Automatic,46911,Diesel,150,54.3,2.0
 1 Series,2016,13780,Manual,35590,Diesel,20,72.4,1.5
 4 Series,2017,21450,Automatic,62368,Diesel,150,58.9,2.0
 1 Series,2012,10920,Manual,31609,Diesel,30,62.8,2.0
 5 Series,2016,17550,Automatic,91587,Diesel,165,51.4,3.0
 5 Series,2016,20930,Automatic,28344,Diesel,30,62.8,2.0
 3 Series,2017,15210,Manual,39461,Diesel,145,64.2,2.0
 1 Series,2017,12220,Manual,65681,Diesel,20,70.6,2.0
 4 Series,2016,17290,Automatic,83259,Diesel,30,65.7,2.0
 1 Series,2016,12870,Manual,41475,Diesel,0,78.5,1.5
 2 Series,2017,12740,Manual,51594,Diesel,0,74.3,1.5
 1 Series,2018,19240,Manual,22961,Petrol,145,37.2,1.5
 3 Series,2017,15990,Manual,40982,Diesel,145,67.3,2.0
 2 Series,2016,16380,Manual,21819,Diesel,20,74.3,1.5
 1 Series,2017,18070,Manual,18716,Diesel,145,65.7,2.0
 5 Series,2017,17160,Automatic,74619,Diesel,125,60.1,2.0
 X4,2014,21710,Manual,44678,Diesel,160,52.3,2.0
 1 Series,2014,14430,Automatic,35051,Diesel,30,64.2,2.0
 1 Series,2015,11700,Manual,46295,Diesel,0,83.1,1.5
 3 Series,2014,14820,Automatic,38055,Diesel,30,62.8,2.0
 3 Series,2013,11694,Manual,51000,Diesel,30,62.8,2.0
 3 Series,2015,17420,Automatic,24741,Diesel,30,62.8,2.0
 3 Series,2016,15990,Manual,33038,Diesel,20,72.4,2.0
 3 Series,2013,12350,Manual,32122,Petrol,145,47.9,1.6
 1 Series,2017,14950,Manual,23574,Diesel,0,83.1,1.5
 X1,2016,16380,Manual,71848,Diesel,125,58.9,2.0
 X5,2015,28730,Automatic,65879,Diesel,200,47.1,3.0
 3 Series,2017,15860,Manual,50649,Petrol,145,48.7,2.0
 4 Series,2017,27170,Automatic,18098,Petrol,145,48.7,2.0
 1 Series,2015,14950,Manual,21565,Diesel,30,64.2,2.0
 3 Series,2016,18850,Automatic,55927,Diesel,30,62.8,2.0
 1 Series,2017,17030,Manual,28850,Diesel,145,70.6,1.5
 3 Series,2017,20540,Manual,28588,Petrol,145,45.6,2.0
 1 Series,2016,16120,Manual,42309,Diesel,30,65.7,2.0
 5 Series,2016,14300,Manual,89823,Diesel,30,62.8,2.0
 3 Series,2016,21580,Automatic,23114,Diesel,145,53.3,3.0
 3 Series,2016,18070,Manual,59341,Diesel,30,64.2,2.0
 1 Series,2016,11044,Manual,83830,Diesel,20,72.4,1.5
 5 Series,2014,10394,Automatic,126100,Diesel,30,62.8,2.0
 3 Series,2011,6487,Manual,131000,Diesel,30,62.8,2.0
 3 Series,2008,11427,Manual,85000,Petrol,555,28.5,3.0
 3 Series,2006,7397,Automatic,95000,Petrol,555,29.7,3.0
 3 Series,2010,6877,Manual,80000,Petrol,165,44.8,2.0
 1 Series,2017,16120,Manual,40461,Diesel,30,62.8,2.0
 1 Series,2016,17940,Automatic,31715,Diesel,20,67.3,2.0
 X4,2015,25610,Automatic,59975,Diesel,200,47.9,3.0
 3 Series,2016,20280,Automatic,45900,Diesel,145,53.3,3.0
 5 Series,2013,15860,Automatic,62009,Diesel,145,55.4,2.0
 5 Series,2015,14950,Manual,56203,Diesel,30,62.8,2.0
 X5,2016,24310,Automatic,87467,Diesel,160,50.4,2.0
 3 Series,2013,12220,Automatic,46577,Petrol,150,47.9,1.6
 3 Series,2014,11180,Automatic,78871,Diesel,30,62.8,2.0
 3 Series,2017,22490,Automatic,27288,Petrol,150,46.3,2.0
 2 Series,2016,14300,Automatic,50791,Diesel,20,68.9,2.0
 5 Series,2016,18460,Automatic,55573,Diesel,30,62.8,2.0
 5 Series,2016,17680,Automatic,64598,Diesel,30,62.8,2.0
 X1,2013,10530,Manual,48532,Diesel,160,51.4,2.0
 X1,2017,21320,Automatic,64842,Diesel,145,57.6,2.0
 2 Series,2016,13520,Manual,37567,Diesel,0,74.3,1.5
 5 Series,2017,17810,Automatic,54589,Diesel,20,68.9,2.0
 5 Series,2016,18070,Automatic,60187,Diesel,30,62.8,2.0
 1 Series,2016,14430,Manual,31029,Petrol,125,53.3,1.5
 1 Series,2017,17160,Manual,18638,Diesel,145,65.7,2.0
 1 Series,2016,12610,Manual,37680,Diesel,0,83.1,1.5
 3 Series,2017,15990,Manual,47308,Diesel,145,72.4,2.0
 3 Series,2017,17680,Automatic,53208,Diesel,145,70.6,2.0
 3 Series,2017,21580,Manual,21478,Diesel,145,58.9,2.0
 1 Series,2014,10399,Manual,67610,Diesel,0,74.3,1.6
 1 Series,2017,16900,Manual,26050,Diesel,145,68.9,2.0
 1 Series,2016,14430,Manual,26589,Diesel,0,83.1,1.5
 5 Series,2012,12740,Manual,73350,Diesel,125,57.6,2.0
 3 Series,2017,23400,Automatic,12099,Diesel,145,64.2,2.0
 1 Series,2017,19500,Automatic,29828,Diesel,20,67.3,2.0
 X3,2017,19370,Automatic,53325,Diesel,145,54.3,2.0
 1 Series,2015,13390,Automatic,44033,Diesel,20,72.4,1.5
 2 Series,2015,16510,Manual,54813,Diesel,30,60.1,2.0
 3 Series,2017,20800,Automatic,53055,Other,0,134.5,2.0
 2 Series,2016,13520,Manual,68489,Diesel,30,64.2,2.0
 1 Series,2016,19630,Automatic,21748,Diesel,20,67.3,2.0
 5 Series,2017,23270,Automatic,41284,Diesel,20,68.9,2.0
 5 Series,2017,21580,Automatic,37139,Diesel,125,60.1,2.0
 4 Series,2016,22100,Automatic,43283,Diesel,125,58.9,2.0
 1 Series,2017,14950,Manual,54883,Diesel,150,65.7,2.0
 1 Series,2017,21385,Automatic,20194,Petrol,150,47.9,2.0
 1 Series,2017,18785,Manual,31727,Diesel,145,62.8,2.0
 1 Series,2017,14950,Manual,47674,Diesel,145,68.9,2.0
 X1,2012,12350,Automatic,53524,Diesel,165,52.3,2.0
 5 Series,2017,27690,Automatic,28935,Diesel,150,65.7,2.0
 4 Series,2017,21450,Manual,38840,Diesel,125,60.1,2.0
 4 Series,2018,24050,Automatic,21387,Petrol,150,48.7,2.0
 X3,2015,15860,Manual,69197,Diesel,160,52.3,2.0
 X1,2017,21320,Automatic,24852,Diesel,150,65.7,2.0
 3 Series,2016,20540,Automatic,25598,Diesel,150,54.3,3.0
 1 Series,2017,13910,Manual,37487,Diesel,0,78.5,1.5
 3 Series,2016,20280,Automatic,31940,Diesel,30,64.2,2.0
 3 Series,2017,15990,Manual,29783,Petrol,125,52.3,1.5
 3 Series,2015,11310,Manual,71636,Diesel,20,68.9,2.0
 X3,2017,22035,Automatic,51206,Diesel,145,54.3,2.0
 3 Series,2017,19500,Manual,39497,Diesel,30,64.2,2.0
 X1,2018,23270,Automatic,38209,Petrol,150,46.3,1.5
 2 Series,2017,18200,Manual,33859,Diesel,30,64.2,2.0
 1 Series,2016,18070,Automatic,20544,Petrol,125,54.3,1.5
 1 Series,2017,17030,Automatic,55415,Diesel,145,67.3,2.0
 3 Series,2014,11700,Manual,73766,Diesel,30,61.4,2.0
 5 Series,2016,20085,Automatic,39995,Diesel,125,60.1,2.0
 3 Series,2017,23010,Automatic,22457,Diesel,160,49.6,3.0
 1 Series,2016,14690,Manual,33725,Diesel,0,83.1,1.5
 X3,2016,25935,Automatic,33309,Diesel,145,54.3,2.0
 3 Series,2017,17290,Manual,20983,Petrol,145,52.3,1.5
 3 Series,2017,19500,Automatic,14173,Petrol,145,54.3,1.5
 3 Series,2014,12999,Manual,59776,Petrol,165,44.8,2.0
 1 Series,2017,16900,Manual,39374,Diesel,145,65.7,2.0
 3 Series,2017,22100,Automatic,23243,Petrol,165,44.8,2.0
 5 Series,2014,16510,Automatic,59239,Diesel,150,55.4,2.0
 3 Series,2017,19760,Automatic,41162,Other,135,148.7,2.0
 X3,2016,24700,Automatic,14739,Diesel,145,54.3,2.0
 X4,2015,29640,Automatic,32101,Diesel,200,47.9,3.0
 3 Series,2017,23920,Automatic,28571,Diesel,145,53.3,3.0
 X3,2013,14950,Automatic,78855,Diesel,160,50.4,2.0
 3 Series,2018,21580,Automatic,36287,Petrol,145,48.7,2.0
 3 Series,2017,13780,Manual,65213,Petrol,125,52.3,1.5
 3 Series,2017,27300,Automatic,21877,Diesel,150,51.4,3.0
 5 Series,2016,20735,Automatic,33472,Diesel,30,62.8,2.0
 X3,2017,25285,Automatic,17504,Diesel,145,54.3,2.0
 X3,2014,17875,Automatic,70114,Diesel,160,50.4,2.0
 3 Series,2017,15470,Manual,45616,Diesel,20,68.9,2.0
 1 Series,2017,14950,Manual,23787,Diesel,0,83.1,1.5
 4 Series,2015,18200,Automatic,76660,Diesel,125,57.6,2.0
 i3,2016,22100,Automatic,41063,Other,0,470.8,0.6
 4 Series,2016,23335,Automatic,34938,Petrol,160,45.6,2.0
 4 Series,2013,19760,Automatic,34704,Petrol,160,44.1,2.0
 5 Series,2016,16900,Automatic,57784,Diesel,20,68.9,2.0
 4 Series,2016,15080,Automatic,89849,Diesel,20,70.6,2.0
 1 Series,2016,14950,Manual,27848,Petrol,125,53.3,1.5
 X1,2017,21450,Manual,21600,Diesel,145,68.9,2.0
 4 Series,2014,20930,Automatic,62768,Petrol,235,38.2,3.0
 4 Series,2018,23270,Automatic,9482,Petrol,145,48.7,2.0
 X4,2015,25350,Automatic,51532,Diesel,145,54.3,2.0
 1 Series,2018,18720,Automatic,9086,Petrol,145,37.2,1.5
 3 Series,2017,27820,Automatic,22865,Diesel,145,49.6,3.0
 1 Series,2017,18850,Manual,25510,Diesel,30,62.8,2.0
 X6,2013,20540,Automatic,77014,Diesel,300,38.2,3.0
 3 Series,2018,22750,Automatic,19662,Diesel,145,64.2,2.0
 3 Series,2017,14690,Automatic,83055,Petrol,125,51.4,1.5
 1 Series,2016,15990,Manual,28072,Diesel,30,65.7,2.0
 2 Series,2017,17810,Automatic,20996,Diesel,20,68.9,2.0
 1 Series,2018,26780,Automatic,32383,Petrol,145,32.5,3.0
 3 Series,2019,51467,Automatic,8426,Petrol,145,34.9,3.0
 X3,2017,25350,Manual,30483,Diesel,160,52.3,2.0
 M6,2014,37700,Automatic,34000,Petrol,565,28.5,4.4
 3 Series,2017,25480,Automatic,28140,Diesel,160,51.4,3.0
 5 Series,2016,19500,Automatic,49313,Diesel,125,60.1,2.0
 3 Series,2017,19890,Automatic,39428,Other,0,148.7,2.0
 X1,2017,23400,Automatic,22461,Diesel,145,65.7,2.0
 X5,2014,23920,Automatic,59307,Diesel,160,50.4,2.0
 X1,2016,17875,Manual,32776,Diesel,20,68.9,2.0
 1 Series,2016,13390,Manual,45820,Petrol,125,53.3,1.5
 5 Series,2015,15860,Automatic,86151,Diesel,145,53.3,3.0
 1 Series,2017,14300,Manual,47747,Diesel,20,68.9,2.0
 4 Series,2017,22230,Automatic,18295,Petrol,145,48.7,2.0
 1 Series,2016,17810,Automatic,22322,Petrol,30,55.5,1.5
 3 Series,2017,17030,Manual,32903,Petrol,145,48.7,2.0
 1 Series,2016,15860,Manual,32268,Petrol,125,52.3,1.5
 3 Series,2016,19500,Manual,27663,Diesel,30,64.2,2.0
 X5,2013,23920,Automatic,42815,Diesel,300,37.7,3.0
 5 Series,2006,5577,Automatic,97000,Petrol,565,29.7,2.5
 3 Series,2014,15444,Automatic,28000,Diesel,30,62.8,2.0
 4 Series,2014,16874,Automatic,82000,Diesel,160,52.3,3.0
 X3,2014,17940,Automatic,76748,Diesel,145,54.3,2.0
 X3,2016,18330,Automatic,74659,Diesel,145,54.3,2.0
 5 Series,2017,24570,Automatic,62352,Diesel,145,65.7,2.0
 X3,2017,25740,Automatic,44132,Diesel,145,54.3,2.0
 1 Series,2017,13780,Manual,50927,Diesel,145,72.4,1.5
 X4,2017,31330,Automatic,44397,Diesel,200,47.1,3.0
 4 Series,2018,20930,Automatic,48052,Petrol,145,48.7,2.0
 5 Series,2015,15080,Automatic,45065,Diesel,20,68.9,2.0
 X4,2016,29575,Automatic,24881,Diesel,145,54.3,2.0
 1 Series,2016,13910,Manual,33489,Diesel,0,83.1,1.5
 X5,2016,41327,Automatic,35499,Diesel,200,47.1,3.0
 3 Series,2014,16107,Manual,63728,Diesel,125,58.9,2.0
 1 Series,2016,20007,Automatic,14072,Diesel,20,68.9,1.5
 4 Series,2017,24427,Automatic,36207,Diesel,145,65.7,2.0
 X1,2016,23400,Automatic,36721,Diesel,125,57.6,2.0
 M4,2017,37167,Automatic,52911,Petrol,300,34.0,3.0
 3 Series,2017,34567,Automatic,21337,Diesel,200,49.6,3.0
 1 Series,2016,13000,Manual,29246,Petrol,125,53.3,1.5
 1 Series,2017,14690,Manual,44210,Diesel,145,68.9,2.0
 1 Series,2017,16380,Manual,32363,Diesel,20,70.6,1.5
 5 Series,2015,12220,Manual,85725,Diesel,30,65.7,2.0
 3 Series,2013,11960,Manual,88592,Diesel,125,58.9,2.0
 1 Series,2016,13130,Manual,44028,Diesel,20,72.4,1.5
 1 Series,2017,14690,Manual,41462,Diesel,20,68.9,2.0
 5 Series,2014,17940,Automatic,69722,Diesel,160,51.4,3.0
 2 Series,2015,22724,Manual,13000,Petrol,300,34.9,3.0
 2 Series,2015,19318,Automatic,26000,Petrol,160,47.1,2.0
 4 Series,2015,19487,Automatic,35000,Diesel,30,65.7,2.0
 3 Series,2013,11674,Automatic,102000,Diesel,30,62.8,2.0
 X6,2011,17472,Automatic,96000,Diesel,300,37.7,3.0
 1 Series,2017,20280,Automatic,29019,Diesel,145,65.7,2.0
 1 Series,2013,9490,Manual,67444,Petrol,145,50.4,1.6
 1 Series,2017,17290,Automatic,25933,Diesel,20,72.4,1.5
 3 Series,2016,17940,Automatic,55100,Diesel,145,54.3,3.0
 1 Series,2015,11310,Manual,61959,Diesel,20,68.9,2.0
 3 Series,2016,19500,Automatic,53745,Diesel,145,54.3,3.0
 X1,2018,28600,Automatic,20017,Petrol,145,44.8,2.0
 3 Series,2013,11635,Manual,96308,Diesel,125,60.1,2.0
 3 Series,2017,17875,Automatic,33131,Petrol,125,54.3,1.5
 2 Series,2017,19760,Automatic,23610,Petrol,150,51.4,1.5
 1 Series,2017,15730,Manual,36642,Diesel,150,68.9,2.0
 3 Series,2016,16055,Automatic,59434,Diesel,20,70.6,2.0
 3 Series,2016,17550,Manual,45799,Diesel,30,64.2,2.0
 1 Series,2014,12999,Automatic,42927,Petrol,150,48.7,1.6
 1 Series,2017,15600,Manual,37842,Diesel,145,68.9,2.0
 3 Series,2017,17420,Manual,36504,Diesel,30,67.3,2.0
 3 Series,2017,19500,Automatic,36226,Other,140,148.7,2.0
 X3,2016,21840,Automatic,43956,Diesel,145,54.3,2.0
 3 Series,2017,20020,Manual,22712,Diesel,30,64.2,2.0
 5 Series,2017,31460,Automatic,21236,Diesel,145,60.1,3.0
 4 Series,2016,15860,Automatic,77969,Diesel,20,70.6,2.0
 5 Series,2012,13975,Automatic,53632,Diesel,125,57.6,2.0
 5 Series,2016,19500,Automatic,55120,Diesel,30,62.8,2.0
 4 Series,2018,22750,Automatic,50159,Petrol,150,48.7,2.0
 1 Series,2018,20475,Automatic,8404,Petrol,150,37.2,1.5
 X1,2017,21970,Automatic,48364,Diesel,150,55.4,2.0
 3 Series,2013,11960,Manual,50139,Diesel,30,62.8,2.0
 X1,2016,14300,Manual,88387,Diesel,20,68.9,2.0
 X1,2018,29250,Automatic,19063,Petrol,145,44.8,2.0
 1 Series,2015,9750,Manual,81750,Diesel,0,74.3,1.6
 3 Series,2016,16835,Manual,33301,Petrol,145,49.6,1.5
 3 Series,2015,18850,Automatic,27152,Diesel,125,58.9,2.0
 X3,2015,20085,Automatic,42437,Diesel,145,54.3,2.0
 1 Series,2018,19500,Automatic,8303,Petrol,145,37.2,1.5
 X3,2016,23985,Automatic,25752,Diesel,145,54.3,2.0
 3 Series,2016,18200,Automatic,91707,Diesel,150,53.3,3.0
 X1,2016,22750,Automatic,17151,Diesel,30,65.7,2.0
 1 Series,2017,14820,Manual,26505,Diesel,0,83.1,1.5
 2 Series,2016,13000,Manual,37351,Diesel,20,68.9,2.0
 4 Series,2018,27690,Automatic,20024,Petrol,145,45.6,2.0
 5 Series,2016,21970,Automatic,16095,Diesel,30,62.8,2.0
 3 Series,2016,16510,Automatic,40128,Diesel,30,64.2,2.0
 3 Series,2017,13910,Automatic,88227,Petrol,125,54.3,1.5
 5 Series,2017,22035,Automatic,64845,Diesel,150,68.9,2.0
 1 Series,2016,17160,Manual,17705,Petrol,125,52.3,1.5
 6 Series,2017,26650,Automatic,27828,Diesel,200,49.6,3.0
 3 Series,2017,20800,Automatic,47495,Other,135,134.5,2.0
 1 Series,2016,13260,Manual,49199,Diesel,0,83.1,1.5
 X3,2015,27300,Automatic,34835,Diesel,200,47.1,3.0
 3 Series,2017,16380,Manual,44596,Petrol,150,48.7,2.0
 3 Series,2015,15730,Manual,52663,Diesel,30,61.4,2.0
 5 Series,2017,22100,Automatic,24212,Diesel,125,60.1,2.0
 1 Series,2016,15600,Manual,38700,Petrol,125,52.3,1.5
 1 Series,2015,12480,Manual,30755,Diesel,0,83.1,1.5
 1 Series,2017,14300,Manual,30393,Diesel,0,78.5,1.5
 X1,2016,19500,Manual,35746,Diesel,20,68.9,2.0
 3 Series,2015,14690,Automatic,74317,Diesel,150,55.4,2.0
 2 Series,2016,10985,Manual,72422,Diesel,20,68.9,2.0
 X3,2017,27950,Automatic,35902,Diesel,150,54.3,2.0
 2 Series,2016,12740,Manual,56812,Diesel,20,68.9,2.0
 3 Series,2015,14300,Manual,58878,Diesel,20,72.4,2.0
 4 Series,2017,23790,Automatic,23772,Petrol,145,45.6,2.0
 4 Series,2016,20150,Automatic,35376,Diesel,30,65.7,2.0
 X3,2015,21775,Automatic,58802,Diesel,145,54.3,2.0
 2 Series,2017,18850,Automatic,24194,Petrol,145,53.3,1.5
 1 Series,2018,20150,Automatic,9877,Petrol,145,37.2,1.5
 7 Series,2013,18135,Automatic,81035,Diesel,160,50.4,3.0
 3 Series,2017,20150,Manual,32068,Diesel,30,64.2,2.0
 X5,2014,29900,Automatic,56232,Diesel,205,45.6,3.0
 3 Series,2016,13000,Manual,90161,Diesel,30,67.3,2.0
 3 Series,2014,16900,Automatic,37334,Diesel,30,62.8,2.0
 1 Series,2017,15600,Manual,21166,Diesel,150,72.4,1.5
 3 Series,2012,12025,Manual,55810,Petrol,160,44.8,2.0
 X1,2017,20150,Automatic,40243,Diesel,150,60.1,2.0
 2 Series,2017,17030,Automatic,31096,Diesel,150,68.9,2.0
 3 Series,2017,20670,Automatic,68875,Other,140,134.5,2.0
 X1,2013,11375,Manual,72565,Diesel,125,57.6,2.0
 1 Series,2016,16900,Manual,32325,Diesel,30,62.8,2.0
 X5,2019,56550,Automatic,15753,Petrol,145,27.2,3.0
 X3,2016,20800,Automatic,80895,Diesel,145,54.3,2.0
 5 Series,2016,16250,Automatic,57232,Diesel,20,68.9,2.0
 X1,2017,17550,Manual,38310,Diesel,20,68.9,2.0
 2 Series,2015,16120,Automatic,20452,Diesel,20,68.9,2.0
 4 Series,2016,18200,Manual,19415,Diesel,30,65.7,2.0
 3 Series,2016,16120,Manual,33270,Petrol,150,48.7,2.0
 1 Series,2016,14300,Manual,36615,Petrol,125,53.3,1.5
 X3,2013,16900,Automatic,63023,Diesel,165,50.4,2.0
 3 Series,2016,16640,Automatic,58174,Diesel,30,67.3,2.0
 3 Series,2016,13845,Manual,88378,Diesel,30,68.9,2.0
 4 Series,2016,20020,Automatic,57991,Diesel,30,65.7,2.0
 3 Series,2015,20150,Automatic,61980,Diesel,125,57.6,2.0
 1 Series,2016,13325,Manual,68332,Diesel,20,68.9,2.0
 1 Series,2016,19500,Automatic,16426,Diesel,30,62.8,2.0
 5 Series,2013,14105,Automatic,76541,Diesel,150,55.4,2.0
 1 Series,2016,16185,Automatic,34922,Diesel,20,70.6,2.0
 1 Series,2018,27040,Automatic,20819,Petrol,150,39.8,3.0
 X1,2016,19240,Automatic,62562,Diesel,30,65.7,2.0
 3 Series,2016,12220,Manual,82156,Petrol,125,52.3,1.5
 3 Series,2017,18850,Manual,33600,Diesel,30,64.2,2.0
 2 Series,2016,16510,Manual,30183,Diesel,30,65.7,2.0
 2 Series,2016,16640,Manual,48551,Petrol,145,47.1,1.5
 5 Series,2016,20800,Automatic,33527,Diesel,30,62.8,2.0
 X6,2014,23400,Automatic,34990,Diesel,305,38.2,3.0
 4 Series,2015,17550,Automatic,92236,Diesel,150,51.4,3.0
 1 Series,2016,16250,Automatic,32734,Diesel,20,70.6,2.0
 1 Series,2016,15405,Manual,19259,Petrol,125,53.3,1.5
 5 Series,2016,20605,Automatic,27710,Diesel,30,62.8,2.0
 X4,2015,26325,Automatic,54116,Diesel,205,47.9,3.0
 1 Series,2017,20800,Automatic,31834,Diesel,125,60.1,2.0
 X1,2017,19760,Automatic,34525,Diesel,30,65.7,2.0
 X1,2017,18200,Manual,24690,Diesel,20,68.9,2.0
 X1,2017,19500,Automatic,37869,Diesel,30,65.7,2.0
 3 Series,2014,11440,Manual,84392,Diesel,30,62.8,2.0
 X1,2016,19435,Manual,35481,Diesel,20,68.9,2.0
 3 Series,2018,22750,Automatic,23449,Diesel,145,64.2,2.0
 1 Series,2017,13520,Manual,46130,Diesel,0,78.5,1.5
 5 Series,2016,21775,Automatic,32344,Diesel,125,60.1,2.0
 3 Series,2017,16575,Manual,45462,Diesel,145,67.3,2.0
 1 Series,2016,14040,Manual,27920,Petrol,125,53.3,1.5
 X1,2017,22100,Automatic,41890,Diesel,145,65.7,2.0
 X3,2018,31720,Automatic,30847,Diesel,145,54.3,2.0
 3 Series,2014,11570,Automatic,79809,Diesel,20,68.9,2.0
 X1,2017,18330,Manual,46134,Diesel,150,68.9,2.0
 1 Series,2017,11050,Manual,85940,Diesel,0,83.1,1.5
 X3,2016,21970,Automatic,64833,Diesel,145,54.3,2.0
 1 Series,2017,17810,Automatic,8946,Diesel,145,70.6,2.0
 3 Series,2017,17550,Automatic,52872,Diesel,150,74.3,2.0
 3 Series,2012,10985,Manual,79480,Diesel,125,58.9,2.0
 3 Series,2017,20800,Manual,34098,Diesel,145,64.2,2.0
 X1,2017,24050,Automatic,25683,Diesel,150,57.6,2.0
 X3,2017,26780,Automatic,36818,Diesel,145,54.3,2.0
 1 Series,2017,16640,Manual,18825,Petrol,125,53.3,1.5
 1 Series,2015,13650,Manual,36383,Petrol,125,53.3,1.5
 4 Series,2016,23400,Automatic,41838,Diesel,145,54.3,2.0
 5 Series,2017,21905,Automatic,30379,Diesel,125,60.1,2.0
 i3,2017,22880,Automatic,50867,Other,135,470.8,0.6
 3 Series,2017,20800,Automatic,63887,Diesel,125,57.6,2.0
 X3,2017,22750,Automatic,75786,Diesel,145,54.3,2.0
 3 Series,2016,19175,Automatic,64447,Diesel,125,60.1,2.0
 3 Series,2016,20735,Manual,24160,Diesel,125,58.9,2.0
 1 Series,2018,20150,Automatic,8604,Petrol,145,37.2,1.5
 3 Series,2016,20150,Manual,27796,Petrol,205,43.5,2.0
 1 Series,2018,17030,Manual,21076,Petrol,145,47.1,2.0
 1 Series,2017,15340,Manual,37337,Diesel,20,70.6,1.5
 5 Series,2016,16120,Automatic,69736,Diesel,30,62.8,2.0
 1 Series,2018,16510,Manual,21593,Petrol,145,53.3,1.5
 3 Series,2016,18850,Manual,27399,Petrol,145,47.9,2.0
 1 Series,2016,13520,Manual,30902,Diesel,20,72.4,1.5
 3 Series,2016,14820,Automatic,59201,Diesel,20,70.6,2.0
 X1,2017,23530,Automatic,28161,Diesel,125,57.6,2.0
 5 Series,2015,16770,Automatic,60337,Diesel,30,62.8,2.0
 3 Series,2017,20150,Automatic,34298,Diesel,30,64.2,2.0
 3 Series,2016,15860,Automatic,37170,Diesel,30,65.7,2.0
 3 Series,2016,18720,Automatic,19786,Diesel,30,67.3,2.0
 X1,2017,16900,Manual,46912,Diesel,145,68.9,2.0
 3 Series,2016,19500,Automatic,66173,Diesel,125,60.1,2.0
 3 Series,2015,14950,Automatic,86731,Diesel,145,55.4,2.0
 3 Series,2017,22230,Automatic,44255,Diesel,145,54.3,3.0
 X3,2016,23400,Automatic,37075,Diesel,200,47.9,3.0
 3 Series,2017,20800,Automatic,35134,Diesel,145,64.2,2.0
 6 Series,2014,21450,Automatic,67476,Diesel,160,49.6,3.0
 3 Series,2017,17420,Automatic,49373,Diesel,145,70.6,2.0
 1 Series,2015,16770,Automatic,33449,Diesel,20,68.9,1.5
 1 Series,2016,15080,Manual,9803,Petrol,125,53.3,1.5
 1 Series,2017,13910,Manual,38664,Diesel,0,83.1,1.5
 1 Series,2016,14040,Manual,31469,Diesel,20,68.9,2.0
 1 Series,2017,14170,Manual,36811,Diesel,20,72.4,1.5
 1 Series,2017,16640,Manual,40160,Diesel,30,62.8,2.0
 1 Series,2015,13780,Manual,25997,Diesel,20,68.9,2.0
 X1,2016,20540,Automatic,22177,Diesel,125,60.1,2.0
 5 Series,2015,13975,Manual,68310,Diesel,30,65.7,2.0
 X1,2017,24310,Automatic,18404,Diesel,145,60.1,2.0
 3 Series,2016,14560,Manual,39313,Diesel,30,62.8,2.0
 5 Series,2016,16640,Automatic,57790,Diesel,30,65.7,2.0
 5 Series,2017,20150,Automatic,39773,Diesel,125,60.1,2.0
 1 Series,2016,18070,Manual,8411,Diesel,30,65.7,2.0
 3 Series,2016,19110,Automatic,42043,Diesel,125,60.1,2.0
 3 Series,2019,27625,Automatic,10206,Petrol,145,47.9,2.0
 2 Series,2017,18200,Automatic,17740,Diesel,150,68.9,2.0
 1 Series,2016,14170,Manual,29733,Petrol,125,53.3,1.5
 5 Series,2016,24050,Automatic,37933,Diesel,165,50.4,3.0
 1 Series,2014,12480,Automatic,29432,Diesel,20,68.9,2.0
 4 Series,2017,25740,Automatic,27846,Diesel,160,49.6,3.0
 X1,2016,18720,Manual,41694,Diesel,125,60.1,2.0
 X3,2016,23400,Automatic,43211,Diesel,200,47.9,3.0
 X1,2016,17420,Manual,29541,Diesel,125,60.1,2.0
 3 Series,2017,22360,Automatic,34544,Diesel,145,56.5,3.0
 3 Series,2017,23790,Automatic,39594,Diesel,160,51.4,3.0
 1 Series,2018,16510,Manual,20758,Petrol,145,53.3,1.5
 1 Series,2017,14040,Manual,60281,Diesel,20,70.6,1.5
 3 Series,2016,17030,Manual,47821,Diesel,30,64.2,2.0
 1 Series,2016,16770,Manual,23533,Diesel,30,65.7,2.0
 5 Series,2018,34385,Automatic,16455,Petrol,145,37.7,2.0
 3 Series,2016,18200,Manual,30937,Diesel,30,64.2,2.0
 X4,2015,26780,Automatic,26928,Diesel,200,47.9,3.0
 2 Series,2016,16900,Manual,25525,Diesel,125,61.4,2.0
 3 Series,2014,14690,Automatic,65423,Diesel,125,58.9,2.0
 4 Series,2017,23400,Automatic,63197,Diesel,160,49.6,3.0
 1 Series,2017,16770,Manual,18942,Petrol,145,53.3,1.5
 X3,2017,26910,Automatic,39809,Diesel,145,54.3,2.0
 X3,2017,24830,Automatic,44585,Diesel,145,54.3,2.0
 X1,2017,20150,Automatic,35451,Diesel,145,65.7,2.0
 X3,2017,28600,Automatic,27385,Diesel,145,54.3,2.0
 1 Series,2018,19500,Automatic,9951,Petrol,145,37.2,1.5
 4 Series,2016,18980,Automatic,30556,Diesel,30,62.8,2.0
 X5,2013,21450,Automatic,59187,Diesel,300,38.2,3.0
 4 Series,2016,17290,Automatic,83359,Diesel,30,65.7,2.0
 3 Series,2013,13650,Manual,78090,Diesel,145,56.5,2.0
 1 Series,2016,19370,Manual,10063,Petrol,145,46.3,2.0
 X1,2017,23140,Automatic,45915,Petrol,165,44.8,2.0
 X1,2017,20670,Automatic,26573,Diesel,150,65.7,2.0
 X1,2016,21385,Automatic,45880,Diesel,30,65.7,2.0
 3 Series,2014,14820,Automatic,74534,Diesel,125,58.9,2.0
 3 Series,2017,18460,Manual,27393,Diesel,30,64.2,2.0
 3 Series,2017,23400,Automatic,41387,Diesel,160,51.4,3.0
 X3,2016,26130,Automatic,36157,Diesel,200,47.9,3.0
 3 Series,2015,15340,Manual,30661,Diesel,30,67.3,2.0
 5 Series,2015,17420,Manual,23932,Diesel,125,60.1,2.0
 3 Series,2016,18590,Manual,27184,Diesel,125,58.9,2.0
 3 Series,2017,16250,Automatic,86735,Diesel,30,64.2,2.0
 3 Series,2015,15990,Manual,46015,Diesel,125,58.9,2.0
 1 Series,2017,14040,Manual,38872,Diesel,145,68.9,2.0
 1 Series,2016,13260,Manual,44384,Diesel,20,68.9,2.0
 1 Series,2016,12350,Manual,45719,Diesel,0,83.1,1.5
 X5,2017,36920,Automatic,35061,Diesel,145,47.1,3.0
 X3,2016,27300,Automatic,24435,Diesel,200,47.9,3.0
 X5,2016,31850,Automatic,57605,Other,0,85.6,2.0
 3 Series,2015,18330,Automatic,62139,Petrol,200,41.5,2.0
 4 Series,2015,16640,Manual,56741,Diesel,30,62.8,2.0
 X3,2016,21970,Automatic,70232,Diesel,200,47.9,3.0
 3 Series,2015,16250,Automatic,47404,Petrol,160,45.6,2.0
 X1,2016,21450,Automatic,15777,Diesel,30,65.7,2.0
 1 Series,2015,14300,Automatic,25345,Petrol,145,48.7,1.6
 5 Series,2019,29900,Automatic,9420,Petrol,145,50.4,2.0
 1 Series,2017,16120,Manual,19454,Diesel,145,72.4,1.5
 1 Series,2016,12350,Manual,59137,Diesel,20,68.9,2.0
 X1,2017,24635,Automatic,19785,Diesel,145,60.1,2.0
 X1,2016,19110,Manual,21876,Diesel,125,60.1,2.0
 5 Series,2014,15470,Automatic,46042,Diesel,20,68.9,2.0
 1 Series,2017,14430,Manual,28507,Diesel,145,72.4,1.5
 X3,2016,23140,Automatic,47452,Diesel,145,54.3,2.0
 3 Series,2017,25350,Automatic,15939,Diesel,145,64.2,2.0
 X3,2013,17030,Automatic,64455,Diesel,160,50.4,2.0
 3 Series,2016,17290,Manual,19655,Petrol,145,48.7,2.0
 1 Series,2016,13455,Manual,31517,Petrol,30,56.5,1.5
 1 Series,2019,23270,Automatic,8285,Petrol,145,36.7,1.5
 5 Series,2016,19825,Automatic,28217,Diesel,30,62.8,2.0
 5 Series,2019,29900,Automatic,11476,Petrol,145,50.4,2.0
 3 Series,2016,18330,Manual,43015,Diesel,145,56.5,2.0
 1 Series,2016,13650,Manual,34775,Petrol,125,53.3,1.5
 X1,2017,24310,Automatic,25227,Petrol,160,44.8,2.0
 X1,2016,18460,Automatic,45356,Diesel,125,60.1,2.0
 3 Series,2016,13780,Automatic,83465,Petrol,125,51.4,2.0
 1 Series,2015,11700,Manual,48746,Diesel,20,72.4,1.5
 3 Series,2015,12350,Automatic,85314,Diesel,20,70.6,2.0
 4 Series,2017,22685,Automatic,25220,Diesel,30,65.7,2.0
 X4,2016,26650,Automatic,42576,Diesel,200,47.9,3.0
 3 Series,2016,21450,Automatic,38438,Other,0,134.5,2.0
 3 Series,2017,22620,Automatic,34437,Diesel,145,56.5,3.0
 1 Series,2017,16120,Manual,11185,Diesel,145,72.4,1.5
 3 Series,2015,16380,Automatic,44621,Diesel,125,58.9,2.0
 1 Series,2017,12480,Manual,58023,Diesel,20,68.9,2.0
 X3,2009,9744,Automatic,95000,Diesel,260,42.2,2.0
 1 Series,2014,21444,Manual,20000,Petrol,280,35.3,3.0
 1 Series,2009,5194,Manual,103000,Petrol,160,46.3,2.0
 3 Series,2010,6494,Manual,119000,Petrol,160,44.8,2.0
 X1,2016,27299,Automatic,8000,Petrol,160,44.8,2.0
 X1,2017,24044,Automatic,8000,Diesel,30,65.7,2.0
 2 Series,2019,25994,Automatic,1000,Petrol,145,50.4,2.0
 3 Series,2016,14944,Automatic,103000,Diesel,30,64.2,2.0
 3 Series,2014,15600,Manual,47318,Diesel,125,58.9,2.0
 3 Series,2016,18850,Manual,25385,Petrol,160,42.2,2.0
 1 Series,2017,14820,Manual,27038,Diesel,145,78.5,1.5
 3 Series,2014,16900,Automatic,36034,Diesel,30,62.8,2.0
 4 Series,2015,22087,Automatic,23000,Diesel,145,56.5,2.0
 1 Series,2018,30549,Automatic,4666,Petrol,145,32.5,3.0
 1 Series,2014,14299,Manual,29824,Petrol,150,48.7,1.6
 3 Series,2016,20137,Automatic,35090,Diesel,30,62.8,2.0
 3 Series,2015,11700,Automatic,89343,Diesel,30,62.8,2.0
 3 Series,2015,15990,Automatic,38998,Diesel,30,62.8,2.0
 3 Series,2016,17875,Manual,59222,Diesel,125,60.1,2.0
 X3,2016,25675,Automatic,35671,Diesel,145,54.3,2.0
 3 Series,2016,15600,Manual,57918,Diesel,125,58.9,2.0
 X4,2017,34320,Automatic,13200,Diesel,145,47.9,3.0
 1 Series,2017,19500,Manual,14526,Petrol,125,52.3,1.5
 2 Series,2016,20794,Automatic,67000,Petrol,160,46.3,2.0
 2 Series,2019,27938,Automatic,10000,Petrol,145,47.9,2.0
 1 Series,2016,17485,Manual,33043,Diesel,30,62.8,2.0
 4 Series,2017,22100,Automatic,61355,Diesel,160,51.4,3.0
 X4,2017,28600,Automatic,58056,Diesel,145,54.3,2.0
 1 Series,2016,13650,Manual,36792,Diesel,20,68.9,2.0
 X1,2017,21450,Automatic,47047,Diesel,145,55.4,2.0
 4 Series,2016,24375,Automatic,26194,Petrol,160,45.6,2.0
 3 Series,2015,15535,Manual,32412,Petrol,125,52.3,1.5
 X1,2016,18460,Manual,45479,Diesel,125,58.9,2.0
 5 Series,2019,28535,Automatic,12541,Petrol,145,50.4,2.0
 2 Series,2016,18844,Automatic,22500,Diesel,30,67.3,2.0
 X6,2016,41600,Automatic,33500,Diesel,240,42.8,3.0
 4 Series,2015,19500,Automatic,39000,Diesel,30,65.7,2.0
 3 Series,2016,32494,Automatic,19500,Petrol,205,40.4,3.0
 3 Series,2017,35094,Automatic,22300,Diesel,205,49.6,3.0
 3 Series,2015,21184,Manual,37500,Petrol,205,42.8,2.0
 3 Series,2015,24694,Automatic,43000,Diesel,160,51.4,3.0
 1 Series,2016,21184,Automatic,36500,Petrol,145,47.9,2.0
 1 Series,2016,19494,Manual,30000,Diesel,30,62.8,2.0
 3 Series,2015,25344,Automatic,36000,Diesel,160,52.3,3.0
 X3,2016,25994,Automatic,41000,Diesel,150,54.3,2.0
 3 Series,2017,32494,Automatic,28000,Diesel,205,49.6,3.0
 4 Series,2017,22100,Automatic,27000,Petrol,150,48.7,2.0
 3 Series,2010,11700,Automatic,59777,Petrol,265,35.8,3.0
 1 Series,2013,11700,Automatic,24000,Petrol,205,40.9,2.0
 3 Series,2017,27300,Automatic,15000,Diesel,145,51.4,3.0
 X6,2014,23400,Automatic,35269,Diesel,300,38.2,3.0
 3 Series,2009,6357,Manual,125000,Petrol,240,39.8,3.0
 1 Series,2018,31850,Automatic,7574,Petrol,145,39.8,3.0
 3 Series,2018,29899,Automatic,8721,Petrol,145,43.5,2.0
 3 Series,2017,21449,Automatic,22248,Diesel,150,64.2,2.0
 2 Series,2019,25999,Manual,313,Petrol,150,39.8,1.5
 3 Series,2020,31069,Automatic,1255,Petrol,150,47.9,2.0
 3 Series,2005,3249,Manual,130000,Petrol,315,31.4,2.5
 X5,2015,34444,Automatic,47000,Diesel,200,47.1,3.0
 X3,2015,22100,Automatic,36275,Diesel,145,54.3,2.0
 1 Series,2016,17680,Automatic,25138,Diesel,20,67.3,2.0
 1 Series,2016,11440,Manual,61786,Diesel,0,83.1,1.5
 3 Series,2017,17420,Automatic,49877,Diesel,145,65.7,2.0
 X1,2017,29250,Automatic,11000,Diesel,150,60.1,2.0
 1 Series,2011,10075,Manual,78889,Diesel,150,55.4,2.0
 1 Series,2010,7787,Manual,69000,Diesel,125,57.6,2.0
 3 Series,2014,18187,Automatic,45000,Diesel,30,62.8,2.0
 M3,2005,14299,Manual,115000,Petrol,315,20.8,3.2
 1 Series,2017,17550,Automatic,47477,Diesel,145,65.7,2.0
 1 Series,2014,11050,Manual,39390,Diesel,30,65.7,2.0
 3 Series,2017,23920,Automatic,27232,Other,135,134.5,2.0
 X1,2015,19370,Automatic,44978,Diesel,125,57.6,2.0
 1 Series,2016,12220,Manual,41103,Diesel,0,83.1,1.5
 5 Series,2018,23010,Automatic,51413,Diesel,145,68.9,2.0
 1 Series,2016,19175,Automatic,29878,Diesel,30,65.7,2.0
 5 Series,2013,16835,Automatic,33279,Diesel,120,60.1,2.0
 2 Series,2014,14287,Manual,57000,Diesel,125,58.9,2.0
 M3,2015,38675,Automatic,42000,Petrol,300,34.0,3.0
 1 Series,2015,9744,Manual,91000,Diesel,0,74.3,1.6
 X1,2010,11694,Automatic,51000,Diesel,200,45.6,2.0
 3 Series,2014,22749,Automatic,48100,Diesel,160,52.3,3.0
 1 Series,2016,14299,Manual,24380,Petrol,125,53.3,1.5
 3 Series,2019,31183,Automatic,1049,Petrol,150,47.9,2.0
 3 Series,2019,30490,Automatic,3551,Petrol,150,47.9,2.0
 3 Series,2019,30679,Automatic,2784,Petrol,145,47.9,2.0
 3 Series,2019,30549,Automatic,5634,Petrol,145,47.9,2.0
 X1,2016,24375,Automatic,13165,Diesel,145,55.4,2.0
 X5,2015,27950,Automatic,80600,Diesel,200,47.1,3.0
 2 Series,2016,19435,Automatic,49756,Diesel,30,62.8,2.0
 1 Series,2016,14300,Manual,44295,Diesel,20,68.9,2.0
 X3,2016,22880,Automatic,43410,Diesel,145,54.3,2.0
 5 Series,2009,7794,Automatic,87000,Diesel,160,50.4,2.0
 1 Series,2012,12994,Manual,47000,Diesel,135,56.5,2.0
 2 Series,2014,20794,Automatic,58000,Petrol,265,37.2,3.0
 3 Series,2013,13384,Automatic,31850,Petrol,145,47.9,1.6
 3 Series,2010,10394,Automatic,41500,Petrol,200,41.5,2.0
 X1,2011,9484,Manual,70760,Diesel,160,49.6,2.0
 3 Series,2013,19435,Automatic,66500,Diesel,160,52.3,3.0
 2 Series,2019,24553,Automatic,13955,Petrol,145,50.4,1.5
 3 Series,2005,7381,Automatic,63000,Diesel,260,42.2,2.0
 3 Series,2012,12999,Automatic,52000,Diesel,160,50.4,2.0
 X3,2014,18720,Automatic,43307,Diesel,145,54.3,2.0
 1 Series,2016,14560,Manual,54008,Diesel,30,62.8,2.0
 1 Series,2016,12480,Manual,65435,Diesel,30,65.7,2.0
 X1,2016,22360,Automatic,34769,Diesel,125,57.6,2.0
 1 Series,2016,11830,Manual,53177,Diesel,0,78.5,1.5
 1 Series,2016,11050,Manual,68810,Diesel,0,83.1,1.5
 1 Series,2016,11830,Manual,54596,Diesel,0,83.1,1.5
 3 Series,2016,23010,Automatic,20670,Other,0,134.5,2.0
 1 Series,2016,11310,Manual,54987,Diesel,0,83.1,1.5
 3 Series,2016,16900,Manual,58727,Diesel,125,60.1,2.0
 X1,2016,17810,Manual,26018,Diesel,20,68.9,2.0
 3 Series,2015,15990,Manual,39347,Diesel,125,60.1,2.0
 7 Series,2008,8424,Automatic,70500,Diesel,325,35.3,3.0
 5 Series,2015,15210,Automatic,106000,Diesel,160,51.4,2.0
 1 Series,2017,13260,Manual,41435,Diesel,0,83.1,1.5
 X1,2017,20670,Automatic,60372,Diesel,125,57.6,2.0
 5 Series,2016,18590,Automatic,67530,Diesel,30,62.8,2.0
 X4,2015,26000,Automatic,44147,Diesel,200,47.9,3.0
 X3,2016,24700,Automatic,40818,Diesel,150,54.3,2.0
 5 Series,2016,18980,Automatic,42947,Diesel,125,60.1,2.0
 3 Series,2017,17030,Manual,25468,Petrol,200,42.8,2.0
 1 Series,2014,12909,Automatic,45000,Diesel,30,64.2,2.0
 X1,2017,20775,Automatic,59432,Diesel,125,57.6,2.0
